reward_today,future_reward,delay,thisN,thisTrialN,thisRepN,key_resp.keys,key_resp.rt,key_resp.duration,trials.thisRepN,trials.thisTrialN,trials.thisN,trials.thisIndex,thisRow.t,notes,trial.started,Fixation.started,text.started,key_resp.started,Fixation.stopped,trial.stopped,trials.key_resp.keys,trials.key_resp.rt,trials.key_resp.duration,participant,session,date,expName,expVersion,psychopyVersion,frameRate,expStart,
24,47,31,0,0,0,l,3.1578721259720623,None,0,0,0,42,0.10603583394549787,,0.098148874938488,0.10603583394549787,1.0031929169781506,1.0031929169781506,1.0996976669412106,4.482658124994487,l,3.1578721259720623,None,002,001,2025-10-29_13h31.14.030,Delay discounting ,,2025.1.1,118.50564354797649,2025-10-29 13h31.26.759436 +0530,
11,30,7,1,1,0,l,1.6347296258900315,None,0,1,1,0,4.5037100000772625,,4.487102709012106,4.5037100000772625,5.474388292059302,5.474388292059302,5.499761209124699,7.117775209015235,l,1.6347296258900315,None,002,001,2025-10-29_13h31.14.030,Delay discounting ,,2025.1.1,118.50564354797649,2025-10-29 13h31.26.759436 +0530,
38,50,59,2,2,0,t,3.935760417021811,None,0,2,2,21,7.151502042077482,,7.12817187490873,7.151502042077482,8.115522749954835,8.115522749954835,8.149604917038232,12.057397209107876,t,3.935760417021811,None,002,001,2025-10-29_13h31.14.030,Delay discounting ,,2025.1.1,118.50564354797649,2025-10-29 13h31.26.759436 +0530,
60,71,20,3,3,0,l,1.3844434171915054,None,0,3,3,27,12.073912000050768,,12.065152958966792,12.073912000050768,13.057703209109604,13.057703209109604,13.06605041702278,14.45116312499158,l,1.3844434171915054,None,002,001,2025-10-29_13h31.14.030,Delay discounting ,,2025.1.1,118.50564354797649,2025-10-29 13h31.26.759436 +0530,
26,44,98,4,4,0,t,1.24913400108926,None,0,4,4,8,14.467655791901052,,14.457558959024027,14.467655791901052,15.442115375073627,15.442115375073627,15.466623625019565,16.701986792031676,t,1.24913400108926,None,002,001,2025-10-29_13h31.14.030,Delay discounting ,,2025.1.1,118.50564354797649,2025-10-29 13h31.26.759436 +0530,
64,77,72,5,5,0,t,1.607385457959026,None,0,5,5,69,16.71801554202102,,16.708542792126536,16.71801554202102,17.699837459018454,17.699837459018454,17.716926167020574,19.317325625102967,t,1.607385457959026,None,002,001,2025-10-29_13h31.14.030,Delay discounting ,,2025.1.1,118.50564354797649,2025-10-29 13h31.26.759436 +0530,
61,77,48,6,6,0,t,1.6932482079137117,None,0,6,6,99,19.32978374999948,,19.32178316707723,19.32978374999948,20.307959666941315,20.307959666941315,20.322176167042926,22.008403999963775,t,1.6932482079137117,None,002,001,2025-10-29_13h31.14.030,Delay discounting ,,2025.1.1,118.50564354797649,2025-10-29 13h31.26.759436 +0530,
30,38,7,7,7,0,l,0.7549584170337766,None,0,7,7,46,22.024153500096872,,22.015243083937094,22.024153500096872,22.99929316691123,22.99929316691123,23.023103417130187,23.758436874952167,l,0.7549584170337766,None,002,001,2025-10-29_13h31.14.030,Delay discounting ,,2025.1.1,118.50564354797649,2025-10-29 13h31.26.759436 +0530,
53,78,67,8,8,0,l,6.241870582802221,None,0,8,8,25,23.77374695893377,,23.76542808394879,23.77374695893377,24.75712308404036,24.75712308404036,24.766243333928287,31.002044042106718,l,6.241870582802221,None,002,001,2025-10-29_13h31.14.030,Delay discounting ,,2025.1.1,118.50564354797649,2025-10-29 13h31.26.759436 +0530,
43,55,99,9,9,0,t,2.208051751134917,None,0,9,9,75,31.019141749944538,,31.00916908401996,31.019141749944538,31.999782459111884,31.999782459111884,32.01708162506111,34.219217624980956,t,2.208051751134917,None,002,001,2025-10-29_13h31.14.030,Delay discounting ,,2025.1.1,118.50564354797649,2025-10-29 13h31.26.759436 +0530,
78,80,162,10,10,0,t,0.5828367918729782,None,0,10,10,6,34.23604795895517,,34.22664749994874,34.23604795895517,35.21629766700789,35.21629766700789,35.23361833393574,35.80221049999818,t,0.5828367918729782,None,002,001,2025-10-29_13h31.14.030,Delay discounting ,,2025.1.1,118.50564354797649,2025-10-29 13h31.26.759436 +0530,
43,83,48,11,11,0,l,2.0059853338170797,None,0,11,11,60,35.818964834092185,,35.80957137490623,35.818964834092185,36.80001454195008,36.80001454195008,36.816308750072494,38.80804108409211,l,2.0059853338170797,None,002,001,2025-10-29_13h31.14.030,Delay discounting ,,2025.1.1,118.50564354797649,2025-10-29 13h31.26.759436 +0530,
67,75,119,12,12,0,t,2.184220624854788,None,0,12,12,5,38.82345212507062,,38.81432258407585,38.82345212507062,39.799884374951944,39.799884374951944,39.81759124994278,41.99549562507309,t,2.184220624854788,None,002,001,2025-10-29_13h31.14.030,Delay discounting ,,2025.1.1,118.50564354797649,2025-10-29 13h31.26.759436 +0530,
36,62,21,13,13,0,l,0.9779277080669999,None,0,13,13,91,42.00686708395369,,42.00086912512779,42.00686708395369,42.991100459126756,42.991100459126756,43.00125704193488,43.97565954201855,l,0.9779277080669999,None,002,001,2025-10-29_13h31.14.030,Delay discounting ,,2025.1.1,118.50564354797649,2025-10-29 13h31.26.759436 +0530,
36,62,33,14,14,0,l,2.951262667076662,None,0,14,14,98,43.99085495900363,,43.982503209030256,43.99085495900363,44.974809542065486,44.974809542065486,44.983257666928694,47.93607395910658,l,2.951262667076662,None,002,001,2025-10-29_13h31.14.030,Delay discounting ,,2025.1.1,118.50564354797649,2025-10-29 13h31.26.759436 +0530,
79,90,70,15,15,0,t,2.9908032089006156,None,0,15,15,9,47.95249491697177,,47.94285691692494,47.95249491697177,48.934348250040784,48.934348250040784,48.950410458957776,51.93600012501702,t,2.9908032089006156,None,002,001,2025-10-29_13h31.14.030,Delay discounting ,,2025.1.1,118.50564354797649,2025-10-29 13h31.26.759436 +0530,
21,32,16,16,16,0,t,3.2415890840347856,None,0,16,16,12,51.95202312502079,,51.94222104200162,51.95202312502079,52.93379562511109,52.93379562511109,52.95052900002338,56.18557525007054,t,3.2415890840347856,None,002,001,2025-10-29_13h31.14.030,Delay discounting ,,2025.1.1,118.50564354797649,2025-10-29 13h31.26.759436 +0530,
41,82,73,17,17,0,t,2.0801427920814604,None,0,17,17,14,56.2017428339459,,56.19234354211949,56.2017428339459,57.183571124915034,57.183571124915034,57.201820499962196,59.27008345909417,t,2.0801427920814604,None,002,001,2025-10-29_13h31.14.030,Delay discounting ,,2025.1.1,118.50564354797649,2025-10-29 13h31.26.759436 +0530,
52,80,57,18,18,0,t,0.5762596668209881,None,0,18,18,38,59.28661879198626,,59.27757358411327,59.28661879198626,60.267205209005624,60.267205209005624,60.28518008394167,60.8529897921253,t,0.5762596668209881,None,002,001,2025-10-29_13h31.14.030,Delay discounting ,,2025.1.1,118.50564354797649,2025-10-29 13h31.26.759436 +0530,
43,64,14,19,19,0,t,2.051999167073518,None,0,19,19,90,60.87039966695011,,60.861220750026405,60.87039966695011,61.850436500040814,61.850436500040814,61.868355334037915,63.909105625003576,t,2.051999167073518,None,002,001,2025-10-29_13h31.14.030,Delay discounting ,,2025.1.1,118.50564354797649,2025-10-29 13h31.26.759436 +0530,
28,53,89,20,20,0,t,2.5178732508793473,None,0,20,20,74,63.924258375074714,,63.915814334061,63.924258375074714,64.90064375009388,64.90064375009388,64.91869774996303,67.4199348341208,t,2.5178732508793473,None,002,001,2025-10-29_13h31.14.030,Delay discounting ,,2025.1.1,118.50564354797649,2025-10-29 13h31.26.759436 +0530,
40,73,54,21,21,0,t,3.0927937920205295,None,0,21,21,65,67.43572079204023,,67.42574237496592,67.43572079204023,68.41776083409786,68.41776083409786,68.43445254210383,71.52056400012225,t,3.0927937920205295,None,002,001,2025-10-29_13h31.14.030,Delay discounting ,,2025.1.1,118.50564354797649,2025-10-29 13h31.26.759436 +0530,
45,58,18,22,22,0,l,0.7326332509983331,None,0,22,22,78,71.53783879196271,,71.52810187498108,71.53783879196271,72.5179995840881,72.5179995840881,72.5344137090724,73.2531176249031,l,0.7326332509983331,None,002,001,2025-10-29_13h31.14.030,Delay discounting ,,2025.1.1,118.50564354797649,2025-10-29 13h31.26.759436 +0530,
27,41,67,23,23,0,t,0.8156530011910945,None,0,23,23,96,73.26908404193819,,73.25943366694264,73.26908404193819,74.25113749993034,74.25113749993034,74.26897408394143,75.06989687494934,t,0.8156530011910945,None,002,001,2025-10-29_13h31.14.030,Delay discounting ,,2025.1.1,118.50564354797649,2025-10-29 13h31.26.759436 +0530,
42,73,1,24,24,0,l,0.5630022920668125,None,0,24,24,51,75.0863810419105,,75.07714562490582,75.0863810419105,76.06879404210486,76.06879404210486,76.07578141707927,76.63645979203284,l,0.5630022920668125,None,002,001,2025-10-29_13h31.14.030,Delay discounting ,,2025.1.1,118.50564354797649,2025-10-29 13h31.26.759436 +0530,
47,67,80,25,25,0,t,1.4500815828796476,None,0,25,25,17,76.65207975008525,,76.6427822499536,76.65207975008525,77.6276737919543,77.6276737919543,77.64118195907213,79.08633295912296,t,1.4500815828796476,None,002,001,2025-10-29_13h31.14.030,Delay discounting ,,2025.1.1,118.50564354797649,2025-10-29 13h31.26.759436 +0530,
24,36,89,26,26,0,t,0.6392697510309517,None,0,26,26,39,79.10239550005645,,79.09278229204938,79.10239550005645,80.0767737920396,80.0767737920396,80.10209187492728,80.71984625002369,t,0.6392697510309517,None,002,001,2025-10-29_13h31.14.030,Delay discounting ,,2025.1.1,118.50564354797649,2025-10-29 13h31.26.759436 +0530,
23,38,80,27,27,0,t,0.4492017920129001,None,0,27,27,83,80.73532254202291,,80.72588512510993,80.73532254202291,81.71777270897292,81.71777270897292,81.72435208410025,82.17018466698937,t,0.4492017920129001,None,002,001,2025-10-29_13h31.14.030,Delay discounting ,,2025.1.1,118.50564354797649,2025-10-29 13h31.26.759436 +0530,
36,50,86,28,28,0,t,0.561934000113979,None,0,28,28,10,82.18702258402482,,82.17716050008312,82.18702258402482,83.1678645000793,83.1678645000793,83.18501216708682,83.73717587511055,t,0.561934000113979,None,002,001,2025-10-29_13h31.14.030,Delay discounting ,,2025.1.1,118.50564354797649,2025-10-29 13h31.26.759436 +0530,
31,37,48,29,29,0,t,1.622359916800633,None,0,29,29,52,83.75312054203823,,83.74380791699514,83.75312054203823,84.73453583405353,84.73453583405353,84.75240783393383,86.36002820893191,t,1.622359916800633,None,002,001,2025-10-29_13h31.14.030,Delay discounting ,,2025.1.1,118.50564354797649,2025-10-29 13h31.26.759436 +0530,
38,74,66,30,30,0,t,1.7946359999477863,None,0,30,30,80,86.37539487495087,,86.36731066694483,86.37539487495087,87.35129695897922,87.35129695897922,87.36928987503052,89.15443312493153,t,1.7946359999477863,None,002,001,2025-10-29_13h31.14.030,Delay discounting ,,2025.1.1,118.50564354797649,2025-10-29 13h31.26.759436 +0530,
58,88,19,31,31,0,l,1.8212953337933868,None,0,31,31,26,89.1704183339607,,89.16089195897803,89.1704183339607,90.15169741702266,90.15169741702266,90.16932516708039,91.97690420900472,l,1.8212953337933868,None,002,001,2025-10-29_13h31.14.030,Delay discounting ,,2025.1.1,118.50564354797649,2025-10-29 13h31.26.759436 +0530,
24,33,9,32,32,0,l,0.7974200830794871,None,0,32,32,57,91.99341279198416,,91.98427112493664,91.99341279198416,92.97763745905831,92.97763745905831,92.98566437512636,93.7765391250141,l,0.7974200830794871,None,002,001,2025-10-29_13h31.14.030,Delay discounting ,,2025.1.1,118.50564354797649,2025-10-29 13h31.26.759436 +0530,
15,30,61,33,33,0,l,3.1275600001681596,None,0,33,33,84,93.79145954200067,,93.78270054212771,93.79145954200067,94.77639200002886,94.77639200002886,94.78523104195483,97.91973562492058,l,3.1275600001681596,None,002,001,2025-10-29_13h31.14.030,Delay discounting ,,2025.1.1,118.50564354797649,2025-10-29 13h31.26.759436 +0530,
19,32,92,34,34,0,t,1.8992657091002911,None,0,34,34,37,97.93563687498681,,97.92266208399087,97.93563687498681,98.90983245894313,98.90983245894313,98.92437774990685,100.8210319171194,t,1.8992657091002911,None,002,001,2025-10-29_13h31.14.030,Delay discounting ,,2025.1.1,118.50564354797649,2025-10-29 13h31.26.759436 +0530,
33,59,70,35,35,0,t,0.9366220419760793,None,0,35,35,16,100.83707741694525,,100.82769754203036,100.83707741694525,101.81853691698052,101.81853691698052,101.83638733392581,102.76031666691415,t,0.9366220419760793,None,002,001,2025-10-29_13h31.14.030,Delay discounting ,,2025.1.1,118.50564354797649,2025-10-29 13h31.26.759436 +0530,
33,40,33,36,36,0,t,2.5147915000561625,None,0,36,36,87,102.77634891704656,,102.76764883403666,102.77634891704656,103.76038920902647,103.76038920902647,103.76861141691916,106.27789500006475,t,2.5147915000561625,None,002,001,2025-10-29_13h31.14.030,Delay discounting ,,2025.1.1,118.50564354797649,2025-10-29 13h31.26.759436 +0530,
49,89,42,37,37,0,l,2.622360876062885,None,0,37,37,44,106.29279058403336,,106.28449558396824,106.29279058403336,107.27813783404417,107.27813783404417,107.2855977921281,109.90423670900054,l,2.622360876062885,None,002,001,2025-10-29_13h31.14.030,Delay discounting ,,2025.1.1,118.50564354797649,2025-10-29 13h31.26.759436 +0530,
37,62,36,38,38,0,l,1.6358932920265943,None,0,38,38,22,109.9205791670829,,109.91083183395676,109.9205791670829,110.90239941701293,110.90239941701293,110.91998116695322,112.54413495911285,l,1.6358932920265943,None,002,001,2025-10-29_13h31.14.030,Delay discounting ,,2025.1.1,118.50564354797649,2025-10-29 13h31.26.759436 +0530,
27,51,97,39,39,0,t,1.8747387500479817,None,0,39,39,13,112.55876358412206,,112.55005941702984,112.55876358412206,113.5355347499717,113.5355347499717,113.55346175003797,115.42137166694738,t,1.8747387500479817,None,002,001,2025-10-29_13h31.14.030,Delay discounting ,,2025.1.1,118.50564354797649,2025-10-29 13h31.26.759436 +0530,
40,55,62,40,40,0,t,1.7561785839498043,None,0,40,40,3,115.43857687502168,,115.42924216692336,115.43857687502168,116.41927195899189,116.41927195899189,116.4368404999841,118.17802987503819,t,1.7561785839498043,None,002,001,2025-10-29_13h31.14.030,Delay discounting ,,2025.1.1,118.50564354797649,2025-10-29 13h31.26.759436 +0530,
17,31,93,41,41,0,t,1.3353829169645905,None,0,41,41,18,118.19387054210529,,118.18518154206686,118.19387054210529,119.17803608393297,119.17803608393297,119.185650333995,120.52183587499894,t,1.3353829169645905,None,002,001,2025-10-29_13h31.14.030,Delay discounting ,,2025.1.1,118.50564354797649,2025-10-29 13h31.26.759436 +0530,
28,36,7,42,42,0,l,1.0750354998745024,None,0,42,42,95,120.53892070893198,,120.52999820909463,120.53892070893198,121.51935791689903,121.51935791689903,121.53696358390152,122.60516454209574,l,1.0750354998745024,None,002,001,2025-10-29_13h31.14.030,Delay discounting ,,2025.1.1,118.50564354797649,2025-10-29 13h31.26.759436 +0530,
28,44,71,43,43,0,t,1.119681291980669,None,0,43,43,29,122.62071720906533,,122.61137554212473,122.62071720906533,123.60291204205714,123.60291204205714,123.61922762496397,124.72780437511392,t,1.119681291980669,None,002,001,2025-10-29_13h31.14.030,Delay discounting ,,2025.1.1,118.50564354797649,2025-10-29 13h31.26.759436 +0530,
65,79,32,44,44,0,l,2.272200917126611,None,0,44,44,56,124.74268570891581,,124.7344039590098,124.74268570891581,125.71925124991685,125.71925124991685,125.73711133399047,127.99548316700384,l,2.272200917126611,None,002,001,2025-10-29_13h31.14.030,Delay discounting ,,2025.1.1,118.50564354797649,2025-10-29 13h31.26.759436 +0530,
56,65,37,45,45,0,t,1.7860932920593768,None,0,45,45,55,128.01084962510504,,128.0021175420843,128.01084962510504,128.99447158398107,128.99447158398107,129.00273466692306,130.78893012506887,t,1.7860932920593768,None,002,001,2025-10-29_13h31.14.030,Delay discounting ,,2025.1.1,118.50564354797649,2025-10-29 13h31.26.759436 +0530,
42,82,99,46,46,0,t,1.5593128339387476,None,0,46,46,73,130.80591812497005,,130.796370459022,130.80591812497005,131.7872967920266,131.7872967920266,131.80375483399257,133.35552933393046,t,1.5593128339387476,None,002,001,2025-10-29_13h31.14.030,Delay discounting ,,2025.1.1,118.50564354797649,2025-10-29 13h31.26.759436 +0530,
15,35,13,47,47,0,l,0.7494457080028951,None,0,47,47,1,133.37132512498647,,133.3619128339924,133.37132512498647,134.35320054204203,134.35320054204203,134.37094762502238,135.10499308397993,l,0.7494457080028951,None,002,001,2025-10-29_13h31.14.030,Delay discounting ,,2025.1.1,118.50564354797649,2025-10-29 13h31.26.759436 +0530,
46,93,3,48,48,0,l,0.6764429172035307,None,0,48,48,19,135.12154833390377,,135.11196475010365,135.12154833390377,136.1032620840706,136.1032620840706,136.1199343749322,136.78907970897853,l,0.6764429172035307,None,002,001,2025-10-29_13h31.14.030,Delay discounting ,,2025.1.1,118.50564354797649,2025-10-29 13h31.26.759436 +0530,
32,64,69,49,49,0,t,1.949165333993733,None,0,49,49,54,136.8057554999832,,136.7965968749486,136.8057554999832,137.78667429205962,137.78667429205962,137.80419095908292,139.7385567089077,t,1.949165333993733,None,002,001,2025-10-29_13h31.14.030,Delay discounting ,,2025.1.1,118.50564354797649,2025-10-29 13h31.26.759436 +0530,
60,82,16,50,50,0,l,0.8804491669870913,None,0,50,50,47,139.7550126670394,,139.74535866710357,139.7550126670394,140.7374855419621,140.7374855419621,140.74436433403753,141.62242662510835,l,0.8804491669870913,None,002,001,2025-10-29_13h31.14.030,Delay discounting ,,2025.1.1,118.50564354797649,2025-10-29 13h31.26.759436 +0530,
69,87,19,51,51,0,t,2.860649458831176,None,0,51,51,23,141.63856145902537,,141.62924216710962,141.63856145902537,142.62014020909555,142.62014020909555,142.63716766703874,145.48927441705018,t,2.860649458831176,None,002,001,2025-10-29_13h31.14.030,Delay discounting ,,2025.1.1,118.50564354797649,2025-10-29 13h31.26.759436 +0530,
76,91,52,52,52,0,t,3.9292220829520375,None,0,52,52,30,145.50656054192223,,145.49706941703334,145.50656054192223,146.48687725001946,146.48687725001946,146.50446504191495,150.42302520899102,t,3.9292220829520375,None,002,001,2025-10-29_13h31.14.030,Delay discounting ,,2025.1.1,118.50564354797649,2025-10-29 13h31.26.759436 +0530,
35,43,75,53,53,0,t,0.6914276671595871,None,0,53,53,68,150.43998208409175,,150.42990433401428,150.43998208409175,151.42028037505224,151.42028037505224,151.43792425002903,152.12218316690996,t,0.6914276671595871,None,002,001,2025-10-29_13h31.14.030,Delay discounting ,,2025.1.1,118.50564354797649,2025-10-29 13h31.26.759436 +0530,
74,100,2,54,54,0,l,0.7184870420023799,None,0,54,54,50,152.13927820906974,,152.12980462494306,152.13927820906974,153.11220350000076,153.11220350000076,153.13789945910685,153.83961287490092,l,0.7184870420023799,None,002,001,2025-10-29_13h31.14.030,Delay discounting ,,2025.1.1,118.50564354797649,2025-10-29 13h31.26.759436 +0530,
38,76,12,55,55,0,l,2.7303791670128703,None,0,55,55,53,153.85633629211225,,153.84669066709466,153.85633629211225,154.837377167074,154.837377167074,154.85396208404563,157.57290349993855,l,2.7303791670128703,None,002,001,2025-10-29_13h31.14.030,Delay discounting ,,2025.1.1,118.50564354797649,2025-10-29 13h31.26.759436 +0530,
72,100,35,56,56,0,l,1.5261584999971092,None,0,56,56,82,157.58915187511593,,157.5795643341262,157.58915187511593,158.57156920898706,158.57156920898706,158.57879620906897,160.106268750038,l,1.5261584999971092,None,002,001,2025-10-29_13h31.14.030,Delay discounting ,,2025.1.1,118.50564354797649,2025-10-29 13h31.26.759436 +0530,
18,37,41,57,57,0,l,2.359878791961819,None,0,57,57,85,160.12185487500392,,160.11245304206386,160.12185487500392,161.10405862494372,161.10405862494372,161.1214954170864,163.4732859591022,l,2.359878791961819,None,002,001,2025-10-29_13h31.14.030,Delay discounting ,,2025.1.1,118.50564354797649,2025-10-29 13h31.26.759436 +0530,
47,63,17,58,58,0,l,0.7941081670578569,None,0,58,58,97,163.49019354209304,,163.48061125003733,163.49019354209304,164.4707067499403,164.4707067499403,164.48759854212403,165.27311758394353,l,0.7941081670578569,None,002,001,2025-10-29_13h31.14.030,Delay discounting ,,2025.1.1,118.50564354797649,2025-10-29 13h31.26.759436 +0530,
74,93,11,59,59,0,l,0.5321250839624554,None,0,59,59,36,165.28871841705404,,165.2793512919452,165.28871841705404,166.27174179209396,166.27174179209396,166.2784544590395,166.8060645419173,l,0.5321250839624554,None,002,001,2025-10-29_13h31.14.030,Delay discounting ,,2025.1.1,118.50564354797649,2025-10-29 13h31.26.759436 +0530,
46,83,3,60,60,0,l,0.622957626124844,None,0,60,60,62,166.8219151669182,,166.81259845895693,166.8219151669182,167.7960524999071,167.7960524999071,167.81069525005296,168.4226725839544,l,0.622957626124844,None,002,001,2025-10-29_13h31.14.030,Delay discounting ,,2025.1.1,118.50564354797649,2025-10-29 13h31.26.759436 +0530,
62,81,69,61,61,0,t,0.4981437500100583,None,0,61,61,7,168.437567749992,,168.42880216706544,168.437567749992,169.4209128341172,169.4209128341172,169.4275575419888,169.92295404197648,t,0.4981437500100583,None,002,001,2025-10-29_13h31.14.030,Delay discounting ,,2025.1.1,118.50564354797649,2025-10-29 13h31.26.759436 +0530,
38,70,20,62,62,0,l,3.258493416942656,None,0,62,62,93,169.9388787089847,,169.92965237493627,169.9388787089847,170.92067912500352,170.92067912500352,170.93807583395392,174.19035187503323,l,3.258493416942656,None,002,001,2025-10-29_13h31.14.030,Delay discounting ,,2025.1.1,118.50564354797649,2025-10-29 13h31.26.759436 +0530,
52,64,33,63,63,0,t,5.969734166981652,None,0,63,63,89,174.20669508399442,,174.19700341694988,174.20669508399442,175.1880680420436,175.1880680420436,175.20519191701896,181.1627942090854,t,5.969734166981652,None,002,001,2025-10-29_13h31.14.030,Delay discounting ,,2025.1.1,118.50564354797649,2025-10-29 13h31.26.759436 +0530,
67,76,40,64,64,0,t,1.6349277500994503,None,0,64,64,32,181.1778257919941,,181.1694507501088,181.1778257919941,182.16305429209024,182.16305429209024,182.17102329200134,183.8072009589523,t,1.6349277500994503,None,002,001,2025-10-29_13h31.14.030,Delay discounting ,,2025.1.1,118.50564354797649,2025-10-29 13h31.26.759436 +0530,
25,33,94,65,65,0,t,2.7920902089681476,None,0,65,65,43,183.8236477500759,,183.8141389999073,183.8236477500759,184.80484570912085,184.80484570912085,184.822328499984,187.6072252499871,t,2.7920902089681476,None,002,001,2025-10-29_13h31.14.030,Delay discounting ,,2025.1.1,118.50564354797649,2025-10-29 13h31.26.759436 +0530,
56,89,96,66,66,0,t,2.590855126036331,None,0,66,66,28,187.62441912502982,,187.6145560001023,187.62441912502982,188.60511933406815,188.60511933406815,188.62241137493402,191.2073867090512,t,2.590855126036331,None,002,001,2025-10-29_13h31.14.030,Delay discounting ,,2025.1.1,118.50564354797649,2025-10-29 13h31.26.759436 +0530,
30,44,36,67,67,0,t,1.8950757079292089,None,0,67,67,70,191.2239336669445,,191.21406683395617,191.2239336669445,192.20501395897008,192.20501395897008,192.22276395908557,194.10743433400057,t,1.8950757079292089,None,002,001,2025-10-29_13h31.14.030,Delay discounting ,,2025.1.1,118.50564354797649,2025-10-29 13h31.26.759436 +0530,
33,53,11,68,68,0,l,0.8484955420717597,None,0,68,68,11,194.12340391706675,,194.11383899999782,194.12340391706675,195.1047438341193,195.1047438341193,195.12266241712496,195.95713491691276,l,0.8484955420717597,None,002,001,2025-10-29_13h31.14.030,Delay discounting ,,2025.1.1,118.50564354797649,2025-10-29 13h31.26.759436 +0530,
50,57,8,69,69,0,l,0.8388017499819398,None,0,69,69,94,195.97373541700654,,195.96419837512076,195.97373541700654,196.95539641706273,196.95539641706273,196.97251770901494,197.79830479202792,l,0.8388017499819398,None,002,001,2025-10-29_13h31.14.030,Delay discounting ,,2025.1.1,118.50564354797649,2025-10-29 13h31.26.759436 +0530,
40,69,84,70,70,0,t,3.9660992501303554,None,0,70,70,72,197.81340670911595,,197.80492308409885,197.81340670911595,198.79676604201086,198.79676604201086,198.80527816712856,202.77468670904636,t,3.9660992501303554,None,002,001,2025-10-29_13h31.14.030,Delay discounting ,,2025.1.1,118.50564354797649,2025-10-29 13h31.26.759436 +0530,
23,44,82,71,71,0,t,2.100579584017396,None,0,71,71,79,202.79092216701247,,202.78138991701417,202.79092216701247,203.77238654205576,203.77238654205576,203.78949750005268,205.88367099990137,t,2.100579584017396,None,002,001,2025-10-29_13h31.14.030,Delay discounting ,,2025.1.1,118.50564354797649,2025-10-29 13h31.26.759436 +0530,
22,33,80,72,72,0,t,1.4897858330514282,None,0,72,72,61,205.89544266695157,,205.88936250004917,205.89544266695157,206.88030391698703,206.88030391698703,206.88851783401333,208.3741970420815,t,1.4897858330514282,None,002,001,2025-10-29_13h31.14.030,Delay discounting ,,2025.1.1,118.50564354797649,2025-10-29 13h31.26.759436 +0530,
60,89,25,73,73,0,l,2.068818082800135,None,0,73,73,76,208.39110687491484,,208.38140387507156,208.39110687491484,209.37224699999206,209.37224699999206,209.3889364169445,211.4473253749311,l,2.068818082800135,None,002,001,2025-10-29_13h31.14.030,Delay discounting ,,2025.1.1,118.50564354797649,2025-10-29 13h31.26.759436 +0530,
48,91,33,74,74,0,l,1.8916363751050085,None,0,74,74,31,211.46265737502836,,211.45424475008622,211.46265737502836,212.4466875840444,212.4466875840444,212.4565422090236,214.34111812501214,l,1.8916363751050085,None,002,001,2025-10-29_13h31.14.030,Delay discounting ,,2025.1.1,118.50564354797649,2025-10-29 13h31.26.759436 +0530,
55,68,23,75,75,0,l,0.8723180838860571,None,0,75,75,41,214.35837412509136,,214.34852029196918,214.35837412509136,215.33883729204535,215.33883729204535,215.35601033410057,216.21466141706333,l,0.8723180838860571,None,002,001,2025-10-29_13h31.14.030,Delay discounting ,,2025.1.1,118.50564354797649,2025-10-29 13h31.26.759436 +0530,
32,43,99,76,76,0,t,1.6483205009717494,None,0,76,76,45,216.2297695421148,,216.22153295902535,216.2297695421148,217.21494079194963,217.21494079194963,217.22243579197675,218.87500445893966,t,1.6483205009717494,None,002,001,2025-10-29_13h31.14.030,Delay discounting ,,2025.1.1,118.50564354797649,2025-10-29 13h31.26.759436 +0530,
25,31,90,77,77,0,t,1.134578709024936,None,0,77,77,48,218.8904244590085,,218.88126583397388,218.8904244590085,219.87262287503108,219.87262287503108,219.88951379200444,221.01496920897625,t,1.134578709024936,None,002,001,2025-10-29_13h31.14.030,Delay discounting ,,2025.1.1,118.50564354797649,2025-10-29 13h31.26.759436 +0530,
43,50,50,78,78,0,t,1.8395233328919858,None,0,78,78,40,221.0315363749396,,221.0231001249049,221.0315363749396,222.0137385420967,222.0137385420967,222.02899029199034,223.8582288341131,t,1.8395233328919858,None,002,001,2025-10-29_13h31.14.030,Delay discounting ,,2025.1.1,118.50564354797649,2025-10-29 13h31.26.759436 +0530,
71,89,60,79,79,0,l,6.945812209043652,None,0,79,79,49,223.8736802090425,,223.86391870910302,223.8736802090425,224.85617074999027,224.85617074999027,224.86301454203203,231.80870258412324,l,6.945812209043652,None,002,001,2025-10-29_13h31.14.030,Delay discounting ,,2025.1.1,118.50564354797649,2025-10-29 13h31.26.759436 +0530,
31,47,24,80,80,0,l,1.5264897919259965,None,0,80,80,64,231.82384758396074,,231.81392841693014,231.82384758396074,232.8064546249807,232.8064546249807,232.81371483393013,234.34203550009988,l,1.5264897919259965,None,002,001,2025-10-29_13h31.14.030,Delay discounting ,,2025.1.1,118.50564354797649,2025-10-29 13h31.26.759436 +0530,
49,60,89,81,81,0,t,0.7903740000911057,None,0,81,81,4,234.3588930000551,,234.34886412508786,234.3588930000551,235.3405854590237,235.3405854590237,235.35711258393712,236.14220387511887,t,0.7903740000911057,None,002,001,2025-10-29_13h31.14.030,Delay discounting ,,2025.1.1,118.50564354797649,2025-10-29 13h31.26.759436 +0530,
27,50,21,82,82,0,t,3.0744140420574695,None,0,82,82,2,236.1589317501057,,236.14928791695274,236.1589317501057,237.1406614589505,237.1406614589505,237.15662720892578,240.22538691712543,t,3.0744140420574695,None,002,001,2025-10-29_13h31.14.030,Delay discounting ,,2025.1.1,118.50564354797649,2025-10-29 13h31.26.759436 +0530,
46,80,82,83,83,0,t,3.926472083898261,None,0,83,83,34,240.24267558404244,,240.23308916692622,240.24267558404244,241.22347183409147,241.22347183409147,241.23994600004517,245.1591252500657,t,3.926472083898261,None,002,001,2025-10-29_13h31.14.030,Delay discounting ,,2025.1.1,118.50564354797649,2025-10-29 13h31.26.759436 +0530,
74,94,54,84,84,0,t,1.261097582988441,None,0,84,84,81,245.17602725001052,,245.16711691697128,245.17602725001052,246.15680949995294,246.15680949995294,246.17431075009517,247.4257497091312,t,1.261097582988441,None,002,001,2025-10-29_13h31.14.030,Delay discounting ,,2025.1.1,118.50564354797649,2025-10-29 13h31.26.759436 +0530,
29,35,19,85,85,0,t,2.745778459124267,None,0,85,85,59,247.44216508395039,,247.4321777499281,247.44216508395039,248.42325329198502,248.42325329198502,248.44058733410202,251.1760482499376,t,2.745778459124267,None,002,001,2025-10-29_13h31.14.030,Delay discounting ,,2025.1.1,118.50564354797649,2025-10-29 13h31.26.759436 +0530,
64,92,100,86,86,0,t,4.179739375831559,None,0,86,86,86,251.19225245900452,,251.18245962494984,251.19225245900452,252.17367483396083,252.17367483396083,252.1913042499218,256.35895908391103,t,4.179739375831559,None,002,001,2025-10-29_13h31.14.030,Delay discounting ,,2025.1.1,118.50564354797649,2025-10-29 13h31.26.759436 +0530,
67,91,39,87,87,0,l,3.2619502919260412,None,0,87,87,33,256.3745992500335,,256.36480400012806,256.3745992500335,257.35718612512574,257.35718612512574,257.3640167089179,260.6264356249012,l,3.2619502919260412,None,002,001,2025-10-29_13h31.14.030,Delay discounting ,,2025.1.1,118.50564354797649,2025-10-29 13h31.26.759436 +0530,
17,31,59,88,88,0,t,2.667870417004451,None,0,88,88,15,260.6435636249371,,260.6340379589237,260.6435636249371,261.62397341709584,261.62397341709584,261.6413001669571,264.30050458409823,t,2.667870417004451,None,002,001,2025-10-29_13h31.14.030,Delay discounting ,,2025.1.1,118.50564354797649,2025-10-29 13h31.26.759436 +0530,
56,91,38,89,89,0,l,5.691392083885148,None,0,89,89,71,264.31069879210554,,264.30355020891875,264.31069879210554,265.29840691690333,265.29840691690333,265.30743266711943,270.99261475005187,l,5.691392083885148,None,002,001,2025-10-29_13h31.14.030,Delay discounting ,,2025.1.1,118.50564354797649,2025-10-29 13h31.26.759436 +0530,
68,91,24,90,90,0,l,2.2614548748824745,None,0,90,90,67,271.0100819170475,,271.0001736669801,271.0100819170475,271.9832252499182,271.9832252499182,272.0076751250308,274.24889637506567,l,2.2614548748824745,None,002,001,2025-10-29_13h31.14.030,Delay discounting ,,2025.1.1,118.50564354797649,2025-10-29 13h31.26.759436 +0530,
18,31,99,91,91,0,t,1.7396532089915127,None,0,91,91,58,274.26365404203534,,274.2550535420887,274.26365404203534,275.24933620891534,275.24933620891534,275.2578412499279,276.99296562490053,t,1.7396532089915127,None,002,001,2025-10-29_13h31.14.030,Delay discounting ,,2025.1.1,118.50564354797649,2025-10-29 13h31.26.759436 +0530,
33,51,90,92,92,0,l,2.6246625841595232,None,0,92,92,24,277.0095911670942,,277.00004750001244,277.0095911670942,277.99111787509173,277.99111787509173,278.0079024170991,280.62682429212146,l,2.6246625841595232,None,002,001,2025-10-29_13h31.14.030,Delay discounting ,,2025.1.1,118.50564354797649,2025-10-29 13h31.26.759436 +0530,
23,34,48,93,93,0,t,2.6440115009900182,None,0,93,93,92,280.644037833903,,280.6344210419338,280.644037833903,281.62479783408344,281.62479783408344,281.641632999992,284.27710800012574,t,2.6440115009900182,None,002,001,2025-10-29_13h31.14.030,Delay discounting ,,2025.1.1,118.50564354797649,2025-10-29 13h31.26.759436 +0530,
19,37,68,94,94,0,t,3.0781956671271473,None,0,94,94,88,284.29293420910835,,284.2836346249096,284.29293420910835,285.2747818341013,285.2747818341013,285.2919650839176,288.3605220839381,t,3.0781956671271473,None,002,001,2025-10-29_13h31.14.030,Delay discounting ,,2025.1.1,118.50564354797649,2025-10-29 13h31.26.759436 +0530,
48,89,20,95,95,0,t,1.6171994172036648,None,0,95,95,20,288.3762398750987,,288.36675370903686,288.3762398750987,289.35873533412814,289.35873533412814,289.3653059999924,290.9827122921124,t,1.6171994172036648,None,002,001,2025-10-29_13h31.14.030,Delay discounting ,,2025.1.1,118.50564354797649,2025-10-29 13h31.26.759436 +0530,
56,84,1,96,96,0,l,0.95384162501432,None,0,96,96,35,290.9981255000457,,290.98959024995565,290.9981255000457,291.9830902919639,291.9830902919639,291.99122874997556,292.9440686251037,l,0.95384162501432,None,002,001,2025-10-29_13h31.14.030,Delay discounting ,,2025.1.1,118.50564354797649,2025-10-29 13h31.26.759436 +0530,
31,63,33,97,97,0,t,3.4437465420924127,None,0,97,97,66,292.9605430420488,,292.9510862920433,292.9605430420488,293.94154795911163,293.94154795911163,293.9591057919897,297.39410979207605,t,3.4437465420924127,None,002,001,2025-10-29_13h31.14.030,Delay discounting ,,2025.1.1,118.50564354797649,2025-10-29 13h31.26.759436 +0530,
61,70,93,98,98,0,t,0.674918208969757,None,0,98,98,77,297.41069566691294,,297.40081204194576,297.41069566691294,298.3914747920353,298.3914747920353,298.40859866701066,299.06788370897993,t,0.674918208969757,None,002,001,2025-10-29_13h31.14.030,Delay discounting ,,2025.1.1,118.50564354797649,2025-10-29 13h31.26.759436 +0530,
53,92,20,99,99,0,l,3.9745175421703607,None,0,99,99,63,299.08313704212196,,299.07468383410014,299.08313704212196,300.0664625840727,300.0664625840727,300.07542925002053,304.0440094170626,l,3.9745175421703607,None,002,001,2025-10-29_13h31.14.030,Delay discounting ,,2025.1.1,118.50564354797649,2025-10-29 13h31.26.759436 +0530,
