thisN,thisTrialN,thisRepN,key_resp.keys,key_resp.corr,key_resp.rt,key_resp.duration,tilt,trials.thisRepN,trials.thisTrialN,trials.thisN,trials.thisIndex,thisRow.t,notes,trial.started,fixation.started,key_resp.started,fixation.stopped,trial.stopped,trials.key_resp.keys,trials.key_resp.corr,trials.key_resp.rt,trials.key_resp.duration,trials.tilt,participant,session,date,expName,expVersion,psychopyVersion,frameRate,expStart,
0,0,0,down,0,6.197838167019654,None,0,0,0,0,0,0.015903917024843395,,0.008878417022060603,0.015903917024843395,1.0031185830011964,1.009598333039321,7.212126083031762,down,0,6.197838167019654,None,0,01,001,2025-09-05_23h35.59.030,orient_discrimination,,2025.1.1,None,2025-09-05 23h36.06.248809 +0530,
1,0,1,up,0,0.8330835429951549,None,4,1,0,1,0,7.239609333046246,,7.2128237500437535,7.239609333046246,8.21008970803814,8.231638000055682,9.045770833035931,up,0,0.8330835429951549,None,4,01,001,2025-09-05_23h35.59.030,orient_discrimination,,2025.1.1,None,2025-09-05 23h36.06.248809 +0530,
2,0,2,down,1,1.2894800420035608,None,3,2,0,2,0,9.055531458056066,,9.046491000044625,9.055531458056066,10.043569833040237,10.049676250026096,11.34530204202747,down,1,1.2894800420035608,None,3,01,001,2025-09-05_23h35.59.030,orient_discrimination,,2025.1.1,None,2025-09-05 23h36.06.248809 +0530,
3,0,3,down,1,0.9446251250337809,None,4,3,0,3,0,11.352962625038344,,11.345788833044935,11.352962625038344,12.34352575003868,12.349488667037804,13.298389417002909,down,1,0.9446251250337809,None,4,01,001,2025-09-05_23h35.59.030,orient_discrimination,,2025.1.1,None,2025-09-05 23h36.06.248809 +0530,
4,0,4,down,1,0.7394315010169521,None,-2,4,0,4,0,13.31005583301885,,13.298961583001073,13.31005583301885,14.293756750004832,14.29966845799936,15.043539500038605,down,1,0.7394315010169521,None,-2,01,001,2025-09-05_23h35.59.030,orient_discrimination,,2025.1.1,None,2025-09-05 23h36.06.248809 +0530,
5,0,5,down,1,0.6698667090386152,None,-3,5,0,5,0,15.048663749999832,,15.044062375032809,15.048663749999832,16.034397000039462,16.04358137503732,16.71244850003859,down,1,0.6698667090386152,None,-3,01,001,2025-09-05_23h35.59.030,orient_discrimination,,2025.1.1,None,2025-09-05 23h36.06.248809 +0530,
6,0,6,up,1,0.748070125002414,None,0,6,0,6,0,16.72224716702476,,16.71298425004352,16.72224716702476,17.710219958040398,17.71624650002923,18.46311129204696,up,1,0.748070125002414,None,0,01,001,2025-09-05_23h35.59.030,orient_discrimination,,2025.1.1,None,2025-09-05 23h36.06.248809 +0530,
7,0,7,up,0,0.8866652509896085,None,3,7,0,7,0,18.47259912500158,,18.463669083022978,18.47259912500158,19.460504250018857,19.466903500026092,20.351300375012215,up,0,0.8866652509896085,None,3,01,001,2025-09-05_23h35.59.030,orient_discrimination,,2025.1.1,None,2025-09-05 23h36.06.248809 +0530,
8,0,8,up,1,2.697515958978329,None,0,8,0,8,0,20.36090420803521,,20.351809000014327,20.36090420803521,21.350747500022408,21.350747500022408,24.05159279203508,up,1,2.697515958978329,None,0,01,001,2025-09-05_23h35.59.030,orient_discrimination,,2025.1.1,None,2025-09-05 23h36.06.248809 +0530,
9,0,9,up,1,0.7635186680126935,None,0,9,0,9,0,24.077318750030827,,24.052030958002433,24.077318750030827,25.05170137505047,25.065637417021208,25.817749250039924,up,1,0.7635186680126935,None,0,01,001,2025-09-05_23h35.59.030,orient_discrimination,,2025.1.1,None,2025-09-05 23h36.06.248809 +0530,
10,0,10,up,1,0.5319356260006316,None,0,10,0,10,0,25.827142833033577,,25.818244500027504,25.827142833033577,26.810540375008713,26.816419458016753,27.34666575002484,up,1,0.5319356260006316,None,0,01,001,2025-09-05_23h35.59.030,orient_discrimination,,2025.1.1,None,2025-09-05 23h36.06.248809 +0530,
11,0,11,up,1,0.49218845897121355,None,0,11,0,11,0,27.35649833304342,,27.347401208011433,27.35649833304342,28.344018542033155,28.35026216704864,28.846159417007584,up,1,0.49218845897121355,None,0,01,001,2025-09-05_23h35.59.030,orient_discrimination,,2025.1.1,None,2025-09-05 23h36.06.248809 +0530,
12,0,12,up,0,1.2221452919766307,None,3,12,0,12,0,28.85563500004355,,28.846815667056944,28.85563500004355,29.84406008303631,29.85036529204808,31.068005875044037,up,0,1.2221452919766307,None,3,01,001,2025-09-05_23h35.59.030,orient_discrimination,,2025.1.1,None,2025-09-05 23h36.06.248809 +0530,
13,0,13,down,0,0.7294770840089768,None,0,13,0,13,0,31.07697791705141,,31.068440708040725,31.07697791705141,32.060770542011596,32.06709275004687,32.7963762920117,down,0,0.7294770840089768,None,0,01,001,2025-09-05_23h35.59.030,orient_discrimination,,2025.1.1,None,2025-09-05 23h36.06.248809 +0530,
14,0,14,down,1,0.5928636669996195,None,-5,14,0,14,0,32.8062718330184,,32.797027500055265,32.8062718330184,33.79433558305027,33.800357833039016,34.3960780420457,down,1,0.5928636669996195,None,-5,01,001,2025-09-05_23h35.59.030,orient_discrimination,,2025.1.1,None,2025-09-05 23h36.06.248809 +0530,
15,0,15,up,0,1.2871648339787498,None,4,15,0,15,0,34.40540462505305,,34.396603125031106,34.40540462505305,35.39431008300744,35.40015629201662,36.686120333033614,up,0,1.2871648339787498,None,4,01,001,2025-09-05_23h35.59.030,orient_discrimination,,2025.1.1,None,2025-09-05 23h36.06.248809 +0530,
16,0,16,down,1,0.9067888340214267,None,-4,16,0,16,0,36.69678633305011,,36.686721083009616,36.69678633305011,37.68467462505214,37.69432854204206,38.596823708037846,down,1,0.9067888340214267,None,-4,01,001,2025-09-05_23h35.59.030,orient_discrimination,,2025.1.1,None,2025-09-05 23h36.06.248809 +0530,
17,0,17,up,0,1.0918945430312306,None,4,17,0,17,0,38.60646116704447,,38.5974110000534,38.60646116704447,39.59434600005625,39.60037275002105,40.69711437501246,up,0,1.0918945430312306,None,4,01,001,2025-09-05_23h35.59.030,orient_discrimination,,2025.1.1,None,2025-09-05 23h36.06.248809 +0530,
18,0,18,up,1,0.5488637509988621,None,0,18,0,18,0,40.70687029202236,,40.6978656250285,40.70687029202236,41.69441579200793,41.700830000045244,42.24606091703754,up,1,0.5488637509988621,None,0,01,001,2025-09-05_23h35.59.030,orient_discrimination,,2025.1.1,None,2025-09-05 23h36.06.248809 +0530,
19,0,19,up,1,0.5358716680202633,None,0,19,0,19,0,42.26066058303695,,42.24650104204193,42.26066058303695,43.244496583007276,43.250350292015355,43.78604333300609,up,1,0.5358716680202633,None,0,01,001,2025-09-05_23h35.59.030,orient_discrimination,,2025.1.1,None,2025-09-05 23h36.06.248809 +0530,
20,0,20,down,1,0.6420960839604959,None,-3,20,0,20,0,43.796461792022455,,43.78663112502545,43.796461792022455,44.785471542039886,44.794520542025566,45.43056091701146,down,1,0.6420960839604959,None,-3,01,001,2025-09-05_23h35.59.030,orient_discrimination,,2025.1.1,None,2025-09-05 23h36.06.248809 +0530,
21,0,21,down,0,0.6166597919655032,None,0,21,0,21,0,45.44053787505254,,45.43129845801741,45.44053787505254,46.42782070802059,46.43374233302893,47.046429292007815,down,0,0.6166597919655032,None,0,01,001,2025-09-05_23h35.59.030,orient_discrimination,,2025.1.1,None,2025-09-05 23h36.06.248809 +0530,
22,0,22,up,0,0.8677642510156147,None,4,22,0,22,0,47.0569129170035,,47.047062917030416,47.0569129170035,48.04458158300258,48.05059454200091,48.91888104204554,up,0,0.8677642510156147,None,4,01,001,2025-09-05_23h35.59.030,orient_discrimination,,2025.1.1,None,2025-09-05 23h36.06.248809 +0530,
23,0,23,down,1,0.9634907090221532,None,-2,23,0,23,0,48.93031237501418,,48.91969779203646,48.93031237501418,49.919101000006776,49.92778166703647,50.88609850005014,down,1,0.9634907090221532,None,-2,01,001,2025-09-05_23h35.59.030,orient_discrimination,,2025.1.1,None,2025-09-05 23h36.06.248809 +0530,
24,0,24,up,0,0.7911438340088353,None,1,24,0,24,0,50.89688737504184,,50.8865944580175,50.89688737504184,51.88549854204757,51.89455404202454,52.68062566703884,up,0,0.7911438340088353,None,1,01,001,2025-09-05_23h35.59.030,orient_discrimination,,2025.1.1,None,2025-09-05 23h36.06.248809 +0530,
25,0,25,up,1,0.6070790420053527,None,0,25,0,25,0,52.690890500030946,,52.681366833043285,52.690890500030946,53.678317333047744,53.683887500024866,54.2968617080478,up,1,0.6070790420053527,None,0,01,001,2025-09-05_23h35.59.030,orient_discrimination,,2025.1.1,None,2025-09-05 23h36.06.248809 +0530,
26,0,26,down,1,0.7138836670201272,None,-3,26,0,26,0,54.30723066703649,,54.29751291702269,54.30723066703649,55.29484858305659,55.30073516705306,56.01357595802983,down,1,0.7138836670201272,None,-3,01,001,2025-09-05_23h35.59.030,orient_discrimination,,2025.1.1,None,2025-09-05 23h36.06.248809 +0530,
27,0,27,down,1,0.9191830420168117,None,-5,27,0,27,0,56.02426129201194,,56.014336250023916,56.02426129201194,57.01135583303403,57.01738670800114,57.935897333023604,down,1,0.9191830420168117,None,-5,01,001,2025-09-05_23h35.59.030,orient_discrimination,,2025.1.1,None,2025-09-05 23h36.06.248809 +0530,
28,0,28,up,1,0.6804230010020547,None,0,28,0,28,0,57.94504829205107,,57.93638720799936,57.94504829205107,58.93523387500318,58.93523387500318,59.619899167038966,up,1,0.6804230010020547,None,0,01,001,2025-09-05_23h35.59.030,orient_discrimination,,2025.1.1,None,2025-09-05 23h36.06.248809 +0530,
29,0,29,up,1,0.6479240420158021,None,0,29,0,29,0,59.631013292004354,,59.620387792005204,59.631013292004354,60.61855966702569,60.62823183304863,61.26960366702406,up,1,0.6479240420158021,None,0,01,001,2025-09-05_23h35.59.030,orient_discrimination,,2025.1.1,None,2025-09-05 23h36.06.248809 +0530,
30,0,30,up,1,0.8788160010008141,None,0,30,0,30,0,61.294877792010084,,61.270152167009655,61.294877792010084,62.2687563750078,62.283509833039716,63.15375162503915,up,1,0.8788160010008141,None,0,01,001,2025-09-05_23h35.59.030,orient_discrimination,,2025.1.1,None,2025-09-05 23h36.06.248809 +0530,
31,0,31,up,1,0.5503539179917425,None,0,31,0,31,0,63.16389550000895,,63.154349208052736,63.16389550000895,64.15318862500135,64.16177466703812,64.71353241702309,up,1,0.5503539179917425,None,0,01,001,2025-09-05_23h35.59.030,orient_discrimination,,2025.1.1,None,2025-09-05 23h36.06.248809 +0530,
32,0,32,down,1,0.49969591695116833,None,-5,32,0,32,0,64.72344220802188,,64.7140928330482,64.72344220802188,65.71188233303837,65.71802066703094,66.21367620804813,down,1,0.49969591695116833,None,-5,01,001,2025-09-05_23h35.59.030,orient_discrimination,,2025.1.1,None,2025-09-05 23h36.06.248809 +0530,
33,0,33,down,1,0.724700668011792,None,1,33,0,33,0,66.22327420802321,,66.21432295802515,66.22327420802321,67.2118303750176,67.21782029204769,67.94721708301222,down,1,0.724700668011792,None,1,01,001,2025-09-05_23h35.59.030,orient_discrimination,,2025.1.1,None,2025-09-05 23h36.06.248809 +0530,
34,0,34,down,0,0.8326240839669481,None,0,34,0,34,0,67.95713629201055,,67.94781108305324,67.95713629201055,68.94504545803647,68.95092245802516,69.78059125004802,down,0,0.8326240839669481,None,0,01,001,2025-09-05_23h35.59.030,orient_discrimination,,2025.1.1,None,2025-09-05 23h36.06.248809 +0530,
35,0,35,up,0,0.47431770898401737,None,1,35,0,35,0,69.79005420801695,,69.78119108302053,69.79005420801695,70.77833320799982,70.78441345802275,71.26395862502977,up,0,0.47431770898401737,None,1,01,001,2025-09-05_23h35.59.030,orient_discrimination,,2025.1.1,None,2025-09-05 23h36.06.248809 +0530,
36,0,36,down,1,0.9878154589678161,None,4,36,0,36,0,71.27440337504959,,71.26460195804248,71.27440337504959,72.26179916702677,72.26770450000186,73.25348500005202,down,1,0.9878154589678161,None,4,01,001,2025-09-05_23h35.59.030,orient_discrimination,,2025.1.1,None,2025-09-05 23h36.06.248809 +0530,
37,0,37,up,1,0.5666847509564832,None,0,37,0,37,0,73.26444929203717,,73.2539037920069,73.26444929203717,74.25282104202779,74.2619721670053,74.83067150000716,up,1,0.5666847509564832,None,0,01,001,2025-09-05_23h35.59.030,orient_discrimination,,2025.1.1,None,2025-09-05 23h36.06.248809 +0530,
38,0,38,up,1,0.6061568340519443,None,0,38,0,38,0,74.84020891704131,,74.83126745803747,74.84020891704131,75.82856287504546,75.83452441700501,76.4477195420186,up,1,0.6061568340519443,None,0,01,001,2025-09-05_23h35.59.030,orient_discrimination,,2025.1.1,None,2025-09-05 23h36.06.248809 +0530,
39,0,39,up,1,0.52845070901094,None,0,39,0,39,0,76.45746087504085,,76.44830320804613,76.45746087504085,77.44528620800702,77.45162670803256,77.98073070804821,up,1,0.52845070901094,None,0,01,001,2025-09-05_23h35.59.030,orient_discrimination,,2025.1.1,None,2025-09-05 23h36.06.248809 +0530,
40,0,40,up,0,0.6439399590017274,None,1,40,0,40,0,77.98895245802123,,77.98129429202527,77.98895245802123,78.97877616703045,78.98522200004663,79.63095941703068,up,0,0.6439399590017274,None,1,01,001,2025-09-05_23h35.59.030,orient_discrimination,,2025.1.1,None,2025-09-05 23h36.06.248809 +0530,
41,0,41,down,1,0.5709346680087037,None,4,41,0,41,0,79.64048329205252,,79.63157120801043,79.64048329205252,80.62877983303042,80.63483350002207,81.20343658304773,down,1,0.5709346680087037,None,4,01,001,2025-09-05_23h35.59.030,orient_discrimination,,2025.1.1,None,2025-09-05 23h36.06.248809 +0530,
42,0,42,down,1,0.5613462090259418,None,-5,42,0,42,0,81.21266454202123,,81.20406462502433,81.21266454202123,82.20226166700013,82.20226166700013,82.76923266705126,down,1,0.5613462090259418,None,-5,01,001,2025-09-05_23h35.59.030,orient_discrimination,,2025.1.1,None,2025-09-05 23h36.06.248809 +0530,
43,0,43,up,1,0.6165877509629354,None,0,43,0,43,0,82.77827779203653,,82.76972466701409,82.77827779203653,83.7690765830339,83.7690765830339,84.39771745802136,up,1,0.6165877509629354,None,0,01,001,2025-09-05_23h35.59.030,orient_discrimination,,2025.1.1,None,2025-09-05 23h36.06.248809 +0530,
44,0,44,up,1,0.7191210010205396,None,0,44,0,44,0,84.40790129202651,,84.39827262505423,84.40790129202651,85.39563704200555,85.40163683303399,86.12006112502422,up,1,0.7191210010205396,None,0,01,001,2025-09-05_23h35.59.030,orient_discrimination,,2025.1.1,None,2025-09-05 23h36.06.248809 +0530,
45,0,45,down,1,0.490706084005069,None,-4,45,0,45,0,86.12941183301155,,86.1206025420106,86.12941183301155,87.11914387502475,87.11914387502475,87.61437920801109,down,1,0.490706084005069,None,-4,01,001,2025-09-05_23h35.59.030,orient_discrimination,,2025.1.1,None,2025-09-05 23h36.06.248809 +0530,
46,0,46,down,1,0.42645633401116356,None,-3,46,0,46,0,87.62422220804729,,87.61505433300044,87.62422220804729,88.61225000000559,88.61819662502967,89.0483772920561,down,1,0.42645633401116356,None,-3,01,001,2025-09-05_23h35.59.030,orient_discrimination,,2025.1.1,None,2025-09-05 23h36.06.248809 +0530,
47,0,47,up,1,0.5840517510077916,None,0,47,0,47,0,89.05820725002559,,89.04894204204902,89.05820725002559,90.04571054200642,90.05156450002687,90.63624412502395,up,1,0.5840517510077916,None,0,01,001,2025-09-05_23h35.59.030,orient_discrimination,,2025.1.1,None,2025-09-05 23h36.06.248809 +0530,
48,0,48,down,0,0.8246084589627571,None,0,48,0,48,0,90.64481875003548,,90.63673320802627,90.64481875003548,91.63619995804038,91.63619995804038,92.46399841702078,down,0,0.8246084589627571,None,0,01,001,2025-09-05_23h35.59.030,orient_discrimination,,2025.1.1,None,2025-09-05 23h36.06.248809 +0530,
49,0,49,up,1,0.7603253750130534,None,0,49,0,49,0,92.47236191702541,,92.4644562920439,92.47236191702541,93.4625382500235,93.46836933301529,94.23186129203532,up,1,0.7603253750130534,None,0,01,001,2025-09-05_23h35.59.030,orient_discrimination,,2025.1.1,None,2025-09-05 23h36.06.248809 +0530,
50,0,50,up,1,0.7006167930085212,None,0,50,0,50,0,94.24195175000932,,94.23255670804065,94.24195175000932,95.22934662504122,95.23513754201122,95.93635675002588,up,1,0.7006167930085212,None,0,01,001,2025-09-05_23h35.59.030,orient_discrimination,,2025.1.1,None,2025-09-05 23h36.06.248809 +0530,
51,0,51,up,1,0.5570879589649849,None,0,51,0,51,0,95.94509079202544,,95.93690350005636,95.94509079202544,96.93596295802854,96.93596295802854,97.49796995799989,up,1,0.5570879589649849,None,0,01,001,2025-09-05_23h35.59.030,orient_discrimination,,2025.1.1,None,2025-09-05 23h36.06.248809 +0530,
52,0,52,down,1,0.6747096260078251,None,4,52,0,52,0,97.50767295801779,,97.49861920805415,97.50767295801779,98.49606870801654,98.50192341703223,99.182002208021,down,1,0.6747096260078251,None,4,01,001,2025-09-05_23h35.59.030,orient_discrimination,,2025.1.1,None,2025-09-05 23h36.06.248809 +0530,
53,0,53,down,1,0.5637601669877768,None,4,53,0,53,0,99.19297900004312,,99.1828367500566,99.19297900004312,100.17925887502497,100.18508741701953,100.7478797500371,down,1,0.5637601669877768,None,4,01,001,2025-09-05_23h35.59.030,orient_discrimination,,2025.1.1,None,2025-09-05 23h36.06.248809 +0530,
54,0,54,down,1,0.4857872090069577,None,4,54,0,54,0,100.757873708033,,100.74845145799918,100.757873708033,101.7460531250108,101.75226870801998,102.23627145803766,down,1,0.4857872090069577,None,4,01,001,2025-09-05_23h35.59.030,orient_discrimination,,2025.1.1,None,2025-09-05 23h36.06.248809 +0530,
55,0,55,up,1,0.631792708998546,None,0,55,0,55,0,102.24551041703671,,102.23684733302798,102.24551041703671,103.22930879204068,103.23488170804922,103.86508750001667,up,1,0.631792708998546,None,0,01,001,2025-09-05_23h35.59.030,orient_discrimination,,2025.1.1,None,2025-09-05 23h36.06.248809 +0530,
56,0,56,down,1,0.8182411680463701,None,-3,56,0,56,0,103.87570187501842,,103.86574850004399,103.87570187501842,104.8626932920306,104.86823595804162,105.68770295800641,down,1,0.8182411680463701,None,-3,01,001,2025-09-05_23h35.59.030,orient_discrimination,,2025.1.1,None,2025-09-05 23h36.06.248809 +0530,
57,0,57,down,1,0.46234987600473687,None,-5,57,0,57,0,105.69608933303971,,105.68823062500451,105.69608933303971,106.6865318750497,106.6865318750497,107.15297191700665,down,1,0.46234987600473687,None,-5,01,001,2025-09-05_23h35.59.030,orient_discrimination,,2025.1.1,None,2025-09-05 23h36.06.248809 +0530,
58,0,58,up,0,0.7074759170063771,None,4,58,0,58,0,107.16312541702064,,107.15345112502109,107.16312541702064,108.15264770801878,108.15264770801878,108.86537550005596,up,0,0.7074759170063771,None,4,01,001,2025-09-05_23h35.59.030,orient_discrimination,,2025.1.1,None,2025-09-05 23h36.06.248809 +0530,
59,0,59,up,1,0.5821162089705467,None,0,59,0,59,0,108.87546041700989,,108.8661575000151,108.87546041700989,109.8628309580381,109.8686453330447,110.44853487500222,up,1,0.5821162089705467,None,0,01,001,2025-09-05_23h35.59.030,orient_discrimination,,2025.1.1,None,2025-09-05 23h36.06.248809 +0530,
60,0,60,up,1,0.5738970430102199,None,0,60,0,60,0,110.45889108302072,,110.44924470805563,110.45889108302072,111.44605387502816,111.45163658302044,112.03236416704021,up,1,0.5738970430102199,None,0,01,001,2025-09-05_23h35.59.030,orient_discrimination,,2025.1.1,None,2025-09-05 23h36.06.248809 +0530,
61,0,61,down,1,0.8942860009847209,None,-3,61,0,61,0,112.04304683301598,,112.03318370803026,112.04304683301598,113.02966050000396,113.0356048750109,113.9312712920364,down,1,0.8942860009847209,None,-3,01,001,2025-09-05_23h35.59.030,orient_discrimination,,2025.1.1,None,2025-09-05 23h36.06.248809 +0530,
62,0,62,up,1,0.6154327089898288,None,0,62,0,62,0,113.9403762500151,,113.93169933301397,113.9403762500151,114.92967366700759,114.93592183303554,115.5485388750094,up,1,0.6154327089898288,None,0,01,001,2025-09-05_23h35.59.030,orient_discrimination,,2025.1.1,None,2025-09-05 23h36.06.248809 +0530,
63,0,63,down,1,0.7825270420289598,None,-2,63,0,63,0,115.55878362501971,,115.54918091703439,115.55878362501971,116.54652308300138,116.55268037505448,117.33175412501441,down,1,0.7825270420289598,None,-2,01,001,2025-09-05_23h35.59.030,orient_discrimination,,2025.1.1,None,2025-09-05 23h36.06.248809 +0530,
64,0,64,down,1,0.6382004179758951,None,-5,64,0,64,0,117.34166012500646,,117.33239049999975,117.34166012500646,118.32973850000417,118.33563812501961,118.9701790830004,down,1,0.6382004179758951,None,-5,01,001,2025-09-05_23h35.59.030,orient_discrimination,,2025.1.1,None,2025-09-05 23h36.06.248809 +0530,
65,0,65,down,1,1.243732834002003,None,3,65,0,65,0,118.97881862503709,,118.97072287503397,118.97881862503709,119.97032566700364,119.97032566700364,121.22032366704661,down,1,1.243732834002003,None,3,01,001,2025-09-05_23h35.59.030,orient_discrimination,,2025.1.1,None,2025-09-05 23h36.06.248809 +0530,
66,0,66,up,0,0.6678015420329757,None,-2,66,0,66,0,121.22923975001322,,121.22083191701677,121.22923975001322,122.21335245802766,122.21900558302877,122.88777416700032,up,0,0.6678015420329757,None,-2,01,001,2025-09-05_23h35.59.030,orient_discrimination,,2025.1.1,None,2025-09-05 23h36.06.248809 +0530,
67,0,67,up,0,0.5724165010033175,None,4,67,0,67,0,122.897097958019,,122.88828016701154,122.897097958019,123.88661008304916,123.88661008304916,124.46500500000548,up,0,0.5724165010033175,None,4,01,001,2025-09-05_23h35.59.030,orient_discrimination,,2025.1.1,None,2025-09-05 23h36.06.248809 +0530,
68,0,68,up,1,0.5159445839817636,None,0,68,0,68,0,124.47460495802807,,124.46542254200904,124.47460495802807,125.46330041700276,125.469014833041,125.98227925004903,up,1,0.5159445839817636,None,0,01,001,2025-09-05_23h35.59.030,orient_discrimination,,2025.1.1,None,2025-09-05 23h36.06.248809 +0530,
69,0,69,up,1,0.38299312500748783,None,0,69,0,69,0,125.99126037501264,,125.9828615830047,125.99126037501264,126.98026200005552,126.98655612504808,127.36581895803101,up,1,0.38299312500748783,None,0,01,001,2025-09-05_23h35.59.030,orient_discrimination,,2025.1.1,None,2025-09-05 23h36.06.248809 +0530,
70,0,70,down,1,0.5957920009968802,None,3,70,0,70,0,127.37559958302882,,127.36642633302836,127.37559958302882,128.3634497920284,128.3691561250016,128.9662050830084,down,1,0.5957920009968802,None,3,01,001,2025-09-05_23h35.59.030,orient_discrimination,,2025.1.1,None,2025-09-05 23h36.06.248809 +0530,
71,0,71,up,1,0.6939044169848785,None,0,71,0,71,0,128.97564066702034,,128.9667513750028,128.97564066702034,129.96327816700796,129.96914941701107,130.6660664580413,up,1,0.6939044169848785,None,0,01,001,2025-09-05_23h35.59.030,orient_discrimination,,2025.1.1,None,2025-09-05 23h36.06.248809 +0530,
72,0,72,down,1,0.5917462509823963,None,-5,72,0,72,0,130.67821966705378,,130.66687404201366,130.67821966705378,131.66330300003756,131.66930566704832,132.26609354204265,down,1,0.5917462509823963,None,-5,01,001,2025-09-05_23h35.59.030,orient_discrimination,,2025.1.1,None,2025-09-05 23h36.06.248809 +0530,
73,0,73,down,1,0.5791630839812569,None,-3,73,0,73,0,132.27621966705192,,132.26689183304552,132.27621966705192,133.26325695804553,133.2697735830443,133.84924895805307,down,1,0.5791630839812569,None,-3,01,001,2025-09-05_23h35.59.030,orient_discrimination,,2025.1.1,None,2025-09-05 23h36.06.248809 +0530,
74,0,74,up,0,0.5603733339812607,None,1,74,0,74,0,133.85993595805485,,133.84988341701683,133.85993595805485,134.8468540830072,134.85275941703003,135.4161177080241,up,0,0.5603733339812607,None,1,01,001,2025-09-05_23h35.59.030,orient_discrimination,,2025.1.1,None,2025-09-05 23h36.06.248809 +0530,
75,0,75,up,1,0.709638876025565,None,0,75,0,75,0,135.42692041705595,,135.41684208303923,135.42692041705595,136.41356258303858,136.4193286250229,137.13290004205192,up,1,0.709638876025565,None,0,01,001,2025-09-05_23h35.59.030,orient_discrimination,,2025.1.1,None,2025-09-05 23h36.06.248809 +0530,
76,0,76,up,1,0.5548380429972894,None,0,76,0,76,0,137.14426095801173,,137.133615208033,137.14426095801173,138.1302820420242,138.13638766703662,138.68740383302793,up,1,0.5548380429972894,None,0,01,001,2025-09-05_23h35.59.030,orient_discrimination,,2025.1.1,None,2025-09-05 23h36.06.248809 +0530,
77,0,77,up,1,0.6571659590117633,None,0,77,0,77,0,138.6965950000449,,138.68789179204032,138.6965950000449,139.68717025005026,139.68717025005026,140.34977150004124,up,1,0.6571659590117633,None,0,01,001,2025-09-05_23h35.59.030,orient_discrimination,,2025.1.1,None,2025-09-05 23h36.06.248809 +0530,
78,0,78,up,1,0.5804208749905229,None,0,78,0,78,0,140.35970358300256,,140.35050954204053,140.35970358300256,141.34702300000936,141.35287166701164,141.93305204203352,up,1,0.5804208749905229,None,0,01,001,2025-09-05_23h35.59.030,orient_discrimination,,2025.1.1,None,2025-09-05 23h36.06.248809 +0530,
79,0,79,down,1,0.5277516670175828,None,-5,79,0,79,0,141.94295058300486,,141.93387050001184,141.94295058300486,142.93051670800196,142.93684950005263,143.46594350005034,down,1,0.5277516670175828,None,-5,01,001,2025-09-05_23h35.59.030,orient_discrimination,,2025.1.1,None,2025-09-05 23h36.06.248809 +0530,
80,0,80,up,1,0.6731853340170346,None,0,80,0,80,0,143.476230417029,,143.46650187502382,143.476230417029,144.46401033300208,144.46937400003662,145.14950850000605,up,1,0.6731853340170346,None,0,01,001,2025-09-05_23h35.59.030,orient_discrimination,,2025.1.1,None,2025-09-05 23h36.06.248809 +0530,
81,0,81,down,1,1.3328756670234725,None,4,81,0,81,0,145.15901587501867,,145.1500866250135,145.15901587501867,146.1474672080367,146.15384700003779,147.4826429170207,down,1,1.3328756670234725,None,4,01,001,2025-09-05_23h35.59.030,orient_discrimination,,2025.1.1,None,2025-09-05 23h36.06.248809 +0530,
82,0,82,up,0,0.6185975840198807,None,1,82,0,82,0,147.49152516701724,,147.48329887504224,147.49152516701724,148.48063016700326,148.48678800003836,149.10529908305034,up,0,0.6185975840198807,None,1,01,001,2025-09-05_23h35.59.030,orient_discrimination,,2025.1.1,None,2025-09-05 23h36.06.248809 +0530,
83,0,83,up,1,0.6477692920016125,None,0,83,0,83,0,149.11416554200696,,149.10586037504254,149.11416554200696,150.1045052500558,150.1045052500558,150.75992054201197,up,1,0.6477692920016125,None,0,01,001,2025-09-05_23h35.59.030,orient_discrimination,,2025.1.1,None,2025-09-05 23h36.06.248809 +0530,
84,0,84,up,1,0.7793740420020185,None,0,84,0,84,0,150.76647445803974,,150.76011329202447,150.76647445803974,151.75108270801138,151.76424500002759,152.53299741703086,up,1,0.7793740420020185,None,0,01,001,2025-09-05_23h35.59.030,orient_discrimination,,2025.1.1,None,2025-09-05 23h36.06.248809 +0530,
85,0,85,up,0,0.5657756670261733,None,2,85,0,85,0,152.54369433305692,,152.53373358305544,152.54369433305692,153.5315522919991,153.53865575004602,154.1002734580543,up,0,0.5657756670261733,None,2,01,001,2025-09-05_23h35.59.030,orient_discrimination,,2025.1.1,None,2025-09-05 23h36.06.248809 +0530,
86,0,86,up,1,0.5416090009966865,None,0,86,0,86,0,154.1143007920473,,154.100823875051,154.1143007920473,155.09765279199928,155.10360616701655,155.64967154205078,up,1,0.5416090009966865,None,0,01,001,2025-09-05_23h35.59.030,orient_discrimination,,2025.1.1,None,2025-09-05 23h36.06.248809 +0530,
87,0,87,down,1,0.6346082499949262,None,-4,87,0,87,0,155.6592358330381,,155.6503168750205,155.6592358330381,156.64763591700466,156.65380333299981,157.28806195803918,down,1,0.6346082499949262,None,-4,01,001,2025-09-05_23h35.59.030,orient_discrimination,,2025.1.1,None,2025-09-05 23h36.06.248809 +0530,
88,0,88,up,1,0.7024322510114871,None,0,88,0,88,0,157.29690758301876,,157.28852000000188,157.29690758301876,158.28086458303733,158.28681691701058,158.98864295805106,up,1,0.7024322510114871,None,0,01,001,2025-09-05_23h35.59.030,orient_discrimination,,2025.1.1,None,2025-09-05 23h36.06.248809 +0530,
89,0,89,up,0,0.4915488759870641,None,1,89,0,89,0,158.99718366703019,,158.98914541699924,158.99718366703019,159.98798529204214,159.98798529204214,160.482897583046,up,0,0.4915488759870641,None,1,01,001,2025-09-05_23h35.59.030,orient_discrimination,,2025.1.1,None,2025-09-05 23h36.06.248809 +0530,
90,0,90,up,1,0.5684736670227721,None,0,90,0,90,0,160.49200962501345,,160.48335458303336,160.49200962501345,161.48090970801422,161.4869757500128,162.05578433303162,up,1,0.5684736670227721,None,0,01,001,2025-09-05_23h35.59.030,orient_discrimination,,2025.1.1,None,2025-09-05 23h36.06.248809 +0530,
91,0,91,down,1,0.5467262089950964,None,-4,91,0,91,0,162.06491370801814,,162.05639958300162,162.06491370801814,163.0547525420552,163.0547525420552,163.60573654202744,down,1,0.5467262089950964,None,-4,01,001,2025-09-05_23h35.59.030,orient_discrimination,,2025.1.1,None,2025-09-05 23h36.06.248809 +0530,
92,0,92,up,1,3.679909416998271,None,0,92,0,92,0,163.6149877080461,,163.606307167036,163.6149877080461,164.60501812503207,164.60501812503207,168.28842041705502,up,1,3.679909416998271,None,0,01,001,2025-09-05_23h35.59.030,orient_discrimination,,2025.1.1,None,2025-09-05 23h36.06.248809 +0530,
93,0,93,down,1,0.6719441679888405,None,-4,93,0,93,0,168.29821266705403,,168.28895566705614,168.29821266705403,169.28818045801017,169.28818045801017,169.96705812501023,down,1,0.6719441679888405,None,-4,01,001,2025-09-05_23h35.59.030,orient_discrimination,,2025.1.1,None,2025-09-05 23h36.06.248809 +0530,
94,0,94,up,1,0.5774995420360938,None,0,94,0,94,0,169.97685350000393,,169.9678073330433,169.97685350000393,170.96451229200466,170.97030241700122,171.5501575000235,up,1,0.5774995420360938,None,0,01,001,2025-09-05_23h35.59.030,orient_discrimination,,2025.1.1,None,2025-09-05 23h36.06.248809 +0530,
95,0,95,down,1,0.5936961260158569,None,-4,95,0,95,0,171.55968529201346,,171.55076225002995,171.55968529201346,172.55430408305256,172.55430408305256,173.15007195802173,down,1,0.5936961260158569,None,-4,01,001,2025-09-05_23h35.59.030,orient_discrimination,,2025.1.1,None,2025-09-05 23h36.06.248809 +0530,
96,0,96,up,1,0.8079087509540841,None,0,96,0,96,0,173.15918387501733,,173.15057629201328,173.15918387501733,174.14800862502307,174.15383408300113,174.96673295804067,up,1,0.8079087509540841,None,0,01,001,2025-09-05_23h35.59.030,orient_discrimination,,2025.1.1,None,2025-09-05 23h36.06.248809 +0530,
97,0,97,up,1,0.7113059589755721,None,0,97,0,97,0,174.97725675004767,,174.96732662501745,174.97725675004767,175.96470287500415,175.97090258303797,176.68335995805683,up,1,0.7113059589755721,None,0,01,001,2025-09-05_23h35.59.030,orient_discrimination,,2025.1.1,None,2025-09-05 23h36.06.248809 +0530,
98,0,98,up,1,0.5520285840029828,None,0,98,0,98,0,176.69365916703828,,176.6838650420541,176.69365916703828,177.68099550000625,177.68687187501928,178.23945866705617,up,1,0.5520285840029828,None,0,01,001,2025-09-05_23h35.59.030,orient_discrimination,,2025.1.1,None,2025-09-05 23h36.06.248809 +0530,
99,0,99,down,1,0.51315362600144,None,-5,99,0,99,0,178.24871279200306,,178.24009645800106,178.24871279200306,179.2378301670542,179.2378301670542,179.75586383300833,down,1,0.51315362600144,None,-5,01,001,2025-09-05_23h35.59.030,orient_discrimination,,2025.1.1,None,2025-09-05 23h36.06.248809 +0530,
