thisN,thisTrialN,thisRepN,mouse.x,mouse.y,mouse.leftButton,mouse.midButton,mouse.rightButton,mouse.time,mouse.clicked_name,trials.thisRepN,trials.thisTrialN,trials.thisN,trials.thisIndex,thisRow.t,notes,num_distr,trial.started,fixation.started,target.started,mouse.started,trial.stopped,trials.mouse.x,trials.mouse.y,trials.mouse.leftButton,trials.mouse.midButton,trials.mouse.rightButton,trials.mouse.time,trials.mouse.clicked_name,participant,session,date,expName,expVersion,psychopyVersion,frameRate,expStart,
0,0,0,[np.float64(-0.11)],[np.float64(0.37555555555555553)],[1],[0],[0],[1.4729864159598947],['target'],0,0,0,0,0.0375924170948565,,10,0.02335312496870756,0.0375924170948565,0.0375924170948565,0.023363417014479637,1.496482958085835,[np.float64(-0.11)],[np.float64(0.37555555555555553)],[1],[0],[0],[1.4729864159598947],['target'],02,001,2025-09-30_15h24.47.363,Visual Search Experiment,,2025.1.1,None,2025-09-30 15h24.53.844655 +0530,
1,0,1,[np.float64(-0.31222222222222223)],[np.float64(-0.11666666666666667)],[1],[0],[0],[1.2122396668419242],['target'],1,0,1,0,1.523751667002216,,10,1.5127816670574248,1.523751667002216,1.523751667002216,0.016126625007018447,2.7251303330995142,[np.float64(-0.31222222222222223)],[np.float64(-0.11666666666666667)],[1],[0],[0],[1.2122396668419242],['target'],02,001,2025-09-30_15h24.47.363,Visual Search Experiment,,2025.1.1,None,2025-09-30 15h24.53.844655 +0530,
2,0,2,[np.float64(-0.49333333333333335)],[np.float64(-0.21666666666666667)],[1],[0],[0],[1.1413462918717414],['target'],2,0,2,0,2.7411384580191225,,5,2.7339780000038445,2.7411384580191225,2.7411384580191225,0.008735790848731995,3.875427542021498,[np.float64(-0.49333333333333335)],[np.float64(-0.21666666666666667)],[1],[0],[0],[1.1413462918717414],['target'],02,001,2025-09-30_15h24.47.363,Visual Search Experiment,,2025.1.1,None,2025-09-30 15h24.53.844655 +0530,
3,0,3,[np.float64(0.11555555555555555)],[np.float64(0.47555555555555556)],[1],[0],[0],[1.6242632500361651],['target'],3,0,3,0,3.902772583067417,,10,3.892478542169556,3.902772583067417,3.902772583067417,0.016953499987721443,5.516879874980077,[np.float64(0.11555555555555555)],[np.float64(0.47555555555555556)],[1],[0],[0],[1.6242632500361651],['target'],02,001,2025-09-30_15h24.47.363,Visual Search Experiment,,2025.1.1,None,2025-09-30 15h24.53.844655 +0530,
4,0,4,[np.float64(0.16777777777777778)],[np.float64(-0.2922222222222222)],[1],[0],[0],[2.311820291914046],['target'],4,0,4,0,5.532509292010218,,5,5.525180125143379,5.532509292010218,5.532509292010218,0.008176416158676147,7.837201582966372,[np.float64(0.16777777777777778)],[np.float64(-0.2922222222222222)],[1],[0],[0],[2.311820291914046],['target'],02,001,2025-09-30_15h24.47.363,Visual Search Experiment,,2025.1.1,None,2025-09-30 15h24.53.844655 +0530,
5,0,5,[np.float64(0.10111111111111111)],[np.float64(0.46555555555555556)],[1],[0],[0],[1.043592874892056],['target'],5,0,5,0,7.854106750106439,,5,7.846567083150148,7.854106750106439,7.854106750106439,0.009256666991859674,8.890266292029992,[np.float64(0.10111111111111111)],[np.float64(0.46555555555555556)],[1],[0],[0],[1.043592874892056],['target'],02,001,2025-09-30_15h24.47.363,Visual Search Experiment,,2025.1.1,None,2025-09-30 15h24.53.844655 +0530,
6,0,6,"[np.float64(-0.07666666666666666), np.float64(0.0811111111111111)]","[np.float64(0.23666666666666666), np.float64(0.22777777777777777)]","[1, 1]","[0, 0]","[0, 0]","[1.3325372501276433, 2.1662282911129296]","[None, 'target']",6,0,6,0,8.916271666996181,,10,8.906370457960293,8.916271666996181,8.916271666996181,0.016023417003452778,11.072769625112414,"[np.float64(-0.07666666666666666), np.float64(0.0811111111111111)]","[np.float64(0.23666666666666666), np.float64(0.22777777777777777)]","[1, 1]","[0, 0]","[0, 0]","[1.3325372501276433, 2.1662282911129296]","[None, 'target']",02,001,2025-09-30_15h24.47.363,Visual Search Experiment,,2025.1.1,None,2025-09-30 15h24.53.844655 +0530,
7,0,7,[np.float64(-0.37222222222222223)],[np.float64(0.017777777777777778)],[1],[0],[0],[1.1593632500153035],['target'],7,0,7,0,11.090002833167091,,5,11.081507167080417,11.090002833167091,11.090002833167091,0.008600708097219467,12.240981375100091,[np.float64(-0.37222222222222223)],[np.float64(0.017777777777777778)],[1],[0],[0],[1.1593632500153035],['target'],02,001,2025-09-30_15h24.47.363,Visual Search Experiment,,2025.1.1,None,2025-09-30 15h24.53.844655 +0530,
8,0,8,[np.float64(-0.39444444444444443)],[np.float64(0.38)],[1],[0],[0],[1.1972750830464065],['target'],8,0,8,0,12.268585875164717,,10,12.257872708141804,12.268585875164717,12.268585875164717,0.01679312507621944,13.455251417122781,[np.float64(-0.39444444444444443)],[np.float64(0.38)],[1],[0],[0],[1.1972750830464065],['target'],02,001,2025-09-30_15h24.47.363,Visual Search Experiment,,2025.1.1,None,2025-09-30 15h24.53.844655 +0530,
9,0,9,[np.float64(0.34555555555555556)],[np.float64(-0.17222222222222222)],[1],[0],[0],[1.5178071670234203],['target'],9,0,9,0,13.48158033308573,,10,13.471378874965012,13.48158033308573,13.48158033308573,0.016026000026613474,14.989334958139807,[np.float64(0.34555555555555556)],[np.float64(-0.17222222222222222)],[1],[0],[0],[1.5178071670234203],['target'],02,001,2025-09-30_15h24.47.363,Visual Search Experiment,,2025.1.1,None,2025-09-30 15h24.53.844655 +0530,
10,0,10,"[np.float64(0.34444444444444444), np.float64(0.12777777777777777)]","[np.float64(-0.17222222222222222), np.float64(-0.3711111111111111)]","[1, 1]","[0, 0]","[0, 0]","[0.3820402908604592, 2.0670659160241485]","[None, 'target']",10,0,10,0,15.015938750002533,,10,15.005939125083387,15.015938750002533,15.015938750002533,0.016491624992340803,17.073119916953146,"[np.float64(0.34444444444444444), np.float64(0.12777777777777777)]","[np.float64(-0.17222222222222222), np.float64(-0.3711111111111111)]","[1, 1]","[0, 0]","[0, 0]","[0.3820402908604592, 2.0670659160241485]","[None, 'target']",02,001,2025-09-30_15h24.47.363,Visual Search Experiment,,2025.1.1,None,2025-09-30 15h24.53.844655 +0530,
11,0,11,[np.float64(-0.12333333333333334)],[np.float64(-0.13555555555555557)],[1],[0],[0],[0.859617916867137],['target'],11,0,11,0,17.08897200017236,,5,17.08137591695413,17.08897200017236,17.08897200017236,0.008129749912768602,17.941114000044763,[np.float64(-0.12333333333333334)],[np.float64(-0.13555555555555557)],[1],[0],[0],[0.859617916867137],['target'],02,001,2025-09-30_15h24.47.363,Visual Search Experiment,,2025.1.1,None,2025-09-30 15h24.53.844655 +0530,
12,0,12,[np.float64(0.4011111111111111)],[np.float64(-0.2922222222222222)],[1],[0],[0],[1.2393867920618504],['target'],12,0,12,0,17.9548940830864,,5,17.948020125040784,17.9548940830864,17.9548940830864,0.006831292062997818,19.187499167164788,[np.float64(0.4011111111111111)],[np.float64(-0.2922222222222222)],[1],[0],[0],[1.2393867920618504],['target'],02,001,2025-09-30_15h24.47.363,Visual Search Experiment,,2025.1.1,None,2025-09-30 15h24.53.844655 +0530,
13,0,13,[np.float64(0.4622222222222222)],[np.float64(0.30333333333333334)],[1],[0],[0],[1.502886125119403],['target'],13,0,13,0,19.214499125024304,,10,19.204026957973838,19.214499125024304,19.214499125024304,0.016438292106613517,20.70701887505129,[np.float64(0.4622222222222222)],[np.float64(0.30333333333333334)],[1],[0],[0],[1.502886125119403],['target'],02,001,2025-09-30_15h24.47.363,Visual Search Experiment,,2025.1.1,None,2025-09-30 15h24.53.844655 +0530,
14,0,14,[np.float64(-0.09888888888888889)],[np.float64(0.05444444444444444)],[1],[0],[0],[1.5815324580762535],['target'],14,0,14,0,20.736267500091344,,10,20.725979708135128,20.736267500091344,20.736267500091344,0.01885299989953637,22.307699125027284,[np.float64(-0.09888888888888889)],[np.float64(0.05444444444444444)],[1],[0],[0],[1.5815324580762535],['target'],02,001,2025-09-30_15h24.47.363,Visual Search Experiment,,2025.1.1,None,2025-09-30 15h24.53.844655 +0530,
15,0,15,[np.float64(-0.38333333333333336)],[np.float64(0.4677777777777778)],[1],[0],[0],[1.15790137485601],['target'],15,0,15,0,22.324596000136808,,5,22.31722258310765,22.324596000136808,22.324596000136808,0.009141040965914726,23.475236042169854,[np.float64(-0.38333333333333336)],[np.float64(0.4677777777777778)],[1],[0],[0],[1.15790137485601],['target'],02,001,2025-09-30_15h24.47.363,Visual Search Experiment,,2025.1.1,None,2025-09-30 15h24.53.844655 +0530,
16,0,16,[np.float64(-0.3977777777777778)],[np.float64(-0.4911111111111111)],[1],[0],[0],[1.9408517079427838],['target'],16,0,16,0,23.49128070799634,,5,23.484007582999766,23.49128070799634,23.49128070799634,0.008673584088683128,25.424963833065704,[np.float64(-0.3977777777777778)],[np.float64(-0.4911111111111111)],[1],[0],[0],[1.9408517079427838],['target'],02,001,2025-09-30_15h24.47.363,Visual Search Experiment,,2025.1.1,None,2025-09-30 15h24.53.844655 +0530,
17,0,17,[np.float64(-0.08)],[np.float64(0.45222222222222225)],[1],[0],[0],[1.4132584580220282],['target'],17,0,17,0,25.451588875148445,,10,25.441452833125368,25.451588875148445,25.451588875148445,0.016397374914959073,26.854814167134464,[np.float64(-0.08)],[np.float64(0.45222222222222225)],[1],[0],[0],[1.4132584580220282],['target'],02,001,2025-09-30_15h24.47.363,Visual Search Experiment,,2025.1.1,None,2025-09-30 15h24.53.844655 +0530,
18,0,18,[np.float64(0.31)],[np.float64(-0.044444444444444446)],[1],[0],[0],[1.3116309999022633],['target'],18,0,18,0,26.871721167117357,,5,26.863665292039514,26.871721167117357,26.871721167117357,0.008749708067625761,28.175426125060767,[np.float64(0.31)],[np.float64(-0.044444444444444446)],[1],[0],[0],[1.3116309999022633],['target'],02,001,2025-09-30_15h24.47.363,Visual Search Experiment,,2025.1.1,None,2025-09-30 15h24.53.844655 +0530,
19,0,19,[np.float64(-0.06)],[np.float64(-0.43666666666666665)],[1],[0],[0],[1.8504042909480631],['target'],19,0,19,0,28.202442000154406,,10,28.192086375085637,28.202442000154406,28.202442000154406,0.016536167124286294,30.04260008316487,[np.float64(-0.06)],[np.float64(-0.43666666666666665)],[1],[0],[0],[1.8504042909480631],['target'],02,001,2025-09-30_15h24.47.363,Visual Search Experiment,,2025.1.1,None,2025-09-30 15h24.53.844655 +0530,
20,0,20,[np.float64(-0.08777777777777777)],[np.float64(-0.2544444444444444)],[1],[0],[0],[1.0072957500815392],['target'],20,0,20,0,30.058600458083674,,5,30.051119999960065,30.058600458083674,30.058600458083674,0.008410834008827806,31.05853204196319,[np.float64(-0.08777777777777777)],[np.float64(-0.2544444444444444)],[1],[0],[0],[1.0072957500815392],['target'],02,001,2025-09-30_15h24.47.363,Visual Search Experiment,,2025.1.1,None,2025-09-30 15h24.53.844655 +0530,
21,0,21,[np.float64(0.3422222222222222)],[np.float64(-0.45555555555555555)],[1],[0],[0],[1.0816489590797573],['target'],21,0,21,0,31.085534624988213,,10,31.075160625157878,31.085534624988213,31.085534624988213,0.016518666874617338,32.15691279200837,[np.float64(0.3422222222222222)],[np.float64(-0.45555555555555555)],[1],[0],[0],[1.0816489590797573],['target'],02,001,2025-09-30_15h24.47.363,Visual Search Experiment,,2025.1.1,None,2025-09-30 15h24.53.844655 +0530,
22,0,22,[np.float64(0.4011111111111111)],[np.float64(0.09666666666666666)],[1],[0],[0],[1.0552389998920262],['target'],22,0,22,0,32.17293404205702,,5,32.16524949995801,32.17293404205702,32.17293404205702,0.008226749952882528,33.22062749997713,[np.float64(0.4011111111111111)],[np.float64(0.09666666666666666)],[1],[0],[0],[1.0552389998920262],['target'],02,001,2025-09-30_15h24.47.363,Visual Search Experiment,,2025.1.1,None,2025-09-30 15h24.53.844655 +0530,
23,0,23,[np.float64(0.14888888888888888)],[np.float64(0.12555555555555556)],[1],[0],[0],[0.8023132078815252],['target'],23,0,23,0,33.25020404206589,,10,33.23900637496263,33.25020404206589,33.25020404206589,0.01822991599328816,34.04151420807466,[np.float64(0.14888888888888888)],[np.float64(0.12555555555555556)],[1],[0],[0],[0.8023132078815252],['target'],02,001,2025-09-30_15h24.47.363,Visual Search Experiment,,2025.1.1,None,2025-09-30 15h24.53.844655 +0530,
24,0,24,[np.float64(0.21777777777777776)],[np.float64(0.4388888888888889)],[1],[0],[0],[1.1701149998698384],['target'],24,0,24,0,34.05951762502082,,5,34.05187483294867,34.05951762502082,34.05951762502082,0.010041542118415236,35.22210112516768,[np.float64(0.21777777777777776)],[np.float64(0.4388888888888889)],[1],[0],[0],[1.1701149998698384],['target'],02,001,2025-09-30_15h24.47.363,Visual Search Experiment,,2025.1.1,None,2025-09-30 15h24.53.844655 +0530,
25,0,25,[np.float64(0.23333333333333334)],[np.float64(0.3288888888888889)],[1],[0],[0],[0.7811689579393715],['target'],25,0,25,0,35.24909733305685,,10,35.23876087507233,35.24909733305685,35.24909733305685,0.016565790865570307,36.020035833120346,[np.float64(0.23333333333333334)],[np.float64(0.3288888888888889)],[1],[0],[0],[0.7811689579393715],['target'],02,001,2025-09-30_15h24.47.363,Visual Search Experiment,,2025.1.1,None,2025-09-30 15h24.53.844655 +0530,
26,0,26,[np.float64(0.34555555555555556)],[np.float64(-0.1511111111111111)],[1],[0],[0],[1.1673336250241846],['target'],26,0,26,0,36.046617625048384,,10,36.03651050012559,36.046617625048384,36.046617625048384,0.016352875158190727,37.20396325015463,[np.float64(0.34555555555555556)],[np.float64(-0.1511111111111111)],[1],[0],[0],[1.1673336250241846],['target'],02,001,2025-09-30_15h24.47.363,Visual Search Experiment,,2025.1.1,None,2025-09-30 15h24.53.844655 +0530,
27,0,27,[np.float64(-0.1111111111111111)],[np.float64(0.07333333333333333)],[1],[0],[0],[1.2122996670659631],['target'],27,0,27,0,37.22139225015417,,5,37.21390716708265,37.22139225015417,37.22139225015417,0.00979379191994667,38.42631170805544,[np.float64(-0.1111111111111111)],[np.float64(0.07333333333333333)],[1],[0],[0],[1.2122996670659631],['target'],02,001,2025-09-30_15h24.47.363,Visual Search Experiment,,2025.1.1,None,2025-09-30 15h24.53.844655 +0530,
28,0,28,[np.float64(0.10555555555555556)],[np.float64(-0.27444444444444444)],[1],[0],[0],[1.1810185420326889],['target'],28,0,28,0,38.45320612494834,,10,38.44302416709252,38.45320612494834,38.45320612494834,0.016618374967947602,39.624296500114724,[np.float64(0.10555555555555556)],[np.float64(-0.27444444444444444)],[1],[0],[0],[1.1810185420326889],['target'],02,001,2025-09-30_15h24.47.363,Visual Search Experiment,,2025.1.1,None,2025-09-30 15h24.53.844655 +0530,
29,0,29,[np.float64(0.11)],[np.float64(-0.4911111111111111)],[1],[0],[0],[1.5483643340412527],['target'],29,0,29,0,39.65294020809233,,10,39.64211929216981,39.65294020809233,39.65294020809233,0.01765062496997416,41.19063391699456,[np.float64(0.11)],[np.float64(-0.4911111111111111)],[1],[0],[0],[1.5483643340412527],['target'],02,001,2025-09-30_15h24.47.363,Visual Search Experiment,,2025.1.1,None,2025-09-30 15h24.53.844655 +0530,
30,0,30,[np.float64(0.37333333333333335)],[np.float64(0.44555555555555554)],[1],[0],[0],[2.0192795421462506],['target'],30,0,30,0,41.21799504198134,,10,41.207195583032444,41.21799504198134,41.21799504198134,0.016453291988000274,43.22658516699448,[np.float64(0.37333333333333335)],[np.float64(0.44555555555555554)],[1],[0],[0],[2.0192795421462506],['target'],02,001,2025-09-30_15h24.47.363,Visual Search Experiment,,2025.1.1,None,2025-09-30 15h24.53.844655 +0530,
31,0,31,[np.float64(0.03111111111111111)],[np.float64(0.07222222222222222)],[1],[0],[0],[1.0982708749361336],['target'],31,0,31,0,43.25308533315547,,10,43.242502625100315,43.25308533315547,43.25308533315547,0.015805625123903155,44.3408757080324,[np.float64(0.03111111111111111)],[np.float64(0.07222222222222222)],[1],[0],[0],[1.0982708749361336],['target'],02,001,2025-09-30_15h24.47.363,Visual Search Experiment,,2025.1.1,None,2025-09-30 15h24.53.844655 +0530,
32,0,32,[np.float64(-0.3466666666666667)],[np.float64(-0.38)],[1],[0],[0],[1.3428811661433429],['target'],32,0,32,0,44.35725212516263,,5,44.34913337510079,44.35725212516263,44.35725212516263,0.008148833876475692,45.69211675017141,[np.float64(-0.3466666666666667)],[np.float64(-0.38)],[1],[0],[0],[1.3428811661433429],['target'],02,001,2025-09-30_15h24.47.363,Visual Search Experiment,,2025.1.1,None,2025-09-30 15h24.53.844655 +0530,
33,0,33,[np.float64(-0.22333333333333333)],[np.float64(-0.13111111111111112)],[1],[0],[0],[0.9015158750116825],['target'],33,0,33,0,45.71860337513499,,10,45.708000750048086,45.71860337513499,45.71860337513499,0.015793583123013377,46.60962574998848,[np.float64(-0.22333333333333333)],[np.float64(-0.13111111111111112)],[1],[0],[0],[0.9015158750116825],['target'],02,001,2025-09-30_15h24.47.363,Visual Search Experiment,,2025.1.1,None,2025-09-30 15h24.53.844655 +0530,
34,0,34,[np.float64(-0.057777777777777775)],[np.float64(0.4111111111111111)],[1],[0],[0],[1.2869715001434088],['target'],34,0,34,0,46.625771917169914,,5,46.61791383312084,46.625771917169914,46.625771917169914,0.008177791954949498,47.905123207950965,[np.float64(-0.057777777777777775)],[np.float64(0.4111111111111111)],[1],[0],[0],[1.2869715001434088],['target'],02,001,2025-09-30_15h24.47.363,Visual Search Experiment,,2025.1.1,None,2025-09-30 15h24.53.844655 +0530,
35,0,35,[np.float64(0.09222222222222222)],[np.float64(-0.4488888888888889)],[1],[0],[0],[1.5018903750460595],['target'],35,0,35,0,47.93386562517844,,10,47.92311458312906,47.93386562517844,47.93386562517844,0.017742082942277193,49.42512541706674,[np.float64(0.09222222222222222)],[np.float64(-0.4488888888888889)],[1],[0],[0],[1.5018903750460595],['target'],02,001,2025-09-30_15h24.47.363,Visual Search Experiment,,2025.1.1,None,2025-09-30 15h24.53.844655 +0530,
36,0,36,[np.float64(-0.4111111111111111)],[np.float64(0.13)],[1],[0],[0],[1.3595635418314487],['target'],36,0,36,0,49.44102158304304,,5,49.433546541957185,49.44102158304304,49.44102158304304,0.008307249983772635,50.79322320804931,[np.float64(-0.4111111111111111)],[np.float64(0.13)],[1],[0],[0],[1.3595635418314487],['target'],02,001,2025-09-30_15h24.47.363,Visual Search Experiment,,2025.1.1,None,2025-09-30 15h24.53.844655 +0530,
37,0,37,[np.float64(-0.15777777777777777)],[np.float64(0.13555555555555557)],[1],[0],[0],[0.820347708882764],['target'],37,0,37,0,50.80871254205704,,5,50.80137279210612,50.80871254205704,50.80871254205704,0.008058375213295221,51.621821417007595,[np.float64(-0.15777777777777777)],[np.float64(0.13555555555555557)],[1],[0],[0],[0.820347708882764],['target'],02,001,2025-09-30_15h24.47.363,Visual Search Experiment,,2025.1.1,None,2025-09-30 15h24.53.844655 +0530,
38,0,38,[np.float64(0.42333333333333334)],[np.float64(0.4722222222222222)],[1],[0],[0],[2.0850076251663268],['target'],38,0,38,0,51.648982333019376,,10,51.638523041969165,51.648982333019376,51.648982333019376,0.016614082967862487,53.723633707966655,[np.float64(0.42333333333333334)],[np.float64(0.4722222222222222)],[1],[0],[0],[2.0850076251663268],['target'],02,001,2025-09-30_15h24.47.363,Visual Search Experiment,,2025.1.1,None,2025-09-30 15h24.53.844655 +0530,
39,0,39,[np.float64(-0.3933333333333333)],[np.float64(-0.4811111111111111)],[1],[0],[0],[1.5608282920438796],['target'],39,0,39,0,53.73965812497772,,5,53.732303250115365,53.73965812497772,53.73965812497772,0.008555500069633126,55.29324333299883,[np.float64(-0.3933333333333333)],[np.float64(-0.4811111111111111)],[1],[0],[0],[1.5608282920438796],['target'],02,001,2025-09-30_15h24.47.363,Visual Search Experiment,,2025.1.1,None,2025-09-30 15h24.53.844655 +0530,
40,0,40,[np.float64(0.46111111111111114)],[np.float64(-0.03)],[1],[0],[0],[1.5808075829409063],['target'],40,0,40,0,55.31994154211134,,10,55.30941904196516,55.31994154211134,55.31994154211134,0.016079708002507687,56.890328667126596,[np.float64(0.46111111111111114)],[np.float64(-0.03)],[1],[0],[0],[1.5808075829409063],['target'],02,001,2025-09-30_15h24.47.363,Visual Search Experiment,,2025.1.1,None,2025-09-30 15h24.53.844655 +0530,
41,0,41,[np.float64(0.48777777777777775)],[np.float64(-0.46)],[1],[0],[0],[1.4114294999744743],['target'],41,0,41,0,56.90681108296849,,5,56.89929400011897,56.90681108296849,56.90681108296849,0.00885762507095933,58.31084587494843,[np.float64(0.48777777777777775)],[np.float64(-0.46)],[1],[0],[0],[1.4114294999744743],['target'],02,001,2025-09-30_15h24.47.363,Visual Search Experiment,,2025.1.1,None,2025-09-30 15h24.53.844655 +0530,
42,0,42,[np.float64(0.5022222222222222)],[np.float64(-0.33666666666666667)],[1],[0],[0],[1.1633139171171933],['target'],42,0,42,0,58.337678499985486,,10,58.32762745814398,58.337678499985486,58.337678499985486,0.016690999967977405,59.49104554206133,[np.float64(0.5022222222222222)],[np.float64(-0.33666666666666667)],[1],[0],[0],[1.1633139171171933],['target'],02,001,2025-09-30_15h24.47.363,Visual Search Experiment,,2025.1.1,None,2025-09-30 15h24.53.844655 +0530,
43,0,43,[np.float64(0.37666666666666665)],[np.float64(0.15888888888888889)],[1],[0],[0],[1.4161353327799588],['target'],43,0,43,0,59.51826929207891,,10,59.508175208000466,59.51826929207891,59.51826929207891,0.017022291896864772,60.92441537510604,[np.float64(0.37666666666666665)],[np.float64(0.15888888888888889)],[1],[0],[0],[1.4161353327799588],['target'],02,001,2025-09-30_15h24.47.363,Visual Search Experiment,,2025.1.1,None,2025-09-30 15h24.53.844655 +0530,
44,0,44,[np.float64(0.49777777777777776)],[np.float64(-0.3244444444444444)],[1],[0],[0],[1.3264810419641435],['target'],44,0,44,0,60.940756167052314,,5,60.9329356669914,60.940756167052314,60.940756167052314,0.008410624926909804,62.259603042155504,[np.float64(0.49777777777777776)],[np.float64(-0.3244444444444444)],[1],[0],[0],[1.3264810419641435],['target'],02,001,2025-09-30_15h24.47.363,Visual Search Experiment,,2025.1.1,None,2025-09-30 15h24.53.844655 +0530,
45,0,45,[np.float64(-0.3655555555555556)],[np.float64(0.3233333333333333)],[1],[0],[0],[1.3387969168834388],['target'],45,0,45,0,62.276465125149116,,5,62.26801870809868,62.276465125149116,62.276465125149116,0.008140708087012172,63.606916500022635,[np.float64(-0.3655555555555556)],[np.float64(0.3233333333333333)],[1],[0],[0],[1.3387969168834388],['target'],02,001,2025-09-30_15h24.47.363,Visual Search Experiment,,2025.1.1,None,2025-09-30 15h24.53.844655 +0530,
46,0,46,[np.float64(0.19333333333333333)],[np.float64(-0.47888888888888886)],[1],[0],[0],[1.551716584013775],['target'],46,0,46,0,63.63290691701695,,10,63.62258974998258,63.63290691701695,63.63290691701695,0.015582666033878922,65.17440891708247,[np.float64(0.19333333333333333)],[np.float64(-0.47888888888888886)],[1],[0],[0],[1.551716584013775],['target'],02,001,2025-09-30_15h24.47.363,Visual Search Experiment,,2025.1.1,None,2025-09-30 15h24.53.844655 +0530,
47,0,47,[np.float64(-0.31777777777777777)],[np.float64(-0.26222222222222225)],[1],[0],[0],[1.3186963750049472],['target'],47,0,47,0,65.20114304195158,,10,65.19120408315212,65.20114304195158,65.20114304195158,0.016687541035935283,66.51001416705549,[np.float64(-0.31777777777777777)],[np.float64(-0.26222222222222225)],[1],[0],[0],[1.3186963750049472],['target'],02,001,2025-09-30_15h24.47.363,Visual Search Experiment,,2025.1.1,None,2025-09-30 15h24.53.844655 +0530,
48,0,48,[np.float64(0.13111111111111112)],[np.float64(-0.021111111111111112)],[1],[0],[0],[1.0746772920247167],['target'],48,0,48,0,66.52605533297174,,5,66.51849829195999,66.52605533297174,66.52605533297174,0.008372915908694267,67.59328266698867,[np.float64(0.13111111111111112)],[np.float64(-0.021111111111111112)],[1],[0],[0],[1.0746772920247167],['target'],02,001,2025-09-30_15h24.47.363,Visual Search Experiment,,2025.1.1,None,2025-09-30 15h24.53.844655 +0530,
49,0,49,[np.float64(-0.43666666666666665)],[np.float64(0.33111111111111113)],[1],[0],[0],[1.148783375043422],['target'],49,0,49,0,67.62022054195404,,10,67.61012691701762,67.62022054195404,67.62022054195404,0.01674879202619195,68.75903608300723,[np.float64(-0.43666666666666665)],[np.float64(0.33111111111111113)],[1],[0],[0],[1.148783375043422],['target'],02,001,2025-09-30_15h24.47.363,Visual Search Experiment,,2025.1.1,None,2025-09-30 15h24.53.844655 +0530,
50,0,50,[np.float64(-0.3244444444444444)],[np.float64(0.32222222222222224)],[1],[0],[0],[0.8740749589633197],['target'],50,0,50,0,68.77619720809162,,5,68.76823404198512,68.77619720809162,68.77619720809162,0.009049917105585337,69.64241070812568,[np.float64(-0.3244444444444444)],[np.float64(0.32222222222222224)],[1],[0],[0],[0.8740749589633197],['target'],02,001,2025-09-30_15h24.47.363,Visual Search Experiment,,2025.1.1,None,2025-09-30 15h24.53.844655 +0530,
51,0,51,[np.float64(0.30333333333333334)],[np.float64(-0.32555555555555554)],[1],[0],[0],[1.6980645000003278],['target'],51,0,51,0,69.66903445799835,,10,69.65890566702001,69.66903445799835,69.66903445799835,0.016405500005930662,71.3571972080972,[np.float64(0.30333333333333334)],[np.float64(-0.32555555555555554)],[1],[0],[0],[1.6980645000003278],['target'],02,001,2025-09-30_15h24.47.363,Visual Search Experiment,,2025.1.1,None,2025-09-30 15h24.53.844655 +0530,
52,0,52,[np.float64(-0.056666666666666664)],[np.float64(-0.2911111111111111)],[1],[0],[0],[0.9846344578545541],['target'],52,0,52,0,71.38423237507232,,10,71.37352925003506,71.38423237507232,71.38423237507232,0.016178250079974532,72.35827600001357,[np.float64(-0.056666666666666664)],[np.float64(-0.2911111111111111)],[1],[0],[0],[0.9846344578545541],['target'],02,001,2025-09-30_15h24.47.363,Visual Search Experiment,,2025.1.1,None,2025-09-30 15h24.53.844655 +0530,
53,0,53,[np.float64(0.06666666666666667)],[np.float64(-0.45222222222222225)],[1],[0],[0],[1.088830207940191],['target'],53,0,53,0,72.37543045799248,,5,72.3676160001196,72.37543045799248,72.37543045799248,0.009218458086252213,73.45654866704717,[np.float64(0.06666666666666667)],[np.float64(-0.45222222222222225)],[1],[0],[0],[1.088830207940191],['target'],02,001,2025-09-30_15h24.47.363,Visual Search Experiment,,2025.1.1,None,2025-09-30 15h24.53.844655 +0530,
54,0,54,[np.float64(0.1688888888888889)],[np.float64(-0.4311111111111111)],[1],[0],[0],[0.8895229159388691],['target'],54,0,54,0,73.47296495805494,,5,73.4654725829605,73.47296495805494,73.47296495805494,0.008833167143166065,74.3551018750295,[np.float64(0.1688888888888889)],[np.float64(-0.4311111111111111)],[1],[0],[0],[0.8895229159388691],['target'],02,001,2025-09-30_15h24.47.363,Visual Search Experiment,,2025.1.1,None,2025-09-30 15h24.53.844655 +0530,
55,0,55,[np.float64(-0.40444444444444444)],[np.float64(-0.20666666666666667)],[1],[0],[0],[1.1533830829430372],['target'],55,0,55,0,74.38183058309369,,10,74.37130400002934,74.38183058309369,74.38183058309369,0.016103292116895318,75.52479066699743,[np.float64(-0.40444444444444444)],[np.float64(-0.20666666666666667)],[1],[0],[0],[1.1533830829430372],['target'],02,001,2025-09-30_15h24.47.363,Visual Search Experiment,,2025.1.1,None,2025-09-30 15h24.53.844655 +0530,
56,0,56,[np.float64(-0.29888888888888887)],[np.float64(0.04777777777777778)],[1],[0],[0],[1.1845652498304844],['target'],56,0,56,0,75.55248562502675,,10,75.54133491707034,75.55248562502675,75.55248562502675,0.01644820813089609,76.72607487509958,[np.float64(-0.29888888888888887)],[np.float64(0.04777777777777778)],[1],[0],[0],[1.1845652498304844],['target'],02,001,2025-09-30_15h24.47.363,Visual Search Experiment,,2025.1.1,None,2025-09-30 15h24.53.844655 +0530,
57,0,57,[np.float64(-0.3244444444444444)],[np.float64(-0.10777777777777778)],[1],[0],[0],[0.9985954591538757],['target'],57,0,57,0,76.75407616700977,,10,76.74275808315724,76.75407616700977,76.75407616700977,0.016569499857723713,77.74146633315831,[np.float64(-0.3244444444444444)],[np.float64(-0.10777777777777778)],[1],[0],[0],[0.9985954591538757],['target'],02,001,2025-09-30_15h24.47.363,Visual Search Experiment,,2025.1.1,None,2025-09-30 15h24.53.844655 +0530,
58,0,58,[np.float64(0.12444444444444444)],[np.float64(0.10222222222222223)],[1],[0],[0],[1.426461209077388],['target'],58,0,58,0,77.7575469580479,,5,77.7497199580539,77.7575469580479,77.7575469580479,0.008145292056724429,79.17629333306104,[np.float64(0.12444444444444444)],[np.float64(0.10222222222222223)],[1],[0],[0],[1.426461209077388],['target'],02,001,2025-09-30_15h24.47.363,Visual Search Experiment,,2025.1.1,None,2025-09-30 15h24.53.844655 +0530,
59,0,59,[np.float64(-0.48777777777777775)],[np.float64(0.016666666666666666)],[1],[0],[0],[1.041490999981761],['target'],59,0,59,0,79.19261512509547,,5,79.18474666704424,79.19261512509547,79.19261512509547,0.008360499981790781,80.22634912515059,[np.float64(-0.48777777777777775)],[np.float64(0.016666666666666666)],[1],[0],[0],[1.041490999981761],['target'],02,001,2025-09-30_15h24.47.363,Visual Search Experiment,,2025.1.1,None,2025-09-30 15h24.53.844655 +0530,
60,0,60,[np.float64(-0.03222222222222222)],[np.float64(-0.1411111111111111)],[1],[0],[0],[1.1156752922106534],['target'],60,0,60,0,80.25339429196902,,10,80.24253250006586,80.25339429196902,80.25339429196902,0.016094249906018376,81.3583125420846,[np.float64(-0.03222222222222222)],[np.float64(-0.1411111111111111)],[1],[0],[0],[1.1156752922106534],['target'],02,001,2025-09-30_15h24.47.363,Visual Search Experiment,,2025.1.1,None,2025-09-30 15h24.53.844655 +0530,
61,0,61,[np.float64(0.008888888888888889)],[np.float64(0.18333333333333332)],[1],[0],[0],[1.24792500003241],['target'],61,0,61,0,81.38802916696295,,10,81.3770590829663,81.38802916696295,81.38802916696295,0.018652499886229634,82.62513545807451,[np.float64(0.008888888888888889)],[np.float64(0.18333333333333332)],[1],[0],[0],[1.24792500003241],['target'],02,001,2025-09-30_15h24.47.363,Visual Search Experiment,,2025.1.1,None,2025-09-30 15h24.53.844655 +0530,
62,0,62,[np.float64(-0.14666666666666667)],[np.float64(0.31333333333333335)],[1],[0],[0],[1.0739034169819206],['target'],62,0,62,0,82.64345558313653,,5,82.63545991713181,82.64345558313653,82.64345558313653,0.010216417023912072,83.70946720801294,[np.float64(-0.14666666666666667)],[np.float64(0.31333333333333335)],[1],[0],[0],[1.0739034169819206],['target'],02,001,2025-09-30_15h24.47.363,Visual Search Experiment,,2025.1.1,None,2025-09-30 15h24.53.844655 +0530,
63,0,63,[np.float64(0.20222222222222222)],[np.float64(-0.052222222222222225)],[1],[0],[0],[1.1136546251364052],['target'],63,0,63,0,83.73746508313343,,10,83.72647087508813,83.73746508313343,83.73746508313343,0.016913834027945995,84.84022766700946,[np.float64(0.20222222222222222)],[np.float64(-0.052222222222222225)],[1],[0],[0],[1.1136546251364052],['target'],02,001,2025-09-30_15h24.47.363,Visual Search Experiment,,2025.1.1,None,2025-09-30 15h24.53.844655 +0530,
64,0,64,[np.float64(0.43444444444444447)],[np.float64(-0.3433333333333333)],[1],[0],[0],[1.22821958293207],['target'],64,0,64,0,84.85699412506074,,5,84.8490390421357,84.85699412506074,84.85699412506074,0.008695875061675906,86.07735999999568,[np.float64(0.43444444444444447)],[np.float64(-0.3433333333333333)],[1],[0],[0],[1.22821958293207],['target'],02,001,2025-09-30_15h24.47.363,Visual Search Experiment,,2025.1.1,None,2025-09-30 15h24.53.844655 +0530,
65,0,65,[np.float64(-0.45222222222222225)],[np.float64(0.022222222222222223)],[1],[0],[0],[1.5163834157865494],['target'],65,0,65,0,86.10457616695203,,10,86.09330516704358,86.10457616695203,86.10457616695203,0.015857124933972955,87.60979095799848,[np.float64(-0.45222222222222225)],[np.float64(0.022222222222222223)],[1],[0],[0],[1.5163834157865494],['target'],02,001,2025-09-30_15h24.47.363,Visual Search Experiment,,2025.1.1,None,2025-09-30 15h24.53.844655 +0530,
66,0,66,[np.float64(0.15888888888888889)],[np.float64(0.08666666666666667)],[1],[0],[0],[1.3585266249720007],['target'],66,0,66,0,87.62555141700432,,5,87.61817054217681,87.62555141700432,87.62555141700432,0.008269625017419457,88.97680725017563,[np.float64(0.15888888888888889)],[np.float64(0.08666666666666667)],[1],[0],[0],[1.3585266249720007],['target'],02,001,2025-09-30_15h24.47.363,Visual Search Experiment,,2025.1.1,None,2025-09-30 15h24.53.844655 +0530,
67,0,67,[np.float64(-0.16333333333333333)],[np.float64(0.22333333333333333)],[1],[0],[0],[1.041089584119618],['target'],67,0,67,0,88.99440779211,,5,88.98626287514344,88.99440779211,88.99440779211,0.009359332965686917,90.02745404210873,[np.float64(-0.16333333333333333)],[np.float64(0.22333333333333333)],[1],[0],[0],[1.041089584119618],['target'],02,001,2025-09-30_15h24.47.363,Visual Search Experiment,,2025.1.1,None,2025-09-30 15h24.53.844655 +0530,
68,0,68,[np.float64(0.4722222222222222)],[np.float64(-0.01888888888888889)],[1],[0],[0],[1.7125399578362703],['target'],68,0,68,0,90.05602004216053,,10,90.04402866703458,90.05602004216053,90.05602004216053,0.016470666974782944,91.75667504197918,[np.float64(0.4722222222222222)],[np.float64(-0.01888888888888889)],[1],[0],[0],[1.7125399578362703],['target'],02,001,2025-09-30_15h24.47.363,Visual Search Experiment,,2025.1.1,None,2025-09-30 15h24.53.844655 +0530,
69,0,69,[np.float64(0.21888888888888888)],[np.float64(-0.3055555555555556)],[1],[0],[0],[2.3883189589250833],['target'],69,0,69,0,91.77942958311178,,10,91.77002529217862,91.77942958311178,91.77942958311178,0.01325587509199977,94.15844145813026,[np.float64(0.21888888888888888)],[np.float64(-0.3055555555555556)],[1],[0],[0],[2.3883189589250833],['target'],02,001,2025-09-30_15h24.47.363,Visual Search Experiment,,2025.1.1,None,2025-09-30 15h24.53.844655 +0530,
70,0,70,[np.float64(-0.03777777777777778)],[np.float64(0.47555555555555556)],[1],[0],[0],[1.8577406250406057],['target'],70,0,70,0,94.18574291700497,,10,94.17536954209208,94.18574291700497,94.18574291700497,0.016792249865829945,96.03325741714798,[np.float64(-0.03777777777777778)],[np.float64(0.47555555555555556)],[1],[0],[0],[1.8577406250406057],['target'],02,001,2025-09-30_15h24.47.363,Visual Search Experiment,,2025.1.1,None,2025-09-30 15h24.53.844655 +0530,
71,0,71,[np.float64(0.006666666666666667)],[np.float64(-0.09222222222222222)],[1],[0],[0],[1.4929030830971897],['target'],71,0,71,0,96.06038754200563,,10,96.04918425017968,96.06038754200563,96.06038754200563,0.01581975002773106,97.54223937517963,[np.float64(0.006666666666666667)],[np.float64(-0.09222222222222222)],[1],[0],[0],[1.4929030830971897],['target'],02,001,2025-09-30_15h24.47.363,Visual Search Experiment,,2025.1.1,None,2025-09-30 15h24.53.844655 +0530,
72,0,72,[np.float64(0.03)],[np.float64(0.10333333333333333)],[1],[0],[0],[0.9249237501062453],['target'],72,0,72,0,97.56089258310385,,5,97.5524857500568,97.56089258310385,97.56089258310385,0.010122874984517694,98.47751200012863,[np.float64(0.03)],[np.float64(0.10333333333333333)],[1],[0],[0],[0.9249237501062453],['target'],02,001,2025-09-30_15h24.47.363,Visual Search Experiment,,2025.1.1,None,2025-09-30 15h24.53.844655 +0530,
73,0,73,[np.float64(-0.3522222222222222)],[np.float64(0.06111111111111111)],[1],[0],[0],[1.341496666893363],['target'],73,0,73,0,98.49355958309025,,5,98.48579908302054,98.49355958309025,98.49355958309025,0.008194416994228959,99.82740095816553,[np.float64(-0.3522222222222222)],[np.float64(0.06111111111111111)],[1],[0],[0],[1.341496666893363],['target'],02,001,2025-09-30_15h24.47.363,Visual Search Experiment,,2025.1.1,None,2025-09-30 15h24.53.844655 +0530,
74,0,74,[np.float64(-0.4911111111111111)],[np.float64(-0.21666666666666667)],[1],[0],[0],[1.3173029590398073],['target'],74,0,74,0,99.85447766701691,,10,99.84387129195966,99.85447766701691,99.85447766701691,0.016391125041991472,101.16134216706268,[np.float64(-0.4911111111111111)],[np.float64(-0.21666666666666667)],[1],[0],[0],[1.3173029590398073],['target'],02,001,2025-09-30_15h24.47.363,Visual Search Experiment,,2025.1.1,None,2025-09-30 15h24.53.844655 +0530,
75,0,75,[np.float64(0.4911111111111111)],[np.float64(-0.06444444444444444)],[1],[0],[0],[1.3534031249582767],['target'],75,0,75,0,101.17859133309685,,5,101.17026087502018,101.17859133309685,101.17859133309685,0.008811083855107427,102.52376329200342,[np.float64(0.4911111111111111)],[np.float64(-0.06444444444444444)],[1],[0],[0],[1.3534031249582767],['target'],02,001,2025-09-30_15h24.47.363,Visual Search Experiment,,2025.1.1,None,2025-09-30 15h24.53.844655 +0530,
76,0,76,[np.float64(0.08222222222222222)],[np.float64(0.0)],[1],[0],[0],[1.031282874988392],['target'],76,0,76,0,102.55071100010537,,10,102.54006220796145,102.55071100010537,102.55071100010537,0.01620983285829425,103.57145412499085,[np.float64(0.08222222222222222)],[np.float64(0.0)],[1],[0],[0],[1.031282874988392],['target'],02,001,2025-09-30_15h24.47.363,Visual Search Experiment,,2025.1.1,None,2025-09-30 15h24.53.844655 +0530,
77,0,77,[np.float64(-0.15444444444444444)],[np.float64(0.09666666666666666)],[1],[0],[0],[0.9879525830037892],['target'],77,0,77,0,103.5981293329969,,10,103.58758649998344,103.5981293329969,103.5981293329969,0.016003958182409406,104.57564333314076,[np.float64(-0.15444444444444444)],[np.float64(0.09666666666666666)],[1],[0],[0],[0.9879525830037892],['target'],02,001,2025-09-30_15h24.47.363,Visual Search Experiment,,2025.1.1,None,2025-09-30 15h24.53.844655 +0530,
78,0,78,[np.float64(0.40444444444444444)],[np.float64(-0.44)],[1],[0],[0],[1.3560835421085358],['target'],78,0,78,0,104.5918766669929,,5,104.58435633312911,104.5918766669929,104.5918766669929,0.008603375172242522,105.94053883315064,[np.float64(0.40444444444444444)],[np.float64(-0.44)],[1],[0],[0],[1.3560835421085358],['target'],02,001,2025-09-30_15h24.47.363,Visual Search Experiment,,2025.1.1,None,2025-09-30 15h24.53.844655 +0530,
79,0,79,[np.float64(-0.3488888888888889)],[np.float64(-0.22111111111111112)],[1],[0],[0],[1.6215358751360327],['target'],79,0,79,0,105.9595273330342,,5,105.95099004195072,105.9595273330342,105.9595273330342,0.010387791087850928,107.57269749999978,[np.float64(-0.3488888888888889)],[np.float64(-0.22111111111111112)],[1],[0],[0],[1.6215358751360327],['target'],02,001,2025-09-30_15h24.47.363,Visual Search Experiment,,2025.1.1,None,2025-09-30 15h24.53.844655 +0530,
80,0,80,[np.float64(-0.30333333333333334)],[np.float64(0.43)],[1],[0],[0],[1.293538374826312],['target'],80,0,80,0,107.58875016705133,,5,107.58139375015162,107.58875016705133,107.58875016705133,0.00856804195791483,108.87502970802598,[np.float64(-0.30333333333333334)],[np.float64(0.43)],[1],[0],[0],[1.293538374826312],['target'],02,001,2025-09-30_15h24.47.363,Visual Search Experiment,,2025.1.1,None,2025-09-30 15h24.53.844655 +0530,
81,0,81,[np.float64(0.37222222222222223)],[np.float64(-0.15666666666666668)],[1],[0],[0],[1.6608356249053031],['target'],81,0,81,0,108.89154099998996,,5,108.88326016697101,108.89154099998996,108.89154099998996,0.008141583064571023,110.54420087509789,[np.float64(0.37222222222222223)],[np.float64(-0.15666666666666668)],[1],[0],[0],[1.6608356249053031],['target'],02,001,2025-09-30_15h24.47.363,Visual Search Experiment,,2025.1.1,None,2025-09-30 15h24.53.844655 +0530,
82,0,82,[np.float64(0.13444444444444445)],[np.float64(-0.07333333333333333)],[1],[0],[0],[0.9170750000048429],['target'],82,0,82,0,110.57203858299181,,10,110.56176437507384,110.57203858299181,110.57203858299181,0.01747324992902577,111.47895470797084,[np.float64(0.13444444444444445)],[np.float64(-0.07333333333333333)],[1],[0],[0],[0.9170750000048429],['target'],02,001,2025-09-30_15h24.47.363,Visual Search Experiment,,2025.1.1,None,2025-09-30 15h24.53.844655 +0530,
83,0,83,[np.float64(0.4266666666666667)],[np.float64(0.4022222222222222)],[1],[0],[0],[1.331139124929905],['target'],83,0,83,0,111.50591204199009,,10,111.49554579216056,111.50591204199009,111.50591204199009,0.016492499969899654,112.82683433312923,[np.float64(0.4266666666666667)],[np.float64(0.4022222222222222)],[1],[0],[0],[1.331139124929905],['target'],02,001,2025-09-30_15h24.47.363,Visual Search Experiment,,2025.1.1,None,2025-09-30 15h24.53.844655 +0530,
84,0,84,[np.float64(-0.24666666666666667)],[np.float64(0.07111111111111111)],[1],[0],[0],[1.059065124951303],['target'],84,0,84,0,112.84301704214886,,5,112.83546170801856,112.84301704214886,112.84301704214886,0.0085187500808388,113.89463075017557,[np.float64(-0.24666666666666667)],[np.float64(0.07111111111111111)],[1],[0],[0],[1.059065124951303],['target'],02,001,2025-09-30_15h24.47.363,Visual Search Experiment,,2025.1.1,None,2025-09-30 15h24.53.844655 +0530,
85,0,85,[np.float64(-0.31777777777777777)],[np.float64(0.15555555555555556)],[1],[0],[0],[0.7739471250679344],['target'],85,0,85,0,113.91186483297497,,5,113.9041117921006,113.91186483297497,113.91186483297497,0.00939354207366705,114.67816058313474,[np.float64(-0.31777777777777777)],[np.float64(0.15555555555555556)],[1],[0],[0],[0.7739471250679344],['target'],02,001,2025-09-30_15h24.47.363,Visual Search Experiment,,2025.1.1,None,2025-09-30 15h24.53.844655 +0530,
86,0,86,[np.float64(0.37444444444444447)],[np.float64(-0.43333333333333335)],[1],[0],[0],[1.5859439999330789],['target'],86,0,86,0,114.69446179200895,,5,114.68656725017354,114.69446179200895,114.69446179200895,0.008299499982967973,116.27263341704383,[np.float64(0.37444444444444447)],[np.float64(-0.43333333333333335)],[1],[0],[0],[1.5859439999330789],['target'],02,001,2025-09-30_15h24.47.363,Visual Search Experiment,,2025.1.1,None,2025-09-30 15h24.53.844655 +0530,
87,0,87,[np.float64(0.09444444444444444)],[np.float64(0.4488888888888889)],[1],[0],[0],[1.9079531668685377],['target'],87,0,87,0,116.28903287509456,,5,116.28165545803495,116.28903287509456,116.28903287509456,0.008905542083084583,118.18971508299,[np.float64(0.09444444444444444)],[np.float64(0.4488888888888889)],[1],[0],[0],[1.9079531668685377],['target'],02,001,2025-09-30_15h24.47.363,Visual Search Experiment,,2025.1.1,None,2025-09-30 15h24.53.844655 +0530,
88,0,88,[np.float64(0.04)],[np.float64(0.07777777777777778)],[1],[0],[0],[1.4440662909764796],['target'],88,0,88,0,118.20739850006066,,5,118.1994583751075,118.20739850006066,118.20739850006066,0.009649249957874417,119.64368829200976,[np.float64(0.04)],[np.float64(0.07777777777777778)],[1],[0],[0],[1.4440662909764796],['target'],02,001,2025-09-30_15h24.47.363,Visual Search Experiment,,2025.1.1,None,2025-09-30 15h24.53.844655 +0530,
89,0,89,[np.float64(-0.14888888888888888)],[np.float64(-0.12777777777777777)],[1],[0],[0],[1.0091993750538677],['target'],89,0,89,0,119.66049000015482,,5,119.65240174997598,119.66049000015482,119.66049000015482,0.008625665912404656,120.66170704201795,[np.float64(-0.14888888888888888)],[np.float64(-0.12777777777777777)],[1],[0],[0],[1.0091993750538677],['target'],02,001,2025-09-30_15h24.47.363,Visual Search Experiment,,2025.1.1,None,2025-09-30 15h24.53.844655 +0530,
90,0,90,[np.float64(0.2411111111111111)],[np.float64(-0.36777777777777776)],[1],[0],[0],[1.8054728750139475],['target'],90,0,90,0,120.68017154210247,,5,120.67200333299115,120.68017154210247,120.68017154210247,0.010204082820564508,122.47758800000884,[np.float64(0.2411111111111111)],[np.float64(-0.36777777777777776)],[1],[0],[0],[1.8054728750139475],['target'],02,001,2025-09-30_15h24.47.363,Visual Search Experiment,,2025.1.1,None,2025-09-30 15h24.53.844655 +0530,
91,0,91,[np.float64(-0.36444444444444446)],[np.float64(0.14666666666666667)],[1],[0],[0],[1.6243806250859052],['target'],91,0,91,0,122.49396333307959,,5,122.48623512499034,122.49396333307959,122.49396333307959,0.008555084001272917,124.11072395811789,[np.float64(-0.36444444444444446)],[np.float64(0.14666666666666667)],[1],[0],[0],[1.6243806250859052],['target'],02,001,2025-09-30_15h24.47.363,Visual Search Experiment,,2025.1.1,None,2025-09-30 15h24.53.844655 +0530,
92,0,92,[np.float64(0.19666666666666666)],[np.float64(0.13111111111111112)],[1],[0],[0],[1.0217710840515792],['target'],92,0,92,0,124.12689075013623,,5,124.11885066702962,124.12689075013623,124.12689075013623,0.008036250015720725,125.14072150015272,[np.float64(0.19666666666666666)],[np.float64(0.13111111111111112)],[1],[0],[0],[1.0217710840515792],['target'],02,001,2025-09-30_15h24.47.363,Visual Search Experiment,,2025.1.1,None,2025-09-30 15h24.53.844655 +0530,
93,0,93,[np.float64(-0.4955555555555556)],[np.float64(0.45666666666666667)],[1],[0],[0],[1.209381541935727],['target'],93,0,93,0,125.15751895797439,,5,125.1496668329928,125.15751895797439,125.15751895797439,0.008856292115524411,126.35916545800865,[np.float64(-0.4955555555555556)],[np.float64(0.45666666666666667)],[1],[0],[0],[1.209381541935727],['target'],02,001,2025-09-30_15h24.47.363,Visual Search Experiment,,2025.1.1,None,2025-09-30 15h24.53.844655 +0530,
94,0,94,[np.float64(-0.012222222222222223)],[np.float64(0.13)],[1],[0],[0],[1.217605457874015],['target'],94,0,94,0,126.38676799996756,,10,126.37606766703539,126.38676799996756,126.38676799996756,0.016796792158856988,127.59379483317025,[np.float64(-0.012222222222222223)],[np.float64(0.13)],[1],[0],[0],[1.217605457874015],['target'],02,001,2025-09-30_15h24.47.363,Visual Search Experiment,,2025.1.1,None,2025-09-30 15h24.53.844655 +0530,
95,0,95,[np.float64(0.4011111111111111)],[np.float64(-0.3488888888888889)],[1],[0],[0],[1.1879599168896675],['target'],95,0,95,0,127.61249366705306,,5,127.60435533314012,127.61249366705306,127.61249366705306,0.01040545804426074,128.7924190000631,[np.float64(0.4011111111111111)],[np.float64(-0.3488888888888889)],[1],[0],[0],[1.1879599168896675],['target'],02,001,2025-09-30_15h24.47.363,Visual Search Experiment,,2025.1.1,None,2025-09-30 15h24.53.844655 +0530,
96,0,96,[np.float64(0.15888888888888889)],[np.float64(-0.4288888888888889)],[1],[0],[0],[1.2109919998329133],['target'],96,0,96,0,128.80840625008568,,5,128.80097045795992,128.80840625008568,128.80840625008568,0.008464040933176875,130.01207141717896,[np.float64(0.15888888888888889)],[np.float64(-0.4288888888888889)],[1],[0],[0],[1.2109919998329133],['target'],02,001,2025-09-30_15h24.47.363,Visual Search Experiment,,2025.1.1,None,2025-09-30 15h24.53.844655 +0530,
97,0,97,[np.float64(-0.3977777777777778)],[np.float64(0.16777777777777778)],[1],[0],[0],[1.4381273749750108],['target'],97,0,97,0,130.0299541251734,,5,130.0217370830942,130.0299541251734,130.0299541251734,0.009556666016578674,131.45996883301996,[np.float64(-0.3977777777777778)],[np.float64(0.16777777777777778)],[1],[0],[0],[1.4381273749750108],['target'],02,001,2025-09-30_15h24.47.363,Visual Search Experiment,,2025.1.1,None,2025-09-30 15h24.53.844655 +0530,
98,0,98,[np.float64(-0.37777777777777777)],[np.float64(-0.25666666666666665)],[1],[0],[0],[1.1871057918760926],['target'],98,0,98,0,131.47653475007974,,5,131.46829250012524,131.47653475007974,131.47653475007974,0.008234459208324552,132.6555092500057,[np.float64(-0.37777777777777777)],[np.float64(-0.25666666666666665)],[1],[0],[0],[1.1871057918760926],['target'],02,001,2025-09-30_15h24.47.363,Visual Search Experiment,,2025.1.1,None,2025-09-30 15h24.53.844655 +0530,
99,0,99,[np.float64(0.2644444444444444)],[np.float64(0.21666666666666667)],[1],[0],[0],[1.2285621659830213],['target'],99,0,99,0,132.67268241709098,,5,132.664731167024,132.67268241709098,132.67268241709098,0.00912091601639986,133.89344212505966,[np.float64(0.2644444444444444)],[np.float64(0.21666666666666667)],[1],[0],[0],[1.2285621659830213],['target'],02,001,2025-09-30_15h24.47.363,Visual Search Experiment,,2025.1.1,None,2025-09-30 15h24.53.844655 +0530,
100,0,100,[np.float64(-0.2388888888888889)],[np.float64(-0.18333333333333332)],[1],[0],[0],[1.2761162919923663],['target'],100,0,100,0,133.91059691715054,,5,133.90289745805785,133.91059691715054,133.91059691715054,0.009290582966059446,135.1791155000683,[np.float64(-0.2388888888888889)],[np.float64(-0.18333333333333332)],[1],[0],[0],[1.2761162919923663],['target'],02,001,2025-09-30_15h24.47.363,Visual Search Experiment,,2025.1.1,None,2025-09-30 15h24.53.844655 +0530,
101,0,101,[np.float64(-0.34555555555555556)],[np.float64(0.48333333333333334)],[1],[0],[0],[1.2654515409376472],['target'],101,0,101,0,135.20548529201187,,10,135.1954551669769,135.20548529201187,135.20548529201187,0.0162516669370234,136.46102958312258,[np.float64(-0.34555555555555556)],[np.float64(0.48333333333333334)],[1],[0],[0],[1.2654515409376472],['target'],02,001,2025-09-30_15h24.47.363,Visual Search Experiment,,2025.1.1,None,2025-09-30 15h24.53.844655 +0530,
102,0,102,[np.float64(0.3277777777777778)],[np.float64(-0.28555555555555556)],[1],[0],[0],[1.6252240829635412],['target'],102,0,102,0,136.47738512512296,,5,136.46948362514377,136.47738512512296,136.47738512512296,0.008337332867085934,138.09481904213317,[np.float64(0.3277777777777778)],[np.float64(-0.28555555555555556)],[1],[0],[0],[1.6252240829635412],['target'],02,001,2025-09-30_15h24.47.363,Visual Search Experiment,,2025.1.1,None,2025-09-30 15h24.53.844655 +0530,
103,0,103,[np.float64(-0.3088888888888889)],[np.float64(0.42444444444444446)],[1],[0],[0],[1.7346719580236822],['target'],103,0,103,0,138.1210451249499,,10,138.11063416698016,138.1210451249499,138.1210451249499,0.01572404196485877,139.84541083313525,[np.float64(-0.3088888888888889)],[np.float64(0.42444444444444446)],[1],[0],[0],[1.7346719580236822],['target'],02,001,2025-09-30_15h24.47.363,Visual Search Experiment,,2025.1.1,None,2025-09-30 15h24.53.844655 +0530,
104,0,104,[np.float64(0.20333333333333334)],[np.float64(0.33444444444444443)],[1],[0],[0],[1.1811881670728326],['target'],104,0,104,0,139.87346875015646,,10,139.86243387497962,139.87346875015646,139.87346875015646,0.01691779214888811,141.04373425012454,[np.float64(0.20333333333333334)],[np.float64(0.33444444444444443)],[1],[0],[0],[1.1811881670728326],['target'],02,001,2025-09-30_15h24.47.363,Visual Search Experiment,,2025.1.1,None,2025-09-30 15h24.53.844655 +0530,
105,0,105,[np.float64(-0.2611111111111111)],[np.float64(0.3111111111111111)],[1],[0],[0],[1.1138954579364508],['target'],105,0,105,0,141.07412591716275,,10,141.06215600017458,141.07412591716275,141.07412591716275,0.018303582910448313,142.17616195813753,[np.float64(-0.2611111111111111)],[np.float64(0.3111111111111111)],[1],[0],[0],[1.1138954579364508],['target'],02,001,2025-09-30_15h24.47.363,Visual Search Experiment,,2025.1.1,None,2025-09-30 15h24.53.844655 +0530,
106,0,106,[np.float64(-0.25555555555555554)],[np.float64(0.15333333333333332)],[1],[0],[0],[0.8749866669531912],['target'],106,0,106,0,142.19247379200533,,5,142.18470833310857,142.19247379200533,142.19247379200533,0.008435999974608421,143.05979641713202,[np.float64(-0.25555555555555554)],[np.float64(0.15333333333333332)],[1],[0],[0],[0.8749866669531912],['target'],02,001,2025-09-30_15h24.47.363,Visual Search Experiment,,2025.1.1,None,2025-09-30 15h24.53.844655 +0530,
107,0,107,[np.float64(0.44555555555555554)],[np.float64(-0.48333333333333334)],[1],[0],[0],[1.7929777910467237],['target'],107,0,107,0,143.07591916713864,,5,143.06817275006324,143.07591916713864,143.07591916713864,0.008289082907140255,144.8612538331654,[np.float64(0.44555555555555554)],[np.float64(-0.48333333333333334)],[1],[0],[0],[1.7929777910467237],['target'],02,001,2025-09-30_15h24.47.363,Visual Search Experiment,,2025.1.1,None,2025-09-30 15h24.53.844655 +0530,
108,0,108,[np.float64(-0.09555555555555556)],[np.float64(0.12777777777777777)],[1],[0],[0],[1.4080864160787314],['target'],108,0,108,0,144.8773308750242,,5,144.86954575008713,144.8773308750242,144.8773308750242,0.008204583078622818,146.27773970807903,[np.float64(-0.09555555555555556)],[np.float64(0.12777777777777777)],[1],[0],[0],[1.4080864160787314],['target'],02,001,2025-09-30_15h24.47.363,Visual Search Experiment,,2025.1.1,None,2025-09-30 15h24.53.844655 +0530,
109,0,109,[np.float64(0.4922222222222222)],[np.float64(-0.14222222222222222)],[1],[0],[0],[2.216313999844715],['target'],109,0,109,0,146.30418116715737,,10,146.29377012513578,146.30418116715737,146.30418116715737,0.015939625212922692,148.51019054208882,[np.float64(0.4922222222222222)],[np.float64(-0.14222222222222222)],[1],[0],[0],[2.216313999844715],['target'],02,001,2025-09-30_15h24.47.363,Visual Search Experiment,,2025.1.1,None,2025-09-30 15h24.53.844655 +0530,
110,0,110,[np.float64(-0.06777777777777778)],[np.float64(-0.25222222222222224)],[1],[0],[0],[1.7262573749758303],['target'],110,0,110,0,148.52688920800574,,5,148.51881508296356,148.52688920800574,148.52688920800574,0.008517916081473231,150.24518441711552,[np.float64(-0.06777777777777778)],[np.float64(-0.25222222222222224)],[1],[0],[0],[1.7262573749758303],['target'],02,001,2025-09-30_15h24.47.363,Visual Search Experiment,,2025.1.1,None,2025-09-30 15h24.53.844655 +0530,
111,0,111,[np.float64(-0.2722222222222222)],[np.float64(0.13555555555555557)],[1],[0],[0],[1.2880870830267668],['target'],111,0,111,0,150.26101129199378,,5,150.25338075007312,150.26101129199378,150.26101129199378,0.008108708076179028,151.54156779195182,[np.float64(-0.2722222222222222)],[np.float64(0.13555555555555557)],[1],[0],[0],[1.2880870830267668],['target'],02,001,2025-09-30_15h24.47.363,Visual Search Experiment,,2025.1.1,None,2025-09-30 15h24.53.844655 +0530,
112,0,112,[np.float64(0.08777777777777777)],[np.float64(-0.16)],[1],[0],[0],[1.3023570831865072],['target'],112,0,112,0,151.5691443751566,,10,151.5582841669675,151.5691443751566,151.5691443751566,0.016629833029583097,152.86075454205275,[np.float64(0.08777777777777777)],[np.float64(-0.16)],[1],[0],[0],[1.3023570831865072],['target'],02,001,2025-09-30_15h24.47.363,Visual Search Experiment,,2025.1.1,None,2025-09-30 15h24.53.844655 +0530,
113,0,113,[np.float64(0.26222222222222225)],[np.float64(0.24333333333333335)],[1],[0],[0],[1.0483697499148548],['target'],113,0,113,0,152.88978541712277,,10,152.8778829171788,152.88978541712277,152.88978541712277,0.017013208009302616,153.92640433297493,[np.float64(0.26222222222222225)],[np.float64(0.24333333333333335)],[1],[0],[0],[1.0483697499148548],['target'],02,001,2025-09-30_15h24.47.363,Visual Search Experiment,,2025.1.1,None,2025-09-30 15h24.53.844655 +0530,
114,0,114,[np.float64(0.37666666666666665)],[np.float64(0.28)],[1],[0],[0],[0.7868979589547962],['target'],114,0,114,0,153.95421312516555,,10,153.9431286251638,153.95421312516555,153.95421312516555,0.016617957968264818,154.73014329210855,[np.float64(0.37666666666666665)],[np.float64(0.28)],[1],[0],[0],[0.7868979589547962],['target'],02,001,2025-09-30_15h24.47.363,Visual Search Experiment,,2025.1.1,None,2025-09-30 15h24.53.844655 +0530,
115,0,115,[np.float64(0.29888888888888887)],[np.float64(-0.2822222222222222)],[1],[0],[0],[1.634600582998246],['target'],115,0,115,0,154.74822879210114,,5,154.73980516707525,154.74822879210114,154.74822879210114,0.00954991695471108,156.3745201251004,[np.float64(0.29888888888888887)],[np.float64(-0.2822222222222222)],[1],[0],[0],[1.634600582998246],['target'],02,001,2025-09-30_15h24.47.363,Visual Search Experiment,,2025.1.1,None,2025-09-30 15h24.53.844655 +0530,
116,0,116,[np.float64(-0.07)],[np.float64(-0.07666666666666666)],[1],[0],[0],[1.3842228329740465],['target'],116,0,116,0,156.40237575001083,,10,156.39165241713636,156.40237575001083,156.40237575001083,0.017012540949508548,157.7759884169791,[np.float64(-0.07)],[np.float64(-0.07666666666666666)],[1],[0],[0],[1.3842228329740465],['target'],02,001,2025-09-30_15h24.47.363,Visual Search Experiment,,2025.1.1,None,2025-09-30 15h24.53.844655 +0530,
117,0,117,[np.float64(-0.04666666666666667)],[np.float64(-0.4777777777777778)],[1],[0],[0],[1.2742260419763625],['target'],117,0,117,0,157.79212679201737,,5,157.78443820797838,157.79212679201737,157.79212679201737,0.00835987483151257,159.05882575013675,[np.float64(-0.04666666666666667)],[np.float64(-0.4777777777777778)],[1],[0],[0],[1.2742260419763625],['target'],02,001,2025-09-30_15h24.47.363,Visual Search Experiment,,2025.1.1,None,2025-09-30 15h24.53.844655 +0530,
118,0,118,[np.float64(-0.37444444444444447)],[np.float64(0.15444444444444444)],[1],[0],[0],[1.3127223330084234],['target'],118,0,118,0,159.0752192081418,,5,159.067591750063,159.0752192081418,159.0752192081418,0.008678707992658019,160.38041470805183,[np.float64(-0.37444444444444447)],[np.float64(0.15444444444444444)],[1],[0],[0],[1.3127223330084234],['target'],02,001,2025-09-30_15h24.47.363,Visual Search Experiment,,2025.1.1,None,2025-09-30 15h24.53.844655 +0530,
119,0,119,[np.float64(0.05444444444444444)],[np.float64(0.017777777777777778)],[1],[0],[0],[1.8063998750876635],['target'],119,0,119,0,160.39741345797665,,5,160.38948504207656,160.39741345797665,160.39741345797665,0.00898387492634356,162.19598754215986,[np.float64(0.05444444444444444)],[np.float64(0.017777777777777778)],[1],[0],[0],[1.8063998750876635],['target'],02,001,2025-09-30_15h24.47.363,Visual Search Experiment,,2025.1.1,None,2025-09-30 15h24.53.844655 +0530,
120,0,120,[np.float64(0.1511111111111111)],[np.float64(0.3477777777777778)],[1],[0],[0],[1.5754157910123467],['target'],120,0,120,0,162.21228066715412,,5,162.20442408300005,162.21228066715412,162.21228066715412,0.008340999949723482,163.77994058304466,[np.float64(0.1511111111111111)],[np.float64(0.3477777777777778)],[1],[0],[0],[1.5754157910123467],['target'],02,001,2025-09-30_15h24.47.363,Visual Search Experiment,,2025.1.1,None,2025-09-30 15h24.53.844655 +0530,
121,0,121,[np.float64(0.02)],[np.float64(0.4711111111111111)],[1],[0],[0],[1.4237411669455469],['target'],121,0,121,0,163.7967015421018,,5,163.78885962511413,163.7967015421018,163.7967015421018,0.008833291940391064,165.21270804200321,[np.float64(0.02)],[np.float64(0.4711111111111111)],[1],[0],[0],[1.4237411669455469],['target'],02,001,2025-09-30_15h24.47.363,Visual Search Experiment,,2025.1.1,None,2025-09-30 15h24.53.844655 +0530,
122,0,122,[np.float64(-0.3388888888888889)],[np.float64(0.13444444444444445)],[1],[0],[0],[1.2695742920041084],['target'],122,0,122,0,165.2294645830989,,5,165.220995250158,165.2294645830989,165.2294645830989,0.00819187518209219,166.49068241706118,[np.float64(-0.3388888888888889)],[np.float64(0.13444444444444445)],[1],[0],[0],[1.2695742920041084],['target'],02,001,2025-09-30_15h24.47.363,Visual Search Experiment,,2025.1.1,None,2025-09-30 15h24.53.844655 +0530,
123,0,123,[np.float64(0.01)],[np.float64(0.28555555555555556)],[1],[0],[0],[1.3466614170465618],['target'],123,0,123,0,166.50866741710342,,5,166.49929445795715,166.50866741710342,166.50866741710342,0.008488415973260999,167.84606529213488,[np.float64(0.01)],[np.float64(0.28555555555555556)],[1],[0],[0],[1.3466614170465618],['target'],02,001,2025-09-30_15h24.47.363,Visual Search Experiment,,2025.1.1,None,2025-09-30 15h24.53.844655 +0530,
124,0,124,[np.float64(0.3611111111111111)],[np.float64(-0.31666666666666665)],[1],[0],[0],[1.5832781661301851],['target'],124,0,124,0,167.8723544580862,,10,167.8616903750226,167.8723544580862,167.8723544580862,0.015497292159125209,169.44508204213344,[np.float64(0.3611111111111111)],[np.float64(-0.31666666666666665)],[1],[0],[0],[1.5832781661301851],['target'],02,001,2025-09-30_15h24.47.363,Visual Search Experiment,,2025.1.1,None,2025-09-30 15h24.53.844655 +0530,
125,0,125,[np.float64(-0.16555555555555557)],[np.float64(-0.3711111111111111)],[1],[0],[0],[1.5822568340227008],['target'],125,0,125,0,169.4725979580544,,10,169.46146866702475,169.4725979580544,169.4725979580544,0.0162713339086622,171.04382962500677,[np.float64(-0.16555555555555557)],[np.float64(-0.3711111111111111)],[1],[0],[0],[1.5822568340227008],['target'],02,001,2025-09-30_15h24.47.363,Visual Search Experiment,,2025.1.1,None,2025-09-30 15h24.53.844655 +0530,
126,0,126,[np.float64(0.4577777777777778)],[np.float64(-0.08333333333333333)],[1],[0],[0],[1.1393397501669824],['target'],126,0,126,0,171.06032991711982,,5,171.05265108309686,171.06032991711982,171.06032991711982,0.008713624905794859,172.19214258296415,[np.float64(0.4577777777777778)],[np.float64(-0.08333333333333333)],[1],[0],[0],[1.1393397501669824],['target'],02,001,2025-09-30_15h24.47.363,Visual Search Experiment,,2025.1.1,None,2025-09-30 15h24.53.844655 +0530,
127,0,127,[np.float64(0.36777777777777776)],[np.float64(0.20333333333333334)],[1],[0],[0],[1.0045896251685917],['target'],127,0,127,0,172.21888149995357,,10,172.20848583313636,172.21888149995357,172.21888149995357,0.016137625090777874,173.21317975013517,[np.float64(0.36777777777777776)],[np.float64(0.20333333333333334)],[1],[0],[0],[1.0045896251685917],['target'],02,001,2025-09-30_15h24.47.363,Visual Search Experiment,,2025.1.1,None,2025-09-30 15h24.53.844655 +0530,
128,0,128,[np.float64(-0.4033333333333333)],[np.float64(0.052222222222222225)],[1],[0],[0],[1.4736867090687156],['target'],128,0,128,0,173.22968945815228,,5,173.22188741713762,173.22968945815228,173.22968945815228,0.008619792060926557,174.6957416671794,[np.float64(-0.4033333333333333)],[np.float64(0.052222222222222225)],[1],[0],[0],[1.4736867090687156],['target'],02,001,2025-09-30_15h24.47.363,Visual Search Experiment,,2025.1.1,None,2025-09-30 15h24.53.844655 +0530,
129,0,129,[np.float64(0.4922222222222222)],[np.float64(0.2688888888888889)],[1],[0],[0],[1.3179926669690758],['target'],129,0,129,0,174.72191850002855,,10,174.71148300007917,174.72191850002855,174.72191850002855,0.01564150000922382,176.0295792920515,[np.float64(0.4922222222222222)],[np.float64(0.2688888888888889)],[1],[0],[0],[1.3179926669690758],['target'],02,001,2025-09-30_15h24.47.363,Visual Search Experiment,,2025.1.1,None,2025-09-30 15h24.53.844655 +0530,
130,0,130,[np.float64(-0.09888888888888889)],[np.float64(0.17222222222222222)],[1],[0],[0],[1.0813363750930876],['target'],130,0,130,0,176.0565368749667,,10,176.04589537507854,176.0565368749667,176.0565368749667,0.016195375006645918,177.12733491696417,[np.float64(-0.09888888888888889)],[np.float64(0.17222222222222222)],[1],[0],[0],[1.0813363750930876],['target'],02,001,2025-09-30_15h24.47.363,Visual Search Experiment,,2025.1.1,None,2025-09-30 15h24.53.844655 +0530,
131,0,131,[np.float64(0.12444444444444444)],[np.float64(0.22)],[1],[0],[0],[1.067057624924928],['target'],131,0,131,0,177.15406008297578,,10,177.14388029207475,177.15406008297578,177.15406008297578,0.016438291873782873,178.2111231670715,[np.float64(0.12444444444444444)],[np.float64(0.22)],[1],[0],[0],[1.067057624924928],['target'],02,001,2025-09-30_15h24.47.363,Visual Search Experiment,,2025.1.1,None,2025-09-30 15h24.53.844655 +0530,
132,0,132,[np.float64(0.034444444444444444)],[np.float64(-0.4311111111111111)],[1],[0],[0],[1.321313832886517],['target'],132,0,132,0,178.2288747499697,,5,178.2210020830389,178.2288747499697,178.2288747499697,0.00956354197114706,179.5424158750102,[np.float64(0.034444444444444444)],[np.float64(-0.4311111111111111)],[1],[0],[0],[1.321313832886517],['target'],02,001,2025-09-30_15h24.47.363,Visual Search Experiment,,2025.1.1,None,2025-09-30 15h24.53.844655 +0530,
133,0,133,[np.float64(-0.4011111111111111)],[np.float64(-0.08555555555555555)],[1],[0],[0],[1.0238482498098165],['target'],133,0,133,0,179.55891354195774,,5,179.5508903330192,179.55891354195774,179.55891354195774,0.00838658306747675,180.5748451249674,[np.float64(-0.4011111111111111)],[np.float64(-0.08555555555555555)],[1],[0],[0],[1.0238482498098165],['target'],02,001,2025-09-30_15h24.47.363,Visual Search Experiment,,2025.1.1,None,2025-09-30 15h24.53.844655 +0530,
134,0,134,[np.float64(0.2777777777777778)],[np.float64(0.03666666666666667)],[1],[0],[0],[1.3521869159303606],['target'],134,0,134,0,180.60191370802931,,10,180.59143045800738,180.60191370802931,180.60191370802931,0.016473916126415133,181.94371937518008,[np.float64(0.2777777777777778)],[np.float64(0.03666666666666667)],[1],[0],[0],[1.3521869159303606],['target'],02,001,2025-09-30_15h24.47.363,Visual Search Experiment,,2025.1.1,None,2025-09-30 15h24.53.844655 +0530,
135,0,135,[np.float64(0.35777777777777775)],[np.float64(0.22333333333333333)],[1],[0],[0],[1.288066083099693],['target'],135,0,135,0,181.97049600002356,,10,181.95976050011814,181.97049600002356,181.97049600002356,0.015936041017994285,183.24793354212306,[np.float64(0.35777777777777775)],[np.float64(0.22333333333333333)],[1],[0],[0],[1.288066083099693],['target'],02,001,2025-09-30_15h24.47.363,Visual Search Experiment,,2025.1.1,None,2025-09-30 15h24.53.844655 +0530,
136,0,136,[np.float64(-0.3377777777777778)],[np.float64(-0.13333333333333333)],[1],[0],[0],[1.299904917133972],['target'],136,0,136,0,183.27409512503073,,10,183.2638702080585,183.27409512503073,183.27409512503073,0.015829708194360137,184.56387912505306,[np.float64(-0.3377777777777778)],[np.float64(-0.13333333333333333)],[1],[0],[0],[1.299904917133972],['target'],02,001,2025-09-30_15h24.47.363,Visual Search Experiment,,2025.1.1,None,2025-09-30 15h24.53.844655 +0530,
137,0,137,[np.float64(0.023333333333333334)],[np.float64(0.058888888888888886)],[1],[0],[0],[1.51421166700311],['target'],137,0,137,0,184.5902030421421,,10,184.5796850421466,184.5902030421421,184.5902030421421,0.01569358306005597,186.09399974998087,[np.float64(0.023333333333333334)],[np.float64(0.058888888888888886)],[1],[0],[0],[1.51421166700311],['target'],02,001,2025-09-30_15h24.47.363,Visual Search Experiment,,2025.1.1,None,2025-09-30 15h24.53.844655 +0530,
138,0,138,[np.float64(-0.2)],[np.float64(-0.43555555555555553)],[1],[0],[0],[1.6594602500554174],['target'],138,0,138,0,186.11088225012645,,5,186.10338337509893,186.11088225012645,186.11088225012645,0.009277167031541467,187.76294716703705,[np.float64(-0.2)],[np.float64(-0.43555555555555553)],[1],[0],[0],[1.6594602500554174],['target'],02,001,2025-09-30_15h24.47.363,Visual Search Experiment,,2025.1.1,None,2025-09-30 15h24.53.844655 +0530,
139,0,139,[np.float64(-0.20555555555555555)],[np.float64(0.2)],[1],[0],[0],[1.542291915975511],['target'],139,0,139,0,187.77976300008595,,5,187.77205766714178,187.77976300008595,187.77976300008595,0.009023915976285934,189.31446758308448,[np.float64(-0.20555555555555555)],[np.float64(0.2)],[1],[0],[0],[1.542291915975511],['target'],02,001,2025-09-30_15h24.47.363,Visual Search Experiment,,2025.1.1,None,2025-09-30 15h24.53.844655 +0530,
140,0,140,[np.float64(-0.4411111111111111)],[np.float64(-0.24555555555555555)],[1],[0],[0],[2.7562662078998983],['target'],140,0,140,0,189.33125887508504,,5,189.32345700007863,189.33125887508504,189.33125887508504,0.008900791872292757,192.07984554208815,[np.float64(-0.4411111111111111)],[np.float64(-0.24555555555555555)],[1],[0],[0],[2.7562662078998983],['target'],02,001,2025-09-30_15h24.47.363,Visual Search Experiment,,2025.1.1,None,2025-09-30 15h24.53.844655 +0530,
141,0,141,[np.float64(-0.3055555555555556)],[np.float64(0.02666666666666667)],[1],[0],[0],[0.7846227909903973],['target'],141,0,141,0,192.10199608304538,,10,192.09251620806754,192.10199608304538,192.10199608304538,0.012569749960675836,192.87724658311345,[np.float64(-0.3055555555555556)],[np.float64(0.02666666666666667)],[1],[0],[0],[0.7846227909903973],['target'],02,001,2025-09-30_15h24.47.363,Visual Search Experiment,,2025.1.1,None,2025-09-30 15h24.53.844655 +0530,
142,0,142,[np.float64(0.06555555555555556)],[np.float64(-0.07888888888888888)],[1],[0],[0],[1.235049624927342],['target'],142,0,142,0,192.89873795816675,,10,192.8897013750393,192.89873795816675,192.89873795816675,0.012368790805339813,194.12485833303072,[np.float64(0.06555555555555556)],[np.float64(-0.07888888888888888)],[1],[0],[0],[1.235049624927342],['target'],02,001,2025-09-30_15h24.47.363,Visual Search Experiment,,2025.1.1,None,2025-09-30 15h24.53.844655 +0530,
143,0,143,[np.float64(0.022222222222222223)],[np.float64(0.2088888888888889)],[1],[0],[0],[1.245217083953321],['target'],143,0,143,0,194.14234704198316,,5,194.13429733295925,194.14234704198316,194.14234704198316,0.009313666028901935,195.37962287501432,[np.float64(0.022222222222222223)],[np.float64(0.2088888888888889)],[1],[0],[0],[1.245217083953321],['target'],02,001,2025-09-30_15h24.47.363,Visual Search Experiment,,2025.1.1,None,2025-09-30 15h24.53.844655 +0530,
144,0,144,[np.float64(0.19777777777777777)],[np.float64(0.22666666666666666)],[1],[0],[0],[1.1986777919810265],['target'],144,0,144,0,195.4068971250672,,10,195.3960990831256,195.4068971250672,195.4068971250672,0.01638637506403029,196.59488145797513,[np.float64(0.19777777777777777)],[np.float64(0.22666666666666666)],[1],[0],[0],[1.1986777919810265],['target'],02,001,2025-09-30_15h24.47.363,Visual Search Experiment,,2025.1.1,None,2025-09-30 15h24.53.844655 +0530,
145,0,145,[np.float64(-0.14777777777777779)],[np.float64(0.21222222222222223)],[1],[0],[0],[1.2661099168471992],['target'],145,0,145,0,196.62170212506317,,10,196.6113621671684,196.62170212506317,196.62170212506317,0.01637320895679295,197.8775770419743,[np.float64(-0.14777777777777779)],[np.float64(0.21222222222222223)],[1],[0],[0],[1.2661099168471992],['target'],02,001,2025-09-30_15h24.47.363,Visual Search Experiment,,2025.1.1,None,2025-09-30 15h24.53.844655 +0530,
146,0,146,[np.float64(0.48333333333333334)],[np.float64(0.18777777777777777)],[1],[0],[0],[1.1231240830384195],['target'],146,0,146,0,197.89413154195063,,5,197.88587237498723,197.89413154195063,197.89413154195063,0.008188582956790924,199.00925929215737,[np.float64(0.48333333333333334)],[np.float64(0.18777777777777777)],[1],[0],[0],[1.1231240830384195],['target'],02,001,2025-09-30_15h24.47.363,Visual Search Experiment,,2025.1.1,None,2025-09-30 15h24.53.844655 +0530,
147,0,147,[np.float64(0.24666666666666667)],[np.float64(0.3244444444444444)],[1],[0],[0],[1.043956542154774],['target'],147,0,147,0,199.02697270805947,,5,199.01931458315812,199.02697270805947,199.02697270805947,0.009715166874229908,200.06339425011538,[np.float64(0.24666666666666667)],[np.float64(0.3244444444444444)],[1],[0],[0],[1.043956542154774],['target'],02,001,2025-09-30_15h24.47.363,Visual Search Experiment,,2025.1.1,None,2025-09-30 15h24.53.844655 +0530,
148,0,148,[np.float64(-0.15444444444444444)],[np.float64(0.12444444444444444)],[1],[0],[0],[1.0146785001270473],['target'],148,0,148,0,200.0900911251083,,10,200.07964725000784,200.0900911251083,200.0900911251083,0.016161416890099645,201.09442920796573,[np.float64(-0.15444444444444444)],[np.float64(0.12444444444444444)],[1],[0],[0],[1.0146785001270473],['target'],02,001,2025-09-30_15h24.47.363,Visual Search Experiment,,2025.1.1,None,2025-09-30 15h24.53.844655 +0530,
149,0,149,[np.float64(-0.2588888888888889)],[np.float64(0.44555555555555554)],[1],[0],[0],[1.6114668331574649],['target'],149,0,149,0,201.11148995812982,,5,201.1032628749963,201.11148995812982,201.11148995812982,0.008726750034838915,202.7148355829995,[np.float64(-0.2588888888888889)],[np.float64(0.44555555555555554)],[1],[0],[0],[1.6114668331574649],['target'],02,001,2025-09-30_15h24.47.363,Visual Search Experiment,,2025.1.1,None,2025-09-30 15h24.53.844655 +0530,
150,0,150,[np.float64(0.2611111111111111)],[np.float64(0.3811111111111111)],[1],[0],[0],[0.9544699578545988],['target'],150,0,150,0,202.73142391699366,,5,202.72313562501222,202.73142391699366,202.73142391699366,0.008227291982620955,203.67777150007896,[np.float64(0.2611111111111111)],[np.float64(0.3811111111111111)],[1],[0],[0],[0.9544699578545988],['target'],02,001,2025-09-30_15h24.47.363,Visual Search Experiment,,2025.1.1,None,2025-09-30 15h24.53.844655 +0530,
151,0,151,[np.float64(-0.4866666666666667)],[np.float64(-0.36777777777777776)],[1],[0],[0],[1.272428415948525],['target'],151,0,151,0,203.69476554216817,,5,203.68711704201996,203.69476554216817,203.69476554216817,0.009257416008040309,204.95967470807955,[np.float64(-0.4866666666666667)],[np.float64(-0.36777777777777776)],[1],[0],[0],[1.272428415948525],['target'],02,001,2025-09-30_15h24.47.363,Visual Search Experiment,,2025.1.1,None,2025-09-30 15h24.53.844655 +0530,
152,0,152,[np.float64(-0.2733333333333333)],[np.float64(-0.39555555555555555)],[1],[0],[0],[1.0832386668771505],['target'],152,0,152,0,204.9883818330709,,10,204.97736070817336,204.9883818330709,204.9883818330709,0.017528166994452477,206.06070291716605,[np.float64(-0.2733333333333333)],[np.float64(-0.39555555555555555)],[1],[0],[0],[1.0832386668771505],['target'],02,001,2025-09-30_15h24.47.363,Visual Search Experiment,,2025.1.1,None,2025-09-30 15h24.53.844655 +0530,
153,0,153,[np.float64(0.17888888888888888)],[np.float64(-0.1622222222222222)],[1],[0],[0],[1.2493646249640733],['target'],153,0,153,0,206.08875250001438,,10,206.0780816669576,206.08875250001438,206.08875250001438,0.01727487496100366,207.32755125011317,[np.float64(0.17888888888888888)],[np.float64(-0.1622222222222222)],[1],[0],[0],[1.2493646249640733],['target'],02,001,2025-09-30_15h24.47.363,Visual Search Experiment,,2025.1.1,None,2025-09-30 15h24.53.844655 +0530,
154,0,154,[np.float64(-0.10333333333333333)],[np.float64(0.0033333333333333335)],[1],[0],[0],[1.0013953750021756],['target'],154,0,154,0,207.35430912510492,,10,207.34362395806238,207.35430912510492,207.35430912510492,0.015966458013281226,208.34512304211967,[np.float64(-0.10333333333333333)],[np.float64(0.0033333333333333335)],[1],[0],[0],[1.0013953750021756],['target'],02,001,2025-09-30_15h24.47.363,Visual Search Experiment,,2025.1.1,None,2025-09-30 15h24.53.844655 +0530,
155,0,155,[np.float64(0.26)],[np.float64(-0.33666666666666667)],[1],[0],[0],[1.4582602500449866],['target'],155,0,155,0,208.36258379206993,,5,208.35452695796266,208.36258379206993,208.36258379206993,0.009295957861468196,209.8128973331768,[np.float64(0.26)],[np.float64(-0.33666666666666667)],[1],[0],[0],[1.4582602500449866],['target'],02,001,2025-09-30_15h24.47.363,Visual Search Experiment,,2025.1.1,None,2025-09-30 15h24.53.844655 +0530,
156,0,156,[np.float64(0.27111111111111114)],[np.float64(0.4888888888888889)],[1],[0],[0],[1.589058208046481],['target'],156,0,156,0,209.8403136669658,,10,209.82944870810024,209.8403136669658,209.8403136669658,0.016461583087220788,211.41866545798257,[np.float64(0.27111111111111114)],[np.float64(0.4888888888888889)],[1],[0],[0],[1.589058208046481],['target'],02,001,2025-09-30_15h24.47.363,Visual Search Experiment,,2025.1.1,None,2025-09-30 15h24.53.844655 +0530,
157,0,157,[np.float64(-0.48333333333333334)],[np.float64(-0.16777777777777778)],[1],[0],[0],[1.1861659591086209],['target'],157,0,157,0,211.43532599997707,,5,211.42723995796405,211.43532599997707,211.43532599997707,0.008446291089057922,212.61350908316672,[np.float64(-0.48333333333333334)],[np.float64(-0.16777777777777778)],[1],[0],[0],[1.1861659591086209],['target'],02,001,2025-09-30_15h24.47.363,Visual Search Experiment,,2025.1.1,None,2025-09-30 15h24.53.844655 +0530,
158,0,158,[np.float64(-0.3233333333333333)],[np.float64(-0.005555555555555556)],[1],[0],[0],[0.8512474591843784],['target'],158,0,158,0,212.64033375005238,,10,212.62976254196838,212.64033375005238,212.64033375005238,0.01616466697305441,213.48112066695467,[np.float64(-0.3233333333333333)],[np.float64(-0.005555555555555556)],[1],[0],[0],[0.8512474591843784],['target'],02,001,2025-09-30_15h24.47.363,Visual Search Experiment,,2025.1.1,None,2025-09-30 15h24.53.844655 +0530,
159,0,159,[np.float64(-0.5044444444444445)],[np.float64(0.31555555555555553)],[1],[0],[0],[1.3145178749691695],['target'],159,0,159,0,213.50762829207815,,10,213.49685995816253,213.50762829207815,213.50762829207815,0.015627832850441337,214.81148237502202,[np.float64(-0.5044444444444445)],[np.float64(0.31555555555555553)],[1],[0],[0],[1.3145178749691695],['target'],02,001,2025-09-30_15h24.47.363,Visual Search Experiment,,2025.1.1,None,2025-09-30 15h24.53.844655 +0530,
160,0,160,[np.float64(0.19111111111111112)],[np.float64(-0.3933333333333333)],[1],[0],[0],[1.2382398750633001],['target'],160,0,160,0,214.82870025001466,,5,214.82123441714793,214.82870025001466,214.82870025001466,0.009646042017266154,216.05957591696642,[np.float64(0.19111111111111112)],[np.float64(-0.3933333333333333)],[1],[0],[0],[1.2382398750633001],['target'],02,001,2025-09-30_15h24.47.363,Visual Search Experiment,,2025.1.1,None,2025-09-30 15h24.53.844655 +0530,
161,0,161,[np.float64(-0.15666666666666668)],[np.float64(0.3688888888888889)],[1],[0],[0],[1.0864307079464197],['target'],161,0,161,0,216.0861684170086,,10,216.07533233310096,216.0861684170086,216.0861684170086,0.015659374883398414,217.1618678329978,[np.float64(-0.15666666666666668)],[np.float64(0.3688888888888889)],[1],[0],[0],[1.0864307079464197],['target'],02,001,2025-09-30_15h24.47.363,Visual Search Experiment,,2025.1.1,None,2025-09-30 15h24.53.844655 +0530,
162,0,162,[np.float64(0.08555555555555555)],[np.float64(0.4822222222222222)],[1],[0],[0],[1.0615335830952972],['target'],162,0,162,0,217.1778743751347,,5,217.17021216708235,217.1778743751347,217.1778743751347,0.00823987484909594,218.2318554171361,[np.float64(0.08555555555555555)],[np.float64(0.4822222222222222)],[1],[0],[0],[1.0615335830952972],['target'],02,001,2025-09-30_15h24.47.363,Visual Search Experiment,,2025.1.1,None,2025-09-30 15h24.53.844655 +0530,
163,0,163,[np.float64(-0.09222222222222222)],[np.float64(-0.016666666666666666)],[1],[0],[0],[1.0236987080425024],['target'],163,0,163,0,218.24812462506816,,5,218.24013416701928,218.24812462506816,218.24812462506816,0.008187707979232073,219.26395641709678,[np.float64(-0.09222222222222222)],[np.float64(-0.016666666666666666)],[1],[0],[0],[1.0236987080425024],['target'],02,001,2025-09-30_15h24.47.363,Visual Search Experiment,,2025.1.1,None,2025-09-30 15h24.53.844655 +0530,
164,0,164,[np.float64(0.31444444444444447)],[np.float64(0.28555555555555556)],[1],[0],[0],[1.8314098750706762],['target'],164,0,164,0,219.29131825012155,,10,219.2806229579728,219.29131825012155,219.29131825012155,0.016580750001594424,221.11213558306918,[np.float64(0.31444444444444447)],[np.float64(0.28555555555555556)],[1],[0],[0],[1.8314098750706762],['target'],02,001,2025-09-30_15h24.47.363,Visual Search Experiment,,2025.1.1,None,2025-09-30 15h24.53.844655 +0530,
165,0,165,[np.float64(-0.34)],[np.float64(0.45222222222222225)],[1],[0],[0],[1.2170885000377893],['target'],165,0,165,0,221.1383788329549,,10,221.12785258307122,221.1383788329549,221.1383788329549,0.015611750073730946,222.3450499579776,[np.float64(-0.34)],[np.float64(0.45222222222222225)],[1],[0],[0],[1.2170885000377893],['target'],02,001,2025-09-30_15h24.47.363,Visual Search Experiment,,2025.1.1,None,2025-09-30 15h24.53.844655 +0530,
166,0,166,[np.float64(0.13333333333333333)],[np.float64(0.29555555555555557)],[1],[0],[0],[1.1442312081344426],['target'],166,0,166,0,222.36097195814364,,5,222.35325037501752,222.36097195814364,222.36097195814364,0.008094958029687405,223.49759383313358,[np.float64(0.13333333333333333)],[np.float64(0.29555555555555557)],[1],[0],[0],[1.1442312081344426],['target'],02,001,2025-09-30_15h24.47.363,Visual Search Experiment,,2025.1.1,None,2025-09-30 15h24.53.844655 +0530,
167,0,167,[np.float64(-0.23222222222222222)],[np.float64(0.21333333333333335)],[1],[0],[0],[1.2548988750204444],['target'],167,0,167,0,223.5140427921433,,5,223.50653158314526,223.5140427921433,223.5140427921433,0.008840958122164011,224.76152887498029,[np.float64(-0.23222222222222222)],[np.float64(0.21333333333333335)],[1],[0],[0],[1.2548988750204444],['target'],02,001,2025-09-30_15h24.47.363,Visual Search Experiment,,2025.1.1,None,2025-09-30 15h24.53.844655 +0530,
168,0,168,[np.float64(0.17666666666666667)],[np.float64(0.17444444444444446)],[1],[0],[0],[1.0669651250354946],['target'],168,0,168,0,224.78935183305293,,10,224.77840983308852,224.78935183305293,224.78935183305293,0.01679387502372265,225.84547866717912,[np.float64(0.17666666666666667)],[np.float64(0.17444444444444446)],[1],[0],[0],[1.0669651250354946],['target'],02,001,2025-09-30_15h24.47.363,Visual Search Experiment,,2025.1.1,None,2025-09-30 15h24.53.844655 +0530,
169,0,169,[np.float64(-0.01888888888888889)],[np.float64(0.08555555555555555)],[1],[0],[0],[0.9744341671466827],['target'],169,0,169,0,225.86327695799991,,5,225.85455449996516,225.86327695799991,225.86327695799991,0.008969999849796295,226.82910912507214,[np.float64(-0.01888888888888889)],[np.float64(0.08555555555555555)],[1],[0],[0],[0.9744341671466827],['target'],02,001,2025-09-30_15h24.47.363,Visual Search Experiment,,2025.1.1,None,2025-09-30 15h24.53.844655 +0530,
170,0,170,[np.float64(0.05444444444444444)],[np.float64(-0.04)],[1],[0],[0],[1.1196559579111636],['target'],170,0,170,0,226.85557979205623,,10,226.84548845817335,226.85557979205623,226.85557979205623,0.016284917015582323,227.96524900011718,[np.float64(0.05444444444444444)],[np.float64(-0.04)],[1],[0],[0],[1.1196559579111636],['target'],02,001,2025-09-30_15h24.47.363,Visual Search Experiment,,2025.1.1,None,2025-09-30 15h24.53.844655 +0530,
171,0,171,[np.float64(-0.13444444444444445)],[np.float64(-0.27444444444444444)],[1],[0],[0],[1.2266119997948408],['target'],171,0,171,0,227.99264108296484,,10,227.98195562511683,227.99264108296484,227.99264108296484,0.01659720903262496,229.20867295796052,[np.float64(-0.13444444444444445)],[np.float64(-0.27444444444444444)],[1],[0],[0],[1.2266119997948408],['target'],02,001,2025-09-30_15h24.47.363,Visual Search Experiment,,2025.1.1,None,2025-09-30 15h24.53.844655 +0530,
172,0,172,[np.float64(-0.06333333333333334)],[np.float64(0.4311111111111111)],[1],[0],[0],[1.4582569170743227],['target'],172,0,172,0,229.2260250831023,,5,229.21710408315994,229.2260250831023,229.2260250831023,0.008312958059832454,230.67546566715464,[np.float64(-0.06333333333333334)],[np.float64(0.4311111111111111)],[1],[0],[0],[1.4582569170743227],['target'],02,001,2025-09-30_15h24.47.363,Visual Search Experiment,,2025.1.1,None,2025-09-30 15h24.53.844655 +0530,
173,0,173,[np.float64(-0.19777777777777777)],[np.float64(0.057777777777777775)],[1],[0],[0],[0.9960485000628978],['target'],173,0,173,0,230.69242841703817,,5,230.6844024581369,230.69242841703817,230.69242841703817,0.008835833985358477,231.68055679206736,[np.float64(-0.19777777777777777)],[np.float64(0.057777777777777775)],[1],[0],[0],[0.9960485000628978],['target'],02,001,2025-09-30_15h24.47.363,Visual Search Experiment,,2025.1.1,None,2025-09-30 15h24.53.844655 +0530,
174,0,174,[np.float64(0.16333333333333333)],[np.float64(-0.26222222222222225)],[1],[0],[0],[1.3084610840305686],['target'],174,0,174,0,231.69691775017418,,5,231.68882587505504,231.69691775017418,231.69691775017418,0.008171959081664681,232.99738954217173,[np.float64(0.16333333333333333)],[np.float64(-0.26222222222222225)],[1],[0],[0],[1.3084610840305686],['target'],02,001,2025-09-30_15h24.47.363,Visual Search Experiment,,2025.1.1,None,2025-09-30 15h24.53.844655 +0530,
175,0,175,[np.float64(-0.06666666666666667)],[np.float64(-0.2222222222222222)],[1],[0],[0],[1.0366324591450393],['target'],175,0,175,0,233.01336395810358,,5,233.00592566700652,233.01336395810358,233.01336395810358,0.008449207991361618,234.04268874996342,[np.float64(-0.06666666666666667)],[np.float64(-0.2222222222222222)],[1],[0],[0],[1.0366324591450393],['target'],02,001,2025-09-30_15h24.47.363,Visual Search Experiment,,2025.1.1,None,2025-09-30 15h24.53.844655 +0530,
176,0,176,[np.float64(0.19)],[np.float64(-0.27666666666666667)],[1],[0],[0],[1.267981291981414],['target'],176,0,176,0,234.07145554199815,,10,234.06140350014903,234.07145554199815,234.07145554199815,0.018557583214715123,235.32948641711846,[np.float64(0.19)],[np.float64(-0.27666666666666667)],[1],[0],[0],[1.267981291981414],['target'],02,001,2025-09-30_15h24.47.363,Visual Search Experiment,,2025.1.1,None,2025-09-30 15h24.53.844655 +0530,
177,0,177,[np.float64(0.09666666666666666)],[np.float64(0.4222222222222222)],[1],[0],[0],[1.3852646669838578],['target'],177,0,177,0,235.3565620421432,,10,235.34583362517878,235.3565620421432,235.3565620421432,0.01625366718508303,236.73124854196794,[np.float64(0.09666666666666666)],[np.float64(0.4222222222222222)],[1],[0],[0],[1.3852646669838578],['target'],02,001,2025-09-30_15h24.47.363,Visual Search Experiment,,2025.1.1,None,2025-09-30 15h24.53.844655 +0530,
178,0,178,[np.float64(0.3622222222222222)],[np.float64(0.4911111111111111)],[1],[0],[0],[1.2373682500328869],['target'],178,0,178,0,236.7578047499992,,10,236.7474364580121,236.7578047499992,236.7578047499992,0.016080749919638038,237.98491845815443,[np.float64(0.3622222222222222)],[np.float64(0.4911111111111111)],[1],[0],[0],[1.2373682500328869],['target'],02,001,2025-09-30_15h24.47.363,Visual Search Experiment,,2025.1.1,None,2025-09-30 15h24.53.844655 +0530,
179,0,179,[np.float64(-0.03666666666666667)],[np.float64(-0.39)],[1],[0],[0],[1.4538509999401867],['target'],179,0,179,0,238.00102233304642,,5,237.99318216717802,238.00102233304642,238.00102233304642,0.008154917042702436,239.44713529199362,[np.float64(-0.03666666666666667)],[np.float64(-0.39)],[1],[0],[0],[1.4538509999401867],['target'],02,001,2025-09-30_15h24.47.363,Visual Search Experiment,,2025.1.1,None,2025-09-30 15h24.53.844655 +0530,
180,0,180,[np.float64(0.25333333333333335)],[np.float64(0.42)],[1],[0],[0],[1.457986667053774],['target'],180,0,180,0,239.46419033315033,,5,239.45594858308323,239.46419033315033,239.46419033315033,0.008726625004783273,240.91404908313416,[np.float64(0.25333333333333335)],[np.float64(0.42)],[1],[0],[0],[1.457986667053774],['target'],02,001,2025-09-30_15h24.47.363,Visual Search Experiment,,2025.1.1,None,2025-09-30 15h24.53.844655 +0530,
181,0,181,[np.float64(-0.37)],[np.float64(-0.35555555555555557)],[1],[0],[0],[1.6417122909333557],['target'],181,0,181,0,240.93042212515138,,5,240.92278375010937,240.93042212515138,240.93042212515138,0.00864475010894239,242.5645974171348,[np.float64(-0.37)],[np.float64(-0.35555555555555557)],[1],[0],[0],[1.6417122909333557],['target'],02,001,2025-09-30_15h24.47.363,Visual Search Experiment,,2025.1.1,None,2025-09-30 15h24.53.844655 +0530,
182,0,182,[np.float64(0.028888888888888888)],[np.float64(0.4633333333333333)],[1],[0],[0],[1.2982381249312311],['target'],182,0,182,0,242.59147479198873,,10,242.58085716702044,242.59147479198873,242.59147479198873,0.016173250041902065,243.87919925013557,[np.float64(0.028888888888888888)],[np.float64(0.4633333333333333)],[1],[0],[0],[1.2982381249312311],['target'],02,001,2025-09-30_15h24.47.363,Visual Search Experiment,,2025.1.1,None,2025-09-30 15h24.53.844655 +0530,
183,0,183,[np.float64(-0.21222222222222223)],[np.float64(0.0033333333333333335)],[1],[0],[0],[1.5179456248879433],['target'],183,0,183,0,243.90648658317514,,10,243.89604550017975,243.90648658317514,243.90648658317514,0.016740999883040786,245.41409762506373,[np.float64(-0.21222222222222223)],[np.float64(0.0033333333333333335)],[1],[0],[0],[1.5179456248879433],['target'],02,001,2025-09-30_15h24.47.363,Visual Search Experiment,,2025.1.1,None,2025-09-30 15h24.53.844655 +0530,
184,0,184,[np.float64(0.35777777777777775)],[np.float64(0.25555555555555554)],[1],[0],[0],[1.0464772079139948],['target'],184,0,184,0,245.44373987498693,,10,245.43296837504022,245.44373987498693,245.44373987498693,0.018764832988381386,246.4795579169877,[np.float64(0.35777777777777775)],[np.float64(0.25555555555555554)],[1],[0],[0],[1.0464772079139948],['target'],02,001,2025-09-30_15h24.47.363,Visual Search Experiment,,2025.1.1,None,2025-09-30 15h24.53.844655 +0530,
185,0,185,[np.float64(0.04888888888888889)],[np.float64(0.14444444444444443)],[1],[0],[0],[0.7906044160481542],['target'],185,0,185,0,246.49591495795175,,5,246.48846250004135,246.49591495795175,246.49591495795175,0.008795457892119884,247.27917462517507,[np.float64(0.04888888888888889)],[np.float64(0.14444444444444443)],[1],[0],[0],[0.7906044160481542],['target'],02,001,2025-09-30_15h24.47.363,Visual Search Experiment,,2025.1.1,None,2025-09-30 15h24.53.844655 +0530,
186,0,186,[np.float64(-0.2644444444444444)],[np.float64(-0.27111111111111114)],[1],[0],[0],[0.9764122501946986],['target'],186,0,186,0,247.295298458077,,5,247.2874778751284,247.295298458077,247.295298458077,0.008215917041525245,248.2640044579748,[np.float64(-0.2644444444444444)],[np.float64(-0.27111111111111114)],[1],[0],[0],[0.9764122501946986],['target'],02,001,2025-09-30_15h24.47.363,Visual Search Experiment,,2025.1.1,None,2025-09-30 15h24.53.844655 +0530,
187,0,187,[np.float64(0.2722222222222222)],[np.float64(0.08444444444444445)],[1],[0],[0],[1.1001182079780847],['target'],187,0,187,0,248.29033562517725,,10,248.2798499581404,248.29033562517725,248.29033562517725,0.015752833103761077,249.380167625146,[np.float64(0.2722222222222222)],[np.float64(0.08444444444444445)],[1],[0],[0],[1.1001182079780847],['target'],02,001,2025-09-30_15h24.47.363,Visual Search Experiment,,2025.1.1,None,2025-09-30 15h24.53.844655 +0530,
188,0,188,[np.float64(-0.17444444444444446)],[np.float64(0.2544444444444444)],[1],[0],[0],[0.9474642078857869],['target'],188,0,188,0,249.40894858306274,,10,249.39829300018027,249.40894858306274,249.40894858306274,0.01779504190199077,250.34587329206988,[np.float64(-0.17444444444444446)],[np.float64(0.2544444444444444)],[1],[0],[0],[0.9474642078857869],['target'],02,001,2025-09-30_15h24.47.363,Visual Search Experiment,,2025.1.1,None,2025-09-30 15h24.53.844655 +0530,
189,0,189,[np.float64(0.04555555555555556)],[np.float64(0.022222222222222223)],[1],[0],[0],[1.1434665420092642],['target'],189,0,189,0,250.3617015001364,,5,250.35415587504394,250.3617015001364,250.3617015001364,0.00817320798523724,251.49772495799698,[np.float64(0.04555555555555556)],[np.float64(0.022222222222222223)],[1],[0],[0],[1.1434665420092642],['target'],02,001,2025-09-30_15h24.47.363,Visual Search Experiment,,2025.1.1,None,2025-09-30 15h24.53.844655 +0530,
190,0,190,[np.float64(0.07666666666666666)],[np.float64(-0.2011111111111111)],[1],[0],[0],[1.0763819580897689],['target'],190,0,190,0,251.5140619999729,,5,251.50617941701785,251.5140619999729,251.5140619999729,0.008364625042304397,252.582662708126,[np.float64(0.07666666666666666)],[np.float64(-0.2011111111111111)],[1],[0],[0],[1.0763819580897689],['target'],02,001,2025-09-30_15h24.47.363,Visual Search Experiment,,2025.1.1,None,2025-09-30 15h24.53.844655 +0530,
191,0,191,[np.float64(-0.2311111111111111)],[np.float64(0.2577777777777778)],[1],[0],[0],[1.1906025840435177],['target'],191,0,191,0,252.59875479200855,,5,252.59098420804366,252.59875479200855,252.59875479200855,0.008230875013396144,253.78168758307584,[np.float64(-0.2311111111111111)],[np.float64(0.2577777777777778)],[1],[0],[0],[1.1906025840435177],['target'],02,001,2025-09-30_15h24.47.363,Visual Search Experiment,,2025.1.1,None,2025-09-30 15h24.53.844655 +0530,
192,0,192,[np.float64(0.13444444444444445)],[np.float64(-0.14555555555555555)],[1],[0],[0],[1.3973141668830067],['target'],192,0,192,0,253.80850920802914,,10,253.79821241716854,253.80850920802914,253.80850920802914,0.016435042023658752,255.19563404214568,[np.float64(0.13444444444444445)],[np.float64(-0.14555555555555555)],[1],[0],[0],[1.3973141668830067],['target'],02,001,2025-09-30_15h24.47.363,Visual Search Experiment,,2025.1.1,None,2025-09-30 15h24.53.844655 +0530,
193,0,193,[np.float64(-0.13333333333333333)],[np.float64(-0.41555555555555557)],[1],[0],[0],[1.2200380838476121],['target'],193,0,193,0,255.22226820816286,,10,255.21156666707247,255.22226820816286,255.22226820816286,0.015826958930119872,256.4317080830224,[np.float64(-0.13333333333333333)],[np.float64(-0.41555555555555557)],[1],[0],[0],[1.2200380838476121],['target'],02,001,2025-09-30_15h24.47.363,Visual Search Experiment,,2025.1.1,None,2025-09-30 15h24.53.844655 +0530,
194,0,194,[np.float64(-0.2388888888888889)],[np.float64(-0.10222222222222223)],[1],[0],[0],[1.1140184998512268],['target'],194,0,194,0,256.4589011671487,,10,256.4481457499787,256.4589011671487,256.4589011671487,0.016331458929926157,257.5622722080443,[np.float64(-0.2388888888888889)],[np.float64(-0.10222222222222223)],[1],[0],[0],[1.1140184998512268],['target'],02,001,2025-09-30_15h24.47.363,Visual Search Experiment,,2025.1.1,None,2025-09-30 15h24.53.844655 +0530,
195,0,195,[np.float64(0.09888888888888889)],[np.float64(0.3422222222222222)],[1],[0],[0],[1.0219721251633018],['target'],195,0,195,0,257.5791833330877,,5,257.570831167046,257.5791833330877,257.5791833330877,0.008468333864584565,258.59297333308496,[np.float64(0.09888888888888889)],[np.float64(0.3422222222222222)],[1],[0],[0],[1.0219721251633018],['target'],02,001,2025-09-30_15h24.47.363,Visual Search Experiment,,2025.1.1,None,2025-09-30 15h24.53.844655 +0530,
196,0,196,[np.float64(-0.3566666666666667)],[np.float64(-0.07777777777777778)],[1],[0],[0],[1.2530537080019712],['target'],196,0,196,0,258.62036516703665,,10,258.60951854195446,258.62036516703665,258.62036516703665,0.016445333138108253,259.8626783329528,[np.float64(-0.3566666666666667)],[np.float64(-0.07777777777777778)],[1],[0],[0],[1.2530537080019712],['target'],02,001,2025-09-30_15h24.47.363,Visual Search Experiment,,2025.1.1,None,2025-09-30 15h24.53.844655 +0530,
197,0,197,[np.float64(-0.06444444444444444)],[np.float64(0.08222222222222222)],[1],[0],[0],[1.0843619578517973],['target'],197,0,197,0,259.88914987514727,,10,259.87853537499905,259.88914987514727,259.88914987514727,0.015748915961012244,260.96300366707146,[np.float64(-0.06444444444444444)],[np.float64(0.08222222222222222)],[1],[0],[0],[1.0843619578517973],['target'],02,001,2025-09-30_15h24.47.363,Visual Search Experiment,,2025.1.1,None,2025-09-30 15h24.53.844655 +0530,
198,0,198,[np.float64(-0.4888888888888889)],[np.float64(-0.20555555555555555)],[1],[0],[0],[1.0641809578519315],['target'],198,0,198,0,260.9907893331256,,10,260.98010737495497,260.9907893331256,260.9907893331256,0.016995332902297378,262.04439450008795,[np.float64(-0.4888888888888889)],[np.float64(-0.20555555555555555)],[1],[0],[0],[1.0641809578519315],['target'],02,001,2025-09-30_15h24.47.363,Visual Search Experiment,,2025.1.1,None,2025-09-30 15h24.53.844655 +0530,
199,0,199,[np.float64(0.3622222222222222)],[np.float64(-0.24555555555555555)],[1],[0],[0],[1.906241541961208],['target'],199,0,199,0,262.16687037516385,,10,262.1573758330196,262.16687037516385,262.16687037516385,0.11287404200993478,264.0637120830361,[np.float64(0.3622222222222222)],[np.float64(-0.24555555555555555)],[1],[0],[0],[1.906241541961208],['target'],02,001,2025-09-30_15h24.47.363,Visual Search Experiment,,2025.1.1,None,2025-09-30 15h24.53.844655 +0530,
