Study_word,thisN,thisTrialN,thisRepN,slider.response,slider.rt,test_word,Reference,old_new,test_textbox.text,testmouse.x,testmouse.y,testmouse.leftButton,testmouse.midButton,testmouse.rightButton,testmouse.time,testmouse.clicked_name,trials.thisRepN,trials.thisTrialN,trials.thisN,trials.thisIndex,trials_2.thisRepN,trials_2.thisTrialN,trials_2.thisN,trials_2.thisIndex,thisRow.t,notes,trial.started,text.started,slider.started,trial.stopped,trials.slider.response,trials.slider.rt,test.started,TestText.started,test_textbox.started,submit_text.started,testmouse.started,test.stopped,trials_2.test_textbox.text,trials_2.testmouse.x,trials_2.testmouse.y,trials_2.testmouse.leftButton,trials_2.testmouse.midButton,trials_2.testmouse.rightButton,trials_2.testmouse.time,trials_2.testmouse.clicked_name,participant,session,date,expName,expVersion,psychopyVersion,frameRate,expStart,
mouse,0,0,0,1.9955555555555555,2.0881465419661254,,,,,,,,,,,,0,0,0,8,,,,,0.06164425006136298,,0.037745082983747125,0.06164425006136298,0.06164425006136298,2.135344292037189,1.9955555555555555,2.0881465419661254,,,,,,,,,,,,,,,02,001,2025-10-14_17h57.23.223,Word priming experiment,,2025.1.1,120.393203665287,2025-10-14 17h57.41.661903 +0530,
marble,1,1,0,1.9955555555555555,0.9806031249463558,,,,,,,,,,,,0,1,1,3,,,,,2.148881125031039,,2.139126457972452,2.148881125031039,2.148881125031039,3.1328617080580443,1.9955555555555555,0.9806031249463558,,,,,,,,,,,,,,,02,001,2025-10-14_17h57.23.223,Word priming experiment,,2025.1.1,120.393203665287,2025-10-14 17h57.41.661903 +0530,
Laptop,2,2,0,1.0622222222222222,1.0504402499645948,,,,,,,,,,,,0,2,2,5,,,,,3.1451200421433896,,3.1365125000011176,3.1451200421433896,3.1451200421433896,4.19920220808126,1.0622222222222222,1.0504402499645948,,,,,,,,,,,,,,,02,001,2025-10-14_17h57.23.223,Word priming experiment,,2025.1.1,120.393203665287,2025-10-14 17h57.41.661903 +0530,
cushion,3,3,0,1.0622222222222222,1.6059265830554068,,,,,,,,,,,,0,3,3,1,,,,,4.2120890421792865,,4.203058500075713,4.2120890421792865,4.2120890421792865,5.818347375141457,1.0622222222222222,1.6059265830554068,,,,,,,,,,,,,,,02,001,2025-10-14_17h57.23.223,Word priming experiment,,2025.1.1,120.393203665287,2025-10-14 17h57.41.661903 +0530,
Case,4,4,0,1.0622222222222222,0.5561392500530928,,,,,,,,,,,,0,4,4,10,,,,,5.832096250029281,,5.8205828331410885,5.832096250029281,5.832096250029281,6.3863033330999315,1.0622222222222222,0.5561392500530928,,,,,,,,,,,,,,,02,001,2025-10-14_17h57.23.223,Word priming experiment,,2025.1.1,120.393203665287,2025-10-14 17h57.41.661903 +0530,
Pastry,5,5,0,1.0622222222222222,0.5152650000527501,,,,,,,,,,,,0,5,5,9,,,,,6.399869125103578,,6.389919416978955,6.399869125103578,6.399869125103578,6.915218000067398,1.0622222222222222,0.5152650000527501,,,,,,,,,,,,,,,02,001,2025-10-14_17h57.23.223,Word priming experiment,,2025.1.1,120.393203665287,2025-10-14 17h57.41.661903 +0530,
Chart,6,6,0,1.0622222222222222,0.5160814998671412,,,,,,,,,,,,0,6,6,6,,,,,6.925822917139158,,6.917403792031109,6.925822917139158,6.925822917139158,7.44263904215768,1.0622222222222222,0.5160814998671412,,,,,,,,,,,,,,,02,001,2025-10-14_17h57.23.223,Word priming experiment,,2025.1.1,120.393203665287,2025-10-14 17h57.41.661903 +0530,
book,7,7,0,1.0622222222222222,0.5435663750395179,,,,,,,,,,,,0,7,7,0,,,,,7.453808667138219,,7.444684750167653,7.453808667138219,7.453808667138219,7.999188625020906,1.0622222222222222,0.5435663750395179,,,,,,,,,,,,,,,02,001,2025-10-14_17h57.23.223,Word priming experiment,,2025.1.1,120.393203665287,2025-10-14 17h57.41.661903 +0530,
Cruise,8,8,0,2.0533333333333332,1.4251577081158757,,,,,,,,,,,,0,8,8,11,,,,,8.011343582998961,,8.001730333082378,8.011343582998961,8.011343582998961,9.43637187499553,2.0533333333333332,1.4251577081158757,,,,,,,,,,,,,,,02,001,2025-10-14_17h57.23.223,Word priming experiment,,2025.1.1,120.393203665287,2025-10-14 17h57.41.661903 +0530,
Keys,9,9,0,1,1.0303685830440372,,,,,,,,,,,,0,9,9,13,,,,,9.449121125042439,,9.439341250108555,9.449121125042439,9.449121125042439,10.482687333133072,1,1.0303685830440372,,,,,,,,,,,,,,,02,001,2025-10-14_17h57.23.223,Word priming experiment,,2025.1.1,120.393203665287,2025-10-14 17h57.41.661903 +0530,
phone,10,10,0,1,0.6253660409711301,,,,,,,,,,,,0,10,10,2,,,,,10.493605375057086,,10.484859417192638,10.493605375057086,10.493605375057086,11.119193625170738,1,0.6253660409711301,,,,,,,,,,,,,,,02,001,2025-10-14_17h57.23.223,Word priming experiment,,2025.1.1,120.393203665287,2025-10-14 17h57.41.661903 +0530,
board,11,11,0,1.031111111111111,1.1030844578053802,,,,,,,,,,,,0,11,11,4,,,,,11.132131917169318,,11.122311417013407,11.132131917169318,11.132131917169318,12.249546500155702,1.031111111111111,1.1030844578053802,,,,,,,,,,,,,,,02,001,2025-10-14_17h57.23.223,Word priming experiment,,2025.1.1,120.393203665287,2025-10-14 17h57.41.661903 +0530,
Poster,12,12,0,1.0355555555555556,0.5244927501771599,,,,,,,,,,,,0,12,12,14,,,,,12.265696041984484,,12.25187745806761,12.265696041984484,12.265696041984484,12.785585124976933,1.0355555555555556,0.5244927501771599,,,,,,,,,,,,,,,02,001,2025-10-14_17h57.23.223,Word priming experiment,,2025.1.1,120.393203665287,2025-10-14 17h57.41.661903 +0530,
T-shirt,13,13,0,1.0355555555555556,0.6375015829689801,,,,,,,,,,,,0,13,13,7,,,,,12.79888950008899,,12.78919762512669,12.79888950008899,12.79888950008899,13.435915042180568,1.0355555555555556,0.6375015829689801,,,,,,,,,,,,,,,02,001,2025-10-14_17h57.23.223,Word priming experiment,,2025.1.1,120.393203665287,2025-10-14 17h57.41.661903 +0530,
Police,14,14,0,1.0355555555555556,0.44822504185140133,,,,,,,,,,,,0,14,14,12,,,,,13.44833629205823,,13.438220458105206,13.44833629205823,13.44833629205823,13.899636375019327,1.0355555555555556,0.44822504185140133,,,,,,,,,,,,,,,02,001,2025-10-14_17h57.23.223,Word priming experiment,,2025.1.1,120.393203665287,2025-10-14 17h57.41.661903 +0530,
,0,0,0,,,c_s_io_,Cushion,old,cushion,[np.float64(0.0077777777777777776)],[np.float64(-0.3088888888888889)],[1],[0],[0],[4.267965666949749],['submit_text'],,,,,0,0,0,14,13.91762008308433,,,,,,,,13.90649229218252,13.91762008308433,13.91762008308433,13.91762008308433,0.006853749975562096,18.174640583107248,cushion,[np.float64(0.0077777777777777776)],[np.float64(-0.3088888888888889)],[1],[0],[0],[4.267965666949749],['submit_text'],02,001,2025-10-14_17h57.23.223,Word priming experiment,,2025.1.1,120.393203665287,2025-10-14 17h57.41.661903 +0530,
,1,1,0,,,ta_l_,Table,new,table,[np.float64(0.021111111111111112)],[np.float64(-0.29333333333333333)],[1],[0],[0],[1.9819339169189334],['submit_text'],,,,,0,1,1,15,18.186924958135933,,,,,,,,18.176760083064437,18.186924958135933,18.186924958135933,18.186924958135933,0.001980750123038888,20.15887187514454,table,[np.float64(0.021111111111111112)],[np.float64(-0.29333333333333333)],[1],[0],[0],[1.9819339169189334],['submit_text'],02,001,2025-10-14_17h57.23.223,Word priming experiment,,2025.1.1,120.393203665287,2025-10-14 17h57.41.661903 +0530,
,2,2,0,,,_ou_se,Mouse,old,mouse,[np.float64(0.04888888888888889)],[np.float64(-0.29777777777777775)],[1],[0],[0],[1.9641413749195635],['submit_text'],,,,,0,2,2,3,20.169817292131484,,,,,,,,20.160908833146095,20.169817292131484,20.169817292131484,20.169817292131484,0.0019286659080535173,22.125235750107095,mouse,[np.float64(0.04888888888888889)],[np.float64(-0.29777777777777775)],[1],[0],[0],[1.9641413749195635],['submit_text'],02,001,2025-10-14_17h57.23.223,Word priming experiment,,2025.1.1,120.393203665287,2025-10-14 17h57.41.661903 +0530,
,3,3,0,,,_o_rd,Board,old,board,[np.float64(0.0811111111111111)],[np.float64(-0.29)],[1],[0],[0],[3.5146065410226583],['submit_text'],,,,,0,3,3,10,22.13735150010325,,,,,,,,22.12752883299254,22.13735150010325,22.13735150010325,22.13735150010325,0.0021852499339729548,25.642326375003904,board,[np.float64(0.0811111111111111)],[np.float64(-0.29)],[1],[0],[0],[3.5146065410226583],['submit_text'],02,001,2025-10-14_17h57.23.223,Word priming experiment,,2025.1.1,120.393203665287,2025-10-14 17h57.41.661903 +0530,
,4,4,0,,,bo_t_e,Bottle,new,bottle,[np.float64(0.06555555555555556)],[np.float64(-0.31666666666666665)],[1],[0],[0],[2.314350332831964],['submit_text'],,,,,0,4,4,18,25.653721917187795,,,,,,,,25.64438887499273,25.653721917187795,25.653721917187795,25.653721917187795,0.0019681251142174006,27.958921833196655,bottle,[np.float64(0.06555555555555556)],[np.float64(-0.31666666666666665)],[1],[0],[0],[2.314350332831964],['submit_text'],02,001,2025-10-14_17h57.23.223,Word priming experiment,,2025.1.1,120.393203665287,2025-10-14 17h57.41.661903 +0530,
,5,5,0,,,_ha_t,Chart,old,chart,[np.float64(0.0033333333333333335)],[np.float64(-0.31777777777777777)],[1],[0],[0],[2.2564386250451207],['submit_text'],,,,,0,5,5,1,27.969915458001196,,,,,,,,27.96093983319588,27.969915458001196,27.969915458001196,27.969915458001196,0.0019264998845756054,30.21760195819661,chart,[np.float64(0.0033333333333333335)],[np.float64(-0.31777777777777777)],[1],[0],[0],[2.2564386250451207],['submit_text'],02,001,2025-10-14_17h57.23.223,Word priming experiment,,2025.1.1,120.393203665287,2025-10-14 17h57.41.661903 +0530,
,6,6,0,,,c_s_,Case,old,case,[np.float64(0.07888888888888888)],[np.float64(-0.2922222222222222)],[1],[0],[0],[3.249437249964103],['submit_text'],,,,,0,6,6,5,30.23181258304976,,,,,,,,30.22029862506315,30.23181258304976,30.23181258304976,30.23181258304976,0.0025573340244591236,33.469999083084986,case,[np.float64(0.07888888888888888)],[np.float64(-0.2922222222222222)],[1],[0],[0],[3.249437249964103],['submit_text'],02,001,2025-10-14_17h57.23.223,Word priming experiment,,2025.1.1,120.393203665287,2025-10-14 17h57.41.661903 +0530,
,7,7,0,,,_a_bl_,Marble,old,table,[np.float64(0.06444444444444444)],[np.float64(-0.31444444444444447)],[1],[0],[0],[2.7184268329292536],['submit_text'],,,,,0,7,7,11,33.48436020803638,,,,,,,,33.472655000165105,33.48436020803638,33.48436020803638,33.48436020803638,0.002519457833841443,36.191303375177085,table,[np.float64(0.06444444444444444)],[np.float64(-0.31444444444444447)],[1],[0],[0],[2.7184268329292536],['submit_text'],02,001,2025-10-14_17h57.23.223,Word priming experiment,,2025.1.1,120.393203665287,2025-10-14 17h57.41.661903 +0530,
,8,8,0,,,_ru_is_,Cruise,old,cruise,"[np.float64(0.056666666666666664), np.float64(0.05333333333333334)]","[np.float64(-0.33111111111111113), np.float64(-0.31)]","[1, 1]","[0, 0]","[0, 0]","[3.0095672919414937, 3.7110108339693397]","[None, 'submit_text']",,,,,0,8,8,6,36.20384279219434,,,,,,,,36.19328979216516,36.20384279219434,36.20384279219434,36.20384279219434,0.001890040934085846,39.90451220818795,cruise,"[np.float64(0.056666666666666664), np.float64(0.05333333333333334)]","[np.float64(-0.33111111111111113), np.float64(-0.31)]","[1, 1]","[0, 0]","[0, 0]","[3.0095672919414937, 3.7110108339693397]","[None, 'submit_text']",02,001,2025-10-14_17h57.23.223,Word priming experiment,,2025.1.1,120.393203665287,2025-10-14 17h57.41.661903 +0530,
,9,9,0,,,P_st_r,Poster,old,Pastry,[np.float64(0.07333333333333333)],[np.float64(-0.2877777777777778)],[1],[0],[0],[8.235608082963154],['submit_text'],,,,,0,9,9,9,39.91882341704331,,,,,,,,39.90712270815857,39.91882341704331,39.91882341704331,39.91882341704331,0.002442792057991028,48.14296979201026,Pastry,[np.float64(0.07333333333333333)],[np.float64(-0.2877777777777778)],[1],[0],[0],[8.235608082963154],['submit_text'],02,001,2025-10-14_17h57.23.223,Word priming experiment,,2025.1.1,120.393203665287,2025-10-14 17h57.41.661903 +0530,
,10,10,0,,,v_s_,Vase,new,vase,[np.float64(0.09888888888888889)],[np.float64(-0.31777777777777777)],[1],[0],[0],[7.016444124979898],['submit_text'],,,,,0,10,10,17,48.15634200000204,,,,,,,,48.14638533303514,48.15634200000204,48.15634200000204,48.15634200000204,0.003291958011686802,55.16309679206461,vase,[np.float64(0.09888888888888889)],[np.float64(-0.31777777777777777)],[1],[0],[0],[7.016444124979898],['submit_text'],02,001,2025-10-14_17h57.23.223,Word priming experiment,,2025.1.1,120.393203665287,2025-10-14 17h57.41.661903 +0530,
,11,11,0,,,T_hi_t,Tshirt,old,Tshirt,[np.float64(0.0011111111111111111)],[np.float64(-0.28555555555555556)],[1],[0],[0],[2.875998499803245],['submit_text'],,,,,0,11,11,2,55.17825883300975,,,,,,,,55.166407792130485,55.17825883300975,55.17825883300975,55.17825883300975,0.0031475829891860485,58.04268995812163,Tshirt,[np.float64(0.0011111111111111111)],[np.float64(-0.28555555555555556)],[1],[0],[0],[2.875998499803245],['submit_text'],02,001,2025-10-14_17h57.23.223,Word priming experiment,,2025.1.1,120.393203665287,2025-10-14 17h57.41.661903 +0530,
,12,12,0,,,c_m_ra,Camera,new,camera,[np.float64(0.11222222222222222)],[np.float64(-0.31222222222222223)],[1],[0],[0],[2.3973715419415385],['submit_text'],,,,,0,12,12,19,58.05513670807704,,,,,,,,58.04489650018513,58.05513670807704,58.05513670807704,58.05513670807704,0.002122916979715228,60.442491667112336,camera,[np.float64(0.11222222222222222)],[np.float64(-0.31222222222222223)],[1],[0],[0],[2.3973715419415385],['submit_text'],02,001,2025-10-14_17h57.23.223,Word priming experiment,,2025.1.1,120.393203665287,2025-10-14 17h57.41.661903 +0530,
,13,13,0,,,_ho_e,Phone,old,phone,[np.float64(0.08888888888888889)],[np.float64(-0.2811111111111111)],[1],[0],[0],[3.3318290829192847],['submit_text'],,,,,0,13,13,12,60.45384000008926,,,,,,,,60.44447754207067,60.45384000008926,60.45384000008926,60.45384000008926,0.001891499850898981,63.77651754207909,phone,[np.float64(0.08888888888888889)],[np.float64(-0.2811111111111111)],[1],[0],[0],[3.3318290829192847],['submit_text'],02,001,2025-10-14_17h57.23.223,Word priming experiment,,2025.1.1,120.393203665287,2025-10-14 17h57.41.661903 +0530,
,14,14,0,,,p_nc_l,Pencil,new,pencil,[np.float64(0.12777777777777777)],[np.float64(-0.3011111111111111)],[1],[0],[0],[2.3299874579533935],['submit_text'],,,,,0,14,14,16,63.78886066703126,,,,,,,,63.77854241710156,63.78886066703126,63.78886066703126,63.78886066703126,0.0019147919956594706,66.10874837497249,pencil,[np.float64(0.12777777777777777)],[np.float64(-0.3011111111111111)],[1],[0],[0],[2.3299874579533935],['submit_text'],02,001,2025-10-14_17h57.23.223,Word priming experiment,,2025.1.1,120.393203665287,2025-10-14 17h57.41.661903 +0530,
,15,15,0,,,P_as_tr_,Pastry,old,Pastry,[np.float64(-0.04)],[np.float64(-0.3022222222222222)],[1],[0],[0],[2.814727250020951],['submit_text'],,,,,0,15,15,4,66.12097604200244,,,,,,,,66.11094937520102,66.12097604200244,66.12097604200244,66.12097604200244,0.0021068749483674765,68.92593833315186,Pastry,[np.float64(-0.04)],[np.float64(-0.3022222222222222)],[1],[0],[0],[2.814727250020951],['submit_text'],02,001,2025-10-14_17h57.23.223,Word priming experiment,,2025.1.1,120.393203665287,2025-10-14 17h57.41.661903 +0530,
,16,16,0,,,_oo_,Book,old,cook,"[np.float64(0.03333333333333333), np.float64(0.03888888888888889)]","[np.float64(-0.33), np.float64(-0.29444444444444445)]","[1, 1]","[0, 0]","[0, 0]","[5.909699166892096, 6.466254457831383]","[None, 'submit_text']",,,,,0,16,16,13,68.93868075008504,,,,,,,,68.92798745818436,68.93868075008504,68.93868075008504,68.93868075008504,0.0019107090774923563,75.39448045799509,cook,"[np.float64(0.03333333333333333), np.float64(0.03888888888888889)]","[np.float64(-0.33), np.float64(-0.29444444444444445)]","[1, 1]","[0, 0]","[0, 0]","[5.909699166892096, 6.466254457831383]","[None, 'submit_text']",02,001,2025-10-14_17h57.23.223,Word priming experiment,,2025.1.1,120.393203665287,2025-10-14 17h57.41.661903 +0530,
,17,17,0,,,l_pt_p,Laptop,old,laptop,[np.float64(0.09777777777777778)],[np.float64(-0.30666666666666664)],[1],[0],[0],[2.8056153340730816],['submit_text'],,,,,0,17,17,0,75.40695187519304,,,,,,,,75.39671995816752,75.40695187519304,75.40695187519304,75.40695187519304,0.0021109171211719513,78.20261166710407,laptop,[np.float64(0.09777777777777778)],[np.float64(-0.30666666666666664)],[1],[0],[0],[2.8056153340730816],['submit_text'],02,001,2025-10-14_17h57.23.223,Word priming experiment,,2025.1.1,120.393203665287,2025-10-14 17h57.41.661903 +0530,
,18,18,0,,,K_y_,Keys,old,Keys,[np.float64(0.1)],[np.float64(-0.3022222222222222)],[1],[0],[0],[3.073104874929413],['submit_text'],,,,,0,18,18,8,78.21596966707148,,,,,,,,78.2051497080829,78.21596966707148,78.21596966707148,78.21596966707148,0.0024156668223440647,81.27853133319877,Keys,[np.float64(0.1)],[np.float64(-0.3022222222222222)],[1],[0],[0],[3.073104874929413],['submit_text'],02,001,2025-10-14_17h57.23.223,Word priming experiment,,2025.1.1,120.393203665287,2025-10-14 17h57.41.661903 +0530,
,19,19,0,,,P_li_e,Police,old,Police,[np.float64(0.10222222222222223)],[np.float64(-0.2966666666666667)],[1],[0],[0],[2.545630417065695],['submit_text'],,,,,0,19,19,7,81.29149045818485,,,,,,,,81.28113291715272,81.29149045818485,81.29149045818485,81.29149045818485,0.002480125054717064,83.82705429219641,Police,[np.float64(0.10222222222222223)],[np.float64(-0.2966666666666667)],[1],[0],[0],[2.545630417065695],['submit_text'],02,001,2025-10-14_17h57.23.223,Word priming experiment,,2025.1.1,120.393203665287,2025-10-14 17h57.41.661903 +0530,
