pos,corr_resp,thisN,thisTrialN,thisRepN,key_resp.keys,key_resp.corr,key_resp.rt,key_resp.duration,key_resp_2.keys,key_resp_2.corr,key_resp_2.rt,key_resp_2.duration,trials.thisRepN,trials.thisTrialN,trials.thisN,trials.thisIndex,trials_2.thisRepN,trials_2.thisTrialN,trials_2.thisN,trials_2.thisIndex,thisRow.t,notes,trial.started,fixation.started,line1.started,line2.started,line3.started,line4.started,fixation.stopped,probe.started,key_resp.started,trial.stopped,trials.key_resp.keys,trials.key_resp.corr,trials.key_resp.rt,trials.key_resp.duration,trial_2.started,fixation_2.started,line_1.started,line_2.started,line_3.started,line_4.started,fixation_2.stopped,probe_2.started,key_resp_2.started,trial_2.stopped,trials_2.key_resp_2.keys,trials_2.key_resp_2.corr,trials_2.key_resp_2.rt,trials_2.key_resp_2.duration,participant,session,date,expName,expVersion,psychopyVersion,frameRate,expStart,
-50,x,0,0,0,x,1,1.9179830001667142,None,,,,,0,0,0,0,,,,,0.05273516708984971,,0.04423416708596051,0.05273516708984971,1.0108106250409037,1.0108106250409037,1.0108106250409037,1.0108106250409037,1.0507998331449926,1.995053708087653,1.995053708087653,4.23049212503247,x,1,1.9179830001667142,None,,,,,,,,,,,,,,,04,001,2025-10-02_17h08.01.984,Motor sequence learning,,2025.1.1,120.49463066226396,2025-10-02 17h08.11.709960 +0530,
150,v,1,1,0,v,1,1.0647127921693027,None,,,,,0,1,1,1,,,,,4.246126207988709,,4.23077387502417,4.246126207988709,5.226381625048816,5.226381625048816,5.226381625048816,5.226381625048816,5.241458417149261,6.226320042042062,6.226320042042062,7.292560667032376,v,1,1.0647127921693027,None,,,,,,,,,,,,,,,04,001,2025-10-02_17h08.01.984,Motor sequence learning,,2025.1.1,120.49463066226396,2025-10-02 17h08.11.709960 +0530,
50,c,2,2,0,c,1,0.6186587500851601,None,,,,,0,2,2,2,,,,,7.302495042094961,,7.293030166998506,7.302495042094961,8.293558042030782,8.293558042030782,8.293558042030782,8.293558042030782,8.301878375001252,9.284217500127852,9.284217500127852,9.909656499978155,c,1,0.6186587500851601,None,,,,,,,,,,,,,,,04,001,2025-10-02_17h08.01.984,Motor sequence learning,,2025.1.1,120.49463066226396,2025-10-02 17h08.11.709960 +0530,
-150,z,3,3,0,z,1,0.309648958966136,None,,,,,0,3,3,3,,,,,9.919679749989882,,9.910179500002414,9.919679749989882,10.909779875073582,10.909779875073582,10.909779875073582,10.909779875073582,10.917526208097115,11.909217375097796,11.909217375097796,12.22596220811829,z,1,0.309648958966136,None,,,,,,,,,,,,,,,04,001,2025-10-02_17h08.01.984,Motor sequence learning,,2025.1.1,120.49463066226396,2025-10-02 17h08.11.709960 +0530,
-50,x,4,0,1,x,1,0.2684183749370277,None,,,,,1,0,4,0,,,,,12.2344949580729,,12.226464624982327,12.2344949580729,13.226556500187144,13.226556500187144,13.226556500187144,13.226556500187144,13.226556500187144,14.225556292105466,14.225556292105466,14.502314708195627,x,1,0.2684183749370277,None,,,,,,,,,,,,,,,04,001,2025-10-02_17h08.01.984,Motor sequence learning,,2025.1.1,120.49463066226396,2025-10-02 17h08.11.709960 +0530,
150,v,5,1,1,v,1,0.3260702909901738,None,,,,,1,1,5,1,,,,,14.511938667157665,,14.502876750193536,14.511938667157665,15.501020000083372,15.501020000083372,15.501020000083372,15.501020000083372,15.508632458047941,16.500966374995187,16.500966374995187,16.835666708182544,v,1,0.3260702909901738,None,,,,,,,,,,,,,,,04,001,2025-10-02_17h08.01.984,Motor sequence learning,,2025.1.1,120.49463066226396,2025-10-02 17h08.11.709960 +0530,
50,c,6,2,1,c,1,1.0118136669043452,None,,,,,1,2,6,2,,,,,16.845798042137176,,16.83628841699101,16.845798042137176,17.834416542202234,17.834416542202234,17.834416542202234,17.834416542202234,17.841685542138293,18.834434624994174,18.834434624994174,19.85252650012262,c,1,1.0118136669043452,None,,,,,,,,,,,,,,,04,001,2025-10-02_17h08.01.984,Motor sequence learning,,2025.1.1,120.49463066226396,2025-10-02 17h08.11.709960 +0530,
-150,z,7,3,1,z,1,0.29340224992483854,None,,,,,1,3,7,3,,,,,19.861322208074853,,19.85303679201752,19.861322208074853,20.85121254203841,20.85121254203841,20.85121254203841,20.85121254203841,20.85892525012605,21.851722958032042,21.851722958032042,22.152604875154793,z,1,0.29340224992483854,None,,,,,,,,,,,,,,,04,001,2025-10-02_17h08.01.984,Motor sequence learning,,2025.1.1,120.49463066226396,2025-10-02 17h08.11.709960 +0530,
-50,x,8,0,2,x,1,0.7729272909928113,None,,,,,2,0,8,0,,,,,22.161966625135392,,22.15316683310084,22.161966625135392,23.151183958165348,23.151183958165348,23.151183958165348,23.151183958165348,23.15898466715589,24.151196708204225,24.151196708204225,24.92609770805575,x,1,0.7729272909928113,None,,,,,,,,,,,,,,,04,001,2025-10-02_17h08.01.984,Motor sequence learning,,2025.1.1,120.49463066226396,2025-10-02 17h08.11.709960 +0530,
150,v,9,1,2,c,0,0.6433069577906281,None,,,,,2,1,9,1,,,,,24.935705667128786,,24.92651087511331,24.935705667128786,25.917855167062953,25.917855167062953,25.917855167062953,25.917855167062953,25.934518583118916,26.91799750016071,26.91799750016071,27.569392916979268,c,0,0.6433069577906281,None,,,,,,,,,,,,,,,04,001,2025-10-02_17h08.01.984,Motor sequence learning,,2025.1.1,120.49463066226396,2025-10-02 17h08.11.709960 +0530,
50,c,10,2,2,c,1,0.3736600838601589,None,,,,,2,2,10,2,,,,,27.578339292202145,,27.569912417093292,27.578339292202145,28.56813508318737,28.56813508318737,28.56813508318737,28.56813508318737,28.57580720819533,29.567490458022803,29.567490458022803,29.943022958002985,c,1,0.3736600838601589,None,,,,,,,,,,,,,,,04,001,2025-10-02_17h08.01.984,Motor sequence learning,,2025.1.1,120.49463066226396,2025-10-02 17h08.11.709960 +0530,
-150,z,11,3,2,z,1,0.24451462482102215,None,,,,,2,3,11,3,,,,,29.970189250074327,,29.943539208034053,29.970189250074327,30.94395750015974,30.94395750015974,30.94395750015974,30.94395750015974,30.968065708177164,31.934811625164002,31.934811625164002,32.18625008314848,z,1,0.24451462482102215,None,,,,,,,,,,,,,,,04,001,2025-10-02_17h08.01.984,Motor sequence learning,,2025.1.1,120.49463066226396,2025-10-02 17h08.11.709960 +0530,
-50,x,12,0,3,x,1,0.8665543340612203,None,,,,,3,0,12,0,,,,,32.19516104203649,,32.186762999976054,32.19516104203649,33.18480695807375,33.18480695807375,33.18480695807375,33.18480695807375,33.192215542076156,34.18477129214443,34.18477129214443,35.052884333068505,x,1,0.8665543340612203,None,,,,,,,,,,,,,,,04,001,2025-10-02_17h08.01.984,Motor sequence learning,,2025.1.1,120.49463066226396,2025-10-02 17h08.11.709960 +0530,
150,v,13,1,3,v,1,0.7925987499766052,None,,,,,3,1,13,1,,,,,35.062416000058874,,35.05337895802222,35.062416000058874,36.05161075014621,36.05161075014621,36.05161075014621,36.05161075014621,36.05957704200409,37.05160429212265,37.05160429212265,37.85329929203726,v,1,0.7925987499766052,None,,,,,,,,,,,,,,,04,001,2025-10-02_17h08.01.984,Motor sequence learning,,2025.1.1,120.49463066226396,2025-10-02 17h08.11.709960 +0530,
50,c,14,2,3,c,1,1.0128579169977456,None,,,,,3,2,14,2,,,,,37.86346308304928,,37.853883458068594,37.86346308304928,38.85187550005503,38.85187550005503,38.85187550005503,38.85187550005503,38.85953095811419,39.851608167169616,39.851608167169616,40.87002529203892,c,1,1.0128579169977456,None,,,,,,,,,,,,,,,04,001,2025-10-02_17h08.01.984,Motor sequence learning,,2025.1.1,120.49463066226396,2025-10-02 17h08.11.709960 +0530,
-150,z,15,3,3,z,1,0.8433151671197265,None,,,,,3,3,15,3,,,,,40.8796349579934,,40.870637708110735,40.8796349579934,41.867811708012596,41.867811708012596,41.867811708012596,41.867811708012596,41.87548258318566,42.86789929214865,42.86789929214865,43.71997275017202,z,1,0.8433151671197265,None,,,,,,,,,,,,,,,04,001,2025-10-02_17h08.01.984,Motor sequence learning,,2025.1.1,120.49463066226396,2025-10-02 17h08.11.709960 +0530,
-50,x,16,0,4,x,1,0.5618547918274999,None,,,,,4,0,16,0,,,,,43.72900483314879,,43.720498708076775,43.72900483314879,44.71888370811939,44.71888370811939,44.71888370811939,44.71888370811939,44.726574833039194,45.71864433307201,45.71864433307201,46.28625337500125,x,1,0.5618547918274999,None,,,,,,,,,,,,,,,04,001,2025-10-02_17h08.01.984,Motor sequence learning,,2025.1.1,120.49463066226396,2025-10-02 17h08.11.709960 +0530,
150,v,17,1,4,v,1,0.21810137503780425,None,,,,,4,1,17,1,,,,,46.29474262520671,,46.28664470813237,46.29474262520671,47.28555850009434,47.28555850009434,47.28555850009434,47.28555850009434,47.293092292035,48.28517570812255,48.28517570812255,48.510308917146176,v,1,0.21810137503780425,None,,,,,,,,,,,,,,,04,001,2025-10-02_17h08.01.984,Motor sequence learning,,2025.1.1,120.49463066226396,2025-10-02 17h08.11.709960 +0530,
50,c,18,2,4,c,1,0.5880341250449419,None,,,,,4,2,18,2,,,,,48.52008750010282,,48.51083862502128,48.52008750010282,49.51095616701059,49.51095616701059,49.51095616701059,49.51095616701059,49.51904550008476,50.509431458078325,50.509431458078325,51.103168750181794,c,1,0.5880341250449419,None,,,,,,,,,,,,,,,04,001,2025-10-02_17h08.01.984,Motor sequence learning,,2025.1.1,120.49463066226396,2025-10-02 17h08.11.709960 +0530,
-150,z,19,3,4,z,1,0.6342417080886662,None,,,,,4,3,19,3,,,,,51.111991042038426,,51.103691458003595,51.111991042038426,52.10236629215069,52.10236629215069,52.10236629215069,52.10236629215069,52.10996533301659,53.094074917025864,53.094074917025864,53.73651979211718,z,1,0.6342417080886662,None,,,,,,,,,,,,,,,04,001,2025-10-02_17h08.01.984,Motor sequence learning,,2025.1.1,120.49463066226396,2025-10-02 17h08.11.709960 +0530,
-50,x,20,0,5,x,1,0.24289720901288092,None,,,,,5,0,20,0,,,,,53.74604441714473,,53.73705187509768,53.74604441714473,54.72828304208815,54.72828304208815,54.72828304208815,54.72828304208815,54.74401816702448,55.726432625204325,55.726432625204325,55.97704262519255,x,1,0.24289720901288092,None,,,,,,,,,,,,,,,04,001,2025-10-02_17h08.01.984,Motor sequence learning,,2025.1.1,120.49463066226396,2025-10-02 17h08.11.709960 +0530,
150,v,21,1,5,v,1,0.24374587507918477,None,,,,,5,1,21,1,,,,,55.98556595807895,,55.97751691704616,55.98556595807895,56.97755608311854,56.97755608311854,56.97755608311854,56.97755608311854,56.97755608311854,57.968792041996494,57.968792041996494,58.220349500188604,v,1,0.24374587507918477,None,,,,,,,,,,,,,,,04,001,2025-10-02_17h08.01.984,Motor sequence learning,,2025.1.1,120.49463066226396,2025-10-02 17h08.11.709960 +0530,
50,c,22,2,5,c,1,0.38254516711458564,None,,,,,5,2,22,2,,,,,58.22976762498729,,58.220889292191714,58.22976762498729,59.21936312504113,59.21936312504113,59.21936312504113,59.21936312504113,59.227218167157844,60.218895208090544,60.218895208090544,60.60360541706905,c,1,0.38254516711458564,None,,,,,,,,,,,,,,,04,001,2025-10-02_17h08.01.984,Motor sequence learning,,2025.1.1,120.49463066226396,2025-10-02 17h08.11.709960 +0530,
-150,z,23,3,5,z,1,0.7121700420975685,None,,,,,5,3,23,3,,,,,60.61294150003232,,60.60411133314483,60.61294150003232,61.60242670797743,61.60242670797743,61.60242670797743,61.60242670797743,61.610044582979754,62.602386333048344,62.602386333048344,63.32071058312431,z,1,0.7121700420975685,None,,,,,,,,,,,,,,,04,001,2025-10-02_17h08.01.984,Motor sequence learning,,2025.1.1,120.49463066226396,2025-10-02 17h08.11.709960 +0530,
-50,x,24,0,6,x,1,1.0206121250521392,None,,,,,6,0,24,0,,,,,63.33051525009796,,63.32131370808929,63.33051525009796,64.31901258300059,64.31901258300059,64.31901258300059,64.31901258300059,64.32677350006998,65.31896779220551,65.31896779220551,66.34392520808615,x,1,1.0206121250521392,None,,,,,,,,,,,,,,,04,001,2025-10-02_17h08.01.984,Motor sequence learning,,2025.1.1,120.49463066226396,2025-10-02 17h08.11.709960 +0530,
150,v,25,1,6,v,1,0.6417241250164807,None,,,,,6,1,25,1,,,,,66.35352587513626,,66.34444520808756,66.35352587513626,67.34457229217514,67.34457229217514,67.34457229217514,67.34457229217514,67.34457229217514,68.33570916717872,68.33570916717872,68.986921624979,v,1,0.6417241250164807,None,,,,,,,,,,,,,,,04,001,2025-10-02_17h08.01.984,Motor sequence learning,,2025.1.1,120.49463066226396,2025-10-02 17h08.11.709960 +0530,
50,c,26,2,6,x,0,2.1789764999412,None,,,,,6,2,26,2,,,,,68.99618350015953,,68.98741745809093,68.99618350015953,69.97820662497543,69.97820662497543,69.97820662497543,69.97820662497543,69.99322083313018,70.98577858298086,70.98577858298086,73.17036670818925,x,0,2.1789764999412,None,,,,,,,,,,,,,,,04,001,2025-10-02_17h08.01.984,Motor sequence learning,,2025.1.1,120.49463066226396,2025-10-02 17h08.11.709960 +0530,
-150,z,27,3,6,z,1,0.36145633296109736,None,,,,,6,3,27,3,,,,,73.17939304211177,,73.17088858317584,73.17939304211177,74.16150879207999,74.16150879207999,74.16150879207999,74.16150879207999,74.17694691708311,75.161307875067,75.161307875067,75.5285684580449,z,1,0.36145633296109736,None,,,,,,,,,,,,,,,04,001,2025-10-02_17h08.01.984,Motor sequence learning,,2025.1.1,120.49463066226396,2025-10-02 17h08.11.709960 +0530,
-50,x,28,0,7,x,1,0.6257007920648903,None,,,,,7,0,28,0,,,,,75.55291012511589,,75.52908966713585,75.55291012511589,76.52758462517522,76.52758462517522,76.52758462517522,76.52758462517522,76.54224462504499,77.52709929202683,77.52709929202683,78.16073808306828,x,1,0.6257007920648903,None,,,,,,,,,,,,,,,04,001,2025-10-02_17h08.01.984,Motor sequence learning,,2025.1.1,120.49463066226396,2025-10-02 17h08.11.709960 +0530,
150,v,29,1,7,v,1,0.5070324998814613,None,,,,,7,1,29,1,,,,,78.17058333312161,,78.16122766700573,78.17058333312161,79.16183570818976,79.16183570818976,79.16183570818976,79.16183570818976,79.16979554202408,80.15275254216976,80.15275254216976,80.6614360830281,v,1,0.5070324998814613,None,,,,,,,,,,,,,,,04,001,2025-10-02_17h08.01.984,Motor sequence learning,,2025.1.1,120.49463066226396,2025-10-02 17h08.11.709960 +0530,
50,c,30,2,7,c,1,0.5912443751003593,None,,,,,7,2,30,2,,,,,80.6710006671492,,80.66191562497988,80.6710006671492,81.66299862507731,81.66299862507731,81.66299862507731,81.66299862507731,81.67115475004539,82.66162683302537,82.66162683302537,83.26075300015509,c,1,0.5912443751003593,None,,,,,,,,,,,,,,,04,001,2025-10-02_17h08.01.984,Motor sequence learning,,2025.1.1,120.49463066226396,2025-10-02 17h08.11.709960 +0530,
-150,z,31,3,7,z,1,0.2867200830951333,None,,,,,7,3,31,3,,,,,83.2707075830549,,83.26125120813958,83.2707075830549,84.26153016719036,84.26153016719036,84.26153016719036,84.26153016719036,84.26153016719036,85.25299241719767,85.25299241719767,85.54524683300406,z,1,0.2867200830951333,None,,,,,,,,,,,,,,,04,001,2025-10-02_17h08.01.984,Motor sequence learning,,2025.1.1,120.49463066226396,2025-10-02 17h08.11.709960 +0530,
-50,x,32,0,8,x,1,0.3074052908923477,None,,,,,8,0,32,0,,,,,85.55452120816335,,85.54574966710061,85.55452120816335,86.54592562513426,86.54592562513426,86.54592562513426,86.54592562513426,86.55387470801361,87.54452841705643,87.54452841705643,87.85461712512188,x,1,0.3074052908923477,None,,,,,,,,,,,,,,,04,001,2025-10-02_17h08.01.984,Motor sequence learning,,2025.1.1,120.49463066226396,2025-10-02 17h08.11.709960 +0530,
150,v,33,1,8,v,1,0.358705666847527,None,,,,,8,1,33,1,,,,,87.8645172920078,,87.85520145809278,87.8645172920078,88.85333787510172,88.85333787510172,88.85333787510172,88.85333787510172,88.86067995801568,89.85313633317128,89.85313633317128,90.22093391697854,v,1,0.358705666847527,None,,,,,,,,,,,,,,,04,001,2025-10-02_17h08.01.984,Motor sequence learning,,2025.1.1,120.49463066226396,2025-10-02 17h08.11.709960 +0530,
50,c,34,2,8,c,1,1.4478188750799745,None,,,,,8,2,34,2,,,,,90.22994816699065,,90.22142737498507,90.22994816699065,91.22003908315673,91.22003908315673,91.22003908315673,91.22003908315673,91.2279039581772,92.22004054207355,92.22004054207355,93.6715030001942,c,1,1.4478188750799745,None,,,,,,,,,,,,,,,04,001,2025-10-02_17h08.01.984,Motor sequence learning,,2025.1.1,120.49463066226396,2025-10-02 17h08.11.709960 +0530,
-150,z,35,3,8,z,1,0.23494283412583172,None,,,,,8,3,35,3,,,,,93.67984225018881,,93.67201212514192,93.67984225018881,94.66976250009611,94.66976250009611,94.66976250009611,94.66976250009611,94.67724108300172,95.66987120802514,95.66987120802514,95.91237979219295,z,1,0.23494283412583172,None,,,,,,,,,,,,,,,04,001,2025-10-02_17h08.01.984,Motor sequence learning,,2025.1.1,120.49463066226396,2025-10-02 17h08.11.709960 +0530,
-50,x,36,0,9,x,1,0.8290018748957664,None,,,,,9,0,36,0,,,,,95.93665366712958,,95.91293212515302,95.93665366712958,96.91207487508655,96.91207487508655,96.91207487508655,96.91207487508655,96.92686720797792,97.91197429201566,97.91197429201566,98.74496350018308,x,1,0.8290018748957664,None,,,,,,,,,,,,,,,04,001,2025-10-02_17h08.01.984,Motor sequence learning,,2025.1.1,120.49463066226396,2025-10-02 17h08.11.709960 +0530,
150,v,37,1,9,v,1,1.4560508329886943,None,,,,,9,1,37,1,,,,,98.75401783315465,,98.74542900011875,98.75401783315465,99.73665791703388,99.73665791703388,99.73665791703388,99.73665791703388,99.74401883315295,100.74500287510455,100.74500287510455,102.20410116715357,v,1,1.4560508329886943,None,,,,,,,,,,,,,,,04,001,2025-10-02_17h08.01.984,Motor sequence learning,,2025.1.1,120.49463066226396,2025-10-02 17h08.11.709960 +0530,
50,c,38,2,9,c,1,0.5683014171663672,None,,,,,9,2,38,2,,,,,102.2129442919977,,102.20462175016291,102.2129442919977,103.19498479203321,103.19498479203321,103.19498479203321,103.19498479203321,103.20960045815445,104.1946384171024,104.1946384171024,104.77156808320433,c,1,0.5683014171663672,None,,,,,,,,,,,,,,,04,001,2025-10-02_17h08.01.984,Motor sequence learning,,2025.1.1,120.49463066226396,2025-10-02 17h08.11.709960 +0530,
-150,z,39,3,9,z,1,0.2704878749791533,None,,,,,9,3,39,3,,,,,104.78145954199135,,104.77215604204684,104.78145954199135,105.7700067081023,105.7700067081023,105.7700067081023,105.7700067081023,105.77755929203704,106.77059191698208,106.77059191698208,107.04592941701412,z,1,0.2704878749791533,None,,,,,,,,,,,,,,,04,001,2025-10-02_17h08.01.984,Motor sequence learning,,2025.1.1,120.49463066226396,2025-10-02 17h08.11.709960 +0530,
-50,x,40,0,10,x,1,0.2564028750639409,None,,,,,10,0,40,0,,,,,107.055442500161,,107.04645433300175,107.055442500161,108.04598412499763,108.04598412499763,108.04598412499763,108.04598412499763,108.05371629213914,109.04578387504444,109.04578387504444,109.30499600013718,x,1,0.2564028750639409,None,,,,,,,,,,,,,,,04,001,2025-10-02_17h08.01.984,Motor sequence learning,,2025.1.1,120.49463066226396,2025-10-02 17h08.11.709960 +0530,
150,v,41,1,10,v,1,0.35437604202888906,None,,,,,10,1,41,1,,,,,109.31442429218441,,109.30551016703248,109.31442429218441,110.30399416713044,110.30399416713044,110.30399416713044,110.30399416713044,110.31183062517084,111.30385366710834,111.30385366710834,111.66193266701885,v,1,0.35437604202888906,None,,,,,,,,,,,,,,,04,001,2025-10-02_17h08.01.984,Motor sequence learning,,2025.1.1,120.49463066226396,2025-10-02 17h08.11.709960 +0530,
50,c,42,2,10,c,1,0.29052904108539224,None,,,,,10,2,42,2,,,,,111.67127825017087,,111.66243650019169,111.67127825017087,112.66158112511039,112.66158112511039,112.66158112511039,112.66158112511039,112.66158112511039,113.6536673749797,113.6536673749797,113.9551087920554,c,1,0.29052904108539224,None,,,,,,,,,,,,,,,04,001,2025-10-02_17h08.01.984,Motor sequence learning,,2025.1.1,120.49463066226396,2025-10-02 17h08.11.709960 +0530,
-150,z,43,3,10,z,1,0.25449145887978375,None,,,,,10,3,43,3,,,,,113.96472266712226,,113.95563841704279,113.96472266712226,114.95376825006679,114.95376825006679,114.95376825006679,114.95376825006679,114.96144558303058,115.9537068749778,115.9537068749778,116.21185516705737,z,1,0.25449145887978375,None,,,,,,,,,,,,,,,04,001,2025-10-02_17h08.01.984,Motor sequence learning,,2025.1.1,120.49463066226396,2025-10-02 17h08.11.709960 +0530,
-50,x,44,0,11,x,1,0.29524441598914564,None,,,,,11,0,44,0,,,,,116.22081641713157,,116.2122574581299,116.22081641713157,117.20371258305386,117.20371258305386,117.20371258305386,117.20371258305386,117.2114158750046,118.20379716716707,118.20379716716707,118.50539908302017,x,1,0.29524441598914564,None,,,,,,,,,,,,,,,04,001,2025-10-02_17h08.01.984,Motor sequence learning,,2025.1.1,120.49463066226396,2025-10-02 17h08.11.709960 +0530,
150,v,45,1,11,v,1,0.1165292919613421,None,,,,,11,1,45,1,,,,,118.51448687515222,,118.50602904218249,118.51448687515222,119.50377604202367,119.50377604202367,119.50377604202367,119.50377604202367,119.5115600831341,120.50384150003083,120.50384150003083,120.62175024999306,v,1,0.1165292919613421,None,,,,,,,,,,,,,,,04,001,2025-10-02_17h08.01.984,Motor sequence learning,,2025.1.1,120.49463066226396,2025-10-02 17h08.11.709960 +0530,
50,c,46,2,11,c,1,0.1945407500024885,None,,,,,11,2,46,2,,,,,120.63093445799313,,120.62227375013754,120.63093445799313,121.61301758303307,121.61301758303307,121.61301758303307,121.61301758303307,121.62833712506108,122.62087175017223,122.62087175017223,122.82191258319654,c,1,0.1945407500024885,None,,,,,,,,,,,,,,,04,001,2025-10-02_17h08.01.984,Motor sequence learning,,2025.1.1,120.49463066226396,2025-10-02 17h08.11.709960 +0530,
-150,z,47,3,11,z,1,0.1655649160966277,None,,,,,11,3,47,3,,,,,122.83070716704242,,122.82231758302078,122.83070716704242,123.81235545803793,123.81235545803793,123.81235545803793,123.81235545803793,123.8279588331934,124.82067104219459,124.82067104219459,124.98861645814031,z,1,0.1655649160966277,None,,,,,,,,,,,,,,,04,001,2025-10-02_17h08.01.984,Motor sequence learning,,2025.1.1,120.49463066226396,2025-10-02 17h08.11.709960 +0530,
-50,x,48,0,12,x,1,0.5140638330485672,None,,,,,12,0,48,0,,,,,124.99760354217142,,124.98914529220201,124.99760354217142,125.98729433305562,125.98729433305562,125.98729433305562,125.98729433305562,125.99501783307642,126.9873648751527,126.9873648751527,127.50559479207732,x,1,0.5140638330485672,None,,,,,,,,,,,,,,,04,001,2025-10-02_17h08.01.984,Motor sequence learning,,2025.1.1,120.49463066226396,2025-10-02 17h08.11.709960 +0530,
150,v,49,1,12,v,1,0.657212584046647,None,,,,,12,1,49,1,,,,,127.51494937506504,,127.50610491703264,127.51494937506504,128.50403187517077,128.50403187517077,128.50403187517077,128.50403187517077,128.51170337502845,129.50406904215924,129.50406904215924,130.17298579216003,v,1,0.657212584046647,None,,,,,,,,,,,,,,,04,001,2025-10-02_17h08.01.984,Motor sequence learning,,2025.1.1,120.49463066226396,2025-10-02 17h08.11.709960 +0530,
50,c,50,2,12,c,1,1.234264292055741,None,,,,,12,2,50,2,,,,,130.1828612079844,,130.17359129199758,130.1828612079844,131.1710834170226,131.1710834170226,131.1710834170226,131.1710834170226,131.1794318750035,132.1709312919993,132.1709312919993,133.4161800001748,c,1,1.234264292055741,None,,,,,,,,,,,,,,,04,001,2025-10-02_17h08.01.984,Motor sequence learning,,2025.1.1,120.49463066226396,2025-10-02 17h08.11.709960 +0530,
-150,z,51,3,12,z,1,0.2194084171205759,None,,,,,12,3,51,3,,,,,133.4376820831094,,133.41670804214664,133.4376820831094,134.4127277501393,134.4127277501393,134.4127277501393,134.4127277501393,134.4264077921398,135.41196562512778,135.41196562512778,135.63889125012793,z,1,0.2194084171205759,None,,,,,,,,,,,,,,,04,001,2025-10-02_17h08.01.984,Motor sequence learning,,2025.1.1,120.49463066226396,2025-10-02 17h08.11.709960 +0530,
-50,x,52,0,13,x,1,0.6396343749947846,None,,,,,13,0,52,0,,,,,135.64828466717154,,135.6394568751566,135.64828466717154,136.62981325015426,136.62981325015426,136.62981325015426,136.62981325015426,136.64583370811306,137.62889929208905,137.62889929208905,138.27264816709794,x,1,0.6396343749947846,None,,,,,,,,,,,,,,,04,001,2025-10-02_17h08.01.984,Motor sequence learning,,2025.1.1,120.49463066226396,2025-10-02 17h08.11.709960 +0530,
150,v,53,1,13,v,1,0.33147466694936156,None,,,,,13,1,53,1,,,,,138.28186758304946,,138.27331104199402,138.28186758304946,139.27099162503146,139.27099162503146,139.27099162503146,139.27099162503146,139.27877225005068,140.27105724997818,140.27105724997818,140.60592595813796,v,1,0.33147466694936156,None,,,,,,,,,,,,,,,04,001,2025-10-02_17h08.01.984,Motor sequence learning,,2025.1.1,120.49463066226396,2025-10-02 17h08.11.709960 +0530,
50,c,54,2,13,c,1,0.4899822920560837,None,,,,,13,2,54,2,,,,,140.61555645801127,,140.60644087498076,140.61555645801127,141.6044880831614,141.6044880831614,141.6044880831614,141.6044880831614,141.61183658312075,142.60446975007653,142.60446975007653,143.10591699997894,c,1,0.4899822920560837,None,,,,,,,,,,,,,,,04,001,2025-10-02_17h08.01.984,Motor sequence learning,,2025.1.1,120.49463066226396,2025-10-02 17h08.11.709960 +0530,
-150,z,55,3,13,z,1,0.2988149591255933,None,,,,,13,3,55,3,,,,,143.11477637500502,,143.10644125007093,143.11477637500502,144.1045373750385,144.1045373750385,144.1045373750385,144.1045373750385,144.11158966715448,145.10456187510863,145.10456187510863,145.40613300004043,z,1,0.2988149591255933,None,,,,,,,,,,,,,,,04,001,2025-10-02_17h08.01.984,Motor sequence learning,,2025.1.1,120.49463066226396,2025-10-02 17h08.11.709960 +0530,
-50,x,56,0,14,x,1,0.6799206251744181,None,,,,,14,0,56,0,,,,,145.41577795799822,,145.406684583053,145.41577795799822,146.39707816718146,146.39707816718146,146.39707816718146,146.39707816718146,146.41286795819178,147.40457625011913,147.40457625011913,148.0896473331377,x,1,0.6799206251744181,None,,,,,,,,,,,,,,,04,001,2025-10-02_17h08.01.984,Motor sequence learning,,2025.1.1,120.49463066226396,2025-10-02 17h08.11.709960 +0530,
150,v,57,1,14,v,1,0.627555042039603,None,,,,,14,1,57,1,,,,,148.09994554216973,,148.090272750007,148.09994554216973,149.08806633320637,149.08806633320637,149.08806633320637,149.08806633320637,149.0957048330456,150.08802875014953,150.08802875014953,150.72248495812528,v,1,0.627555042039603,None,,,,,,,,,,,,,,,04,001,2025-10-02_17h08.01.984,Motor sequence learning,,2025.1.1,120.49463066226396,2025-10-02 17h08.11.709960 +0530,
50,c,58,2,14,c,1,0.4151576249860227,None,,,,,14,2,58,2,,,,,150.731697750045,,150.72299108305015,150.731697750045,151.71420625015162,151.71420625015162,151.71420625015162,151.71420625015162,151.72204012516886,152.72141425008886,152.72141425008886,153.13947479217313,c,1,0.4151576249860227,None,,,,,,,,,,,,,,,04,001,2025-10-02_17h08.01.984,Motor sequence learning,,2025.1.1,120.49463066226396,2025-10-02 17h08.11.709960 +0530,
-150,z,59,3,14,z,1,0.5785935840103775,None,,,,,14,3,59,3,,,,,153.1495153750293,,153.14007245819084,153.1495153750293,154.13034529215656,154.13034529215656,154.13034529215656,154.13034529215656,154.14579325006343,155.13810354215093,155.13810354215093,155.72335437498987,z,1,0.5785935840103775,None,,,,,,,,,,,,,,,04,001,2025-10-02_17h08.01.984,Motor sequence learning,,2025.1.1,120.49463066226396,2025-10-02 17h08.11.709960 +0530,
-50,x,60,0,15,x,1,0.3707504579797387,None,,,,,15,0,60,0,,,,,155.73299075011164,,155.72402187506668,155.73299075011164,156.72201166697778,156.72201166697778,156.72201166697778,156.72201166697778,156.72967483312823,157.72186358319595,157.72186358319595,158.0964750421699,x,1,0.3707504579797387,None,,,,,,,,,,,,,,,04,001,2025-10-02_17h08.01.984,Motor sequence learning,,2025.1.1,120.49463066226396,2025-10-02 17h08.11.709960 +0530,
150,v,61,1,15,v,1,0.42427229206077754,None,,,,,15,1,61,1,,,,,158.1061921250075,,158.09695737506263,158.1061921250075,159.08824200020172,159.08824200020172,159.08824200020172,159.08824200020172,159.1050329580903,160.08830070798285,160.08830070798285,160.5238604580518,v,1,0.42427229206077754,None,,,,,,,,,,,,,,,04,001,2025-10-02_17h08.01.984,Motor sequence learning,,2025.1.1,120.49463066226396,2025-10-02 17h08.11.709960 +0530,
50,c,62,2,15,c,1,0.5400138748809695,None,,,,,15,2,62,2,,,,,160.5302393331658,,160.5242878331337,160.5302393331658,161.5215972501319,161.5215972501319,161.5215972501319,161.5215972501319,161.52928195800632,162.5216940420214,162.5216940420214,163.0633324170485,c,1,0.5400138748809695,None,,,,,,,,,,,,,,,04,001,2025-10-02_17h08.01.984,Motor sequence learning,,2025.1.1,120.49463066226396,2025-10-02 17h08.11.709960 +0530,
-150,z,63,3,15,z,1,0.38447916600853205,None,,,,,15,3,63,3,,,,,163.07245525019243,,163.06382658309303,163.07245525019243,164.06286129215732,164.06286129215732,164.06286129215732,164.06286129215732,164.06286129215732,165.05514708301052,165.05514708301052,165.44710262515582,z,1,0.38447916600853205,None,,,,,,,,,,,,,,,04,001,2025-10-02_17h08.01.984,Motor sequence learning,,2025.1.1,120.49463066226396,2025-10-02 17h08.11.709960 +0530,
-50,x,64,0,16,x,1,0.6082667920272797,None,,,,,16,0,64,0,,,,,165.45677016698755,,165.44767400017008,165.45677016698755,166.44763333303854,166.44763333303854,166.44763333303854,166.44763333303854,166.45559504209086,167.44732375000603,167.44732375000603,168.06663408316672,x,1,0.6082667920272797,None,,,,,,,,,,,,,,,04,001,2025-10-02_17h08.01.984,Motor sequence learning,,2025.1.1,120.49463066226396,2025-10-02 17h08.11.709960 +0530,
150,v,65,1,16,v,1,0.304902832955122,None,,,,,16,1,65,1,,,,,168.0737244579941,,168.0670620421879,168.0737244579941,169.06349675008096,169.06349675008096,169.06349675008096,169.06349675008096,169.0719959170092,170.06382637517527,170.06382637517527,170.3734048330225,v,1,0.304902832955122,None,,,,,,,,,,,,,,,04,001,2025-10-02_17h08.01.984,Motor sequence learning,,2025.1.1,120.49463066226396,2025-10-02 17h08.11.709960 +0530,
50,c,66,2,16,c,1,0.3395342919975519,None,,,,,16,2,66,2,,,,,170.3835021671839,,170.37399870809168,170.3835021671839,171.37193445814773,171.37193445814773,171.37193445814773,171.37193445814773,171.37952766707167,172.37228437513113,172.37228437513113,172.71392574999481,c,1,0.3395342919975519,None,,,,,,,,,,,,,,,04,001,2025-10-02_17h08.01.984,Motor sequence learning,,2025.1.1,120.49463066226396,2025-10-02 17h08.11.709960 +0530,
-150,z,67,3,16,z,1,0.3002876250538975,None,,,,,16,3,67,3,,,,,172.72373741702177,,172.71460516704246,172.72373741702177,173.705973375123,173.705973375123,173.705973375123,173.705973375123,173.72232095804065,174.71340466709808,174.71340466709808,175.0249982920941,z,1,0.3002876250538975,None,,,,,,,,,,,,,,,04,001,2025-10-02_17h08.01.984,Motor sequence learning,,2025.1.1,120.49463066226396,2025-10-02 17h08.11.709960 +0530,
-50,x,68,0,17,x,1,0.6316792499274015,None,,,,,17,0,68,0,,,,,175.031716250116,,175.02552324999124,175.031716250116,176.02204216714017,176.02204216714017,176.02204216714017,176.02204216714017,176.02963895816356,177.02208391716704,177.02208391716704,177.6569593329914,x,1,0.6316792499274015,None,,,,,,,,,,,,,,,04,001,2025-10-02_17h08.01.984,Motor sequence learning,,2025.1.1,120.49463066226396,2025-10-02 17h08.11.709960 +0530,
150,v,69,1,17,v,1,0.3445967501029372,None,,,,,17,1,69,1,,,,,177.66692658304237,,177.65753029217012,177.66692658304237,178.65581054217182,178.65581054217182,178.65581054217182,178.65581054217182,178.66319366707467,179.65530062513426,179.65530062513426,180.00716137513518,v,1,0.3445967501029372,None,,,,,,,,,,,,,,,04,001,2025-10-02_17h08.01.984,Motor sequence learning,,2025.1.1,120.49463066226396,2025-10-02 17h08.11.709960 +0530,
50,c,70,2,17,c,1,0.3271849579177797,None,,,,,17,2,70,2,,,,,180.01743758306839,,180.00791275012307,180.01743758306839,181.00555258314125,181.00555258314125,181.00555258314125,181.00555258314125,181.0134647921659,182.0055894171819,182.0055894171819,182.34025858319364,c,1,0.3271849579177797,None,,,,,,,,,,,,,,,04,001,2025-10-02_17h08.01.984,Motor sequence learning,,2025.1.1,120.49463066226396,2025-10-02 17h08.11.709960 +0530,
-150,z,71,3,17,z,1,0.3399746669456363,None,,,,,17,3,71,3,,,,,182.3494656670373,,182.34077108302154,182.3494656670373,183.33896958315745,183.33896958315745,183.33896958315745,183.33896958315745,183.34700704202987,184.33895812509581,184.33895812509581,184.68036308302544,z,1,0.3399746669456363,None,,,,,,,,,,,,,,,04,001,2025-10-02_17h08.01.984,Motor sequence learning,,2025.1.1,120.49463066226396,2025-10-02 17h08.11.709960 +0530,
-50,x,72,0,18,x,1,1.0043483332265168,None,,,,,18,0,72,0,,,,,184.68945495807566,,184.68084037513472,184.68945495807566,185.67237179214135,185.67237179214135,185.67237179214135,185.67237179214135,185.6800506671425,186.67249608319253,186.67249608319253,187.6801442920696,x,1,1.0043483332265168,None,,,,,,,,,,,,,,,04,001,2025-10-02_17h08.01.984,Motor sequence learning,,2025.1.1,120.49463066226396,2025-10-02 17h08.11.709960 +0530,
150,v,73,1,18,v,1,1.8004685000050813,None,,,,,18,1,73,1,,,,,187.68959762505256,,187.68065991718322,187.68959762505256,188.67238970799372,188.67238970799372,188.67238970799372,188.67238970799372,188.68008254212327,189.67245737509802,189.67245737509802,191.48406229214743,v,1,1.8004685000050813,None,,,,,,,,,,,,,,,04,001,2025-10-02_17h08.01.984,Motor sequence learning,,2025.1.1,120.49463066226396,2025-10-02 17h08.11.709960 +0530,
50,c,74,2,18,c,1,0.4580831250641495,None,,,,,18,2,74,2,,,,,191.49105820804834,,191.48449462512508,191.49105820804834,192.48169483314268,192.48169483314268,192.48169483314268,192.48169483314268,192.4897129170131,193.48079495807178,193.48079495807178,193.940631542122,c,1,0.4580831250641495,None,,,,,,,,,,,,,,,04,001,2025-10-02_17h08.01.984,Motor sequence learning,,2025.1.1,120.49463066226396,2025-10-02 17h08.11.709960 +0530,
-150,z,75,3,18,z,1,0.39657587511464953,None,,,,,18,3,75,3,,,,,193.9502016250044,,193.94111620797776,193.9502016250044,194.9391831671819,194.9391831671819,194.9391831671819,194.9391831671819,194.94662875006907,195.93950112513267,195.93950112513267,196.34052970819175,z,1,0.39657587511464953,None,,,,,,,,,,,,,,,04,001,2025-10-02_17h08.01.984,Motor sequence learning,,2025.1.1,120.49463066226396,2025-10-02 17h08.11.709960 +0530,
-50,x,76,0,19,x,1,0.45760808303020895,None,,,,,19,0,76,0,,,,,196.3498095420655,,196.3410567920655,196.3498095420655,197.33955625002272,197.33955625002272,197.33955625002272,197.33955625002272,197.34640500019304,198.33941875002347,198.33941875002347,198.8075054171495,x,1,0.45760808303020895,None,,,,,,,,,,,,,,,04,001,2025-10-02_17h08.01.984,Motor sequence learning,,2025.1.1,120.49463066226396,2025-10-02 17h08.11.709960 +0530,
150,v,77,1,19,v,1,0.35961729218252003,None,,,,,19,1,77,1,,,,,198.8167694171425,,198.8079949170351,198.8167694171425,199.80654341704212,199.80654341704212,199.80654341704212,199.80654341704212,199.81414287514053,200.80629929201677,200.80629929201677,201.17396800010465,v,1,0.35961729218252003,None,,,,,,,,,,,,,,,04,001,2025-10-02_17h08.01.984,Motor sequence learning,,2025.1.1,120.49463066226396,2025-10-02 17h08.11.709960 +0530,
50,c,78,2,19,c,1,0.34815787500701845,None,,,,,19,2,78,2,,,,,201.18309279205278,,201.17446129210293,201.18309279205278,202.1667875421699,202.1667875421699,202.1667875421699,202.1667875421699,202.1745676670689,203.17285587498918,203.17285587498918,203.52400704217143,c,1,0.34815787500701845,None,,,,,,,,,,,,,,,04,001,2025-10-02_17h08.01.984,Motor sequence learning,,2025.1.1,120.49463066226396,2025-10-02 17h08.11.709960 +0530,
-150,z,79,3,19,z,1,1.493524249875918,None,,,,,19,3,79,3,,,,,203.53376604197547,,203.5246060420759,203.53376604197547,204.54060695809312,204.54060695809312,204.54060695809312,204.54060695809312,204.54060695809312,205.51347725000232,205.51347725000232,207.02385104214773,z,1,1.493524249875918,None,,,,,,,,,,,,,,,04,001,2025-10-02_17h08.01.984,Motor sequence learning,,2025.1.1,120.49463066226396,2025-10-02 17h08.11.709960 +0530,
-50,x,80,0,20,x,1,0.6888468330726027,None,,,,,20,0,80,0,,,,,207.03232620819472,,207.02568120812066,207.03232620819472,208.02364820800722,208.02364820800722,208.02364820800722,208.02364820800722,208.0325657920912,209.04012741707265,209.04012741707265,209.76779358298518,x,1,0.6888468330726027,None,,,,,,,,,,,,,,,04,001,2025-10-02_17h08.01.984,Motor sequence learning,,2025.1.1,120.49463066226396,2025-10-02 17h08.11.709960 +0530,
150,v,81,1,20,v,1,0.42573724989779294,None,,,,,20,1,81,1,,,,,209.7748457500711,,209.7687333750073,209.7748457500711,210.7647417502012,210.7647417502012,210.7647417502012,210.7647417502012,210.7731310420204,211.76525725005195,211.76525725005195,212.19818500010297,v,1,0.42573724989779294,None,,,,,,,,,,,,,,,04,001,2025-10-02_17h08.01.984,Motor sequence learning,,2025.1.1,120.49463066226396,2025-10-02 17h08.11.709960 +0530,
50,c,82,2,20,c,1,0.32930175005458295,None,,,,,20,2,82,2,,,,,212.20792150008492,,212.19872500002384,212.20792150008492,213.19922000006773,213.19922000006773,213.19922000006773,213.19922000006773,213.19922000006773,214.1898332920391,214.1898332920391,214.52464325004257,c,1,0.32930175005458295,None,,,,,,,,,,,,,,,04,001,2025-10-02_17h08.01.984,Motor sequence learning,,2025.1.1,120.49463066226396,2025-10-02 17h08.11.709960 +0530,
-150,z,83,3,20,z,1,0.2517959999386221,None,,,,,20,3,83,3,,,,,214.5337849999778,,214.525170332985,214.5337849999778,215.51553554204293,215.51553554204293,215.51553554204293,215.51553554204293,215.5306357080117,216.52325220801868,216.52325220801868,216.782110667089,z,1,0.2517959999386221,None,,,,,,,,,,,,,,,04,001,2025-10-02_17h08.01.984,Motor sequence learning,,2025.1.1,120.49463066226396,2025-10-02 17h08.11.709960 +0530,
-50,x,84,0,21,x,1,0.7831868750508875,None,,,,,21,0,84,0,,,,,216.79205491719767,,216.7826325420756,216.79205491719767,217.7831179171335,217.7831179171335,217.7831179171335,217.7831179171335,217.79113433300517,218.78099237498827,218.78099237498827,219.5659786670003,x,1,0.7831868750508875,None,,,,,,,,,,,,,,,04,001,2025-10-02_17h08.01.984,Motor sequence learning,,2025.1.1,120.49463066226396,2025-10-02 17h08.11.709960 +0530,
150,v,85,1,21,v,1,0.8473224171902984,None,,,,,21,1,85,1,,,,,219.59024200006388,,219.56647237506695,219.59024200006388,220.564779833192,220.564779833192,220.564779833192,220.564779833192,220.57954429206438,221.56587525014766,221.56587525014766,222.41509625012986,v,1,0.8473224171902984,None,,,,,,,,,,,,,,,04,001,2025-10-02_17h08.01.984,Motor sequence learning,,2025.1.1,120.49463066226396,2025-10-02 17h08.11.709960 +0530,
50,c,86,2,21,c,1,0.8071124169509858,None,,,,,21,2,86,2,,,,,222.42549300007522,,222.41573350015096,222.42549300007522,223.4160257501062,223.4160257501062,223.4160257501062,223.4160257501062,223.42400891706347,224.41610591718927,224.41610591718927,225.2247055831831,c,1,0.8071124169509858,None,,,,,,,,,,,,,,,04,001,2025-10-02_17h08.01.984,Motor sequence learning,,2025.1.1,120.49463066226396,2025-10-02 17h08.11.709960 +0530,
-150,z,87,3,21,z,1,0.14047712506726384,None,,,,,21,3,87,3,,,,,225.23386383312754,,225.22521354211494,225.23386383312754,226.21584841702133,226.21584841702133,226.21584841702133,226.21584841702133,226.23155887518078,227.22363625001162,227.22363625001162,227.37497175019234,z,1,0.14047712506726384,None,,,,,,,,,,,,,,,04,001,2025-10-02_17h08.01.984,Motor sequence learning,,2025.1.1,120.49463066226396,2025-10-02 17h08.11.709960 +0530,
-50,x,88,0,22,x,1,0.31327554187737405,None,,,,,22,0,88,0,,,,,227.38422720809467,,227.37549570808187,227.38422720809467,228.36718275002204,228.36718275002204,228.36718275002204,228.36718275002204,228.37539000017568,229.37406270811334,229.37406270811334,229.6920533750672,x,1,0.31327554187737405,None,,,,,,,,,,,,,,,04,001,2025-10-02_17h08.01.984,Motor sequence learning,,2025.1.1,120.49463066226396,2025-10-02 17h08.11.709960 +0530,
150,v,89,1,22,v,1,0.484698582906276,None,,,,,22,1,89,1,,,,,229.70196829200722,,229.69273345801048,229.70196829200722,230.6903177499771,230.6903177499771,230.6903177499771,230.6903177499771,230.6979023751337,231.69051854219288,231.69051854219288,232.18190845800564,v,1,0.484698582906276,None,,,,,,,,,,,,,,,04,001,2025-10-02_17h08.01.984,Motor sequence learning,,2025.1.1,120.49463066226396,2025-10-02 17h08.11.709960 +0530,
50,c,90,2,22,c,1,0.668628792045638,None,,,,,22,2,90,2,,,,,232.19190670805983,,232.18242937512696,232.19190670805983,233.1820630831644,233.1820630831644,233.1820630831644,233.1820630831644,233.1907784580253,234.1737446670886,234.1737446670886,234.84855504217558,c,1,0.668628792045638,None,,,,,,,,,,,,,,,04,001,2025-10-02_17h08.01.984,Motor sequence learning,,2025.1.1,120.49463066226396,2025-10-02 17h08.11.709960 +0530,
-150,z,91,3,22,z,1,1.4728465001098812,None,,,,,22,3,91,3,,,,,234.8578953749966,,234.8490147080738,234.8578953749966,235.84058354212902,235.84058354212902,235.84058354212902,235.84058354212902,235.84826912498102,236.8404366672039,236.8404366672039,238.3161348751746,z,1,1.4728465001098812,None,,,,,,,,,,,,,,,04,001,2025-10-02_17h08.01.984,Motor sequence learning,,2025.1.1,120.49463066226396,2025-10-02 17h08.11.709960 +0530,
-50,x,92,0,23,x,1,0.2750075408257544,None,,,,,23,0,92,0,,,,,238.34081741701812,,238.3166787500959,238.34081741701812,239.31585245812312,239.31585245812312,239.31585245812312,239.31585245812312,239.33176750014536,240.30722479219548,240.30722479219548,240.59190495801158,x,1,0.2750075408257544,None,,,,,,,,,,,,,,,04,001,2025-10-02_17h08.01.984,Motor sequence learning,,2025.1.1,120.49463066226396,2025-10-02 17h08.11.709960 +0530,
150,v,93,1,23,v,1,0.40458491700701416,None,,,,,23,1,93,1,,,,,240.6014925830532,,240.59243395808153,240.6014925830532,241.59084825008176,241.59084825008176,241.59084825008176,241.59084825008176,241.59920966718346,242.59080466697924,242.59080466697924,242.99908020813018,v,1,0.40458491700701416,None,,,,,,,,,,,,,,,04,001,2025-10-02_17h08.01.984,Motor sequence learning,,2025.1.1,120.49463066226396,2025-10-02 17h08.11.709960 +0530,
50,c,94,2,23,c,1,0.5322379169519991,None,,,,,23,2,94,2,,,,,243.0239183329977,,242.99969520815648,243.0239183329977,243.99933120817877,243.99933120817877,243.99933120817877,243.99933120817877,244.01449104212224,245.00820933305658,245.00820933305658,245.54216391709633,c,1,0.5322379169519991,None,,,,,,,,,,,,,,,04,001,2025-10-02_17h08.01.984,Motor sequence learning,,2025.1.1,120.49463066226396,2025-10-02 17h08.11.709960 +0530,
-150,z,95,3,23,z,1,0.4083612079266459,None,,,,,23,3,95,3,,,,,245.55250137508847,,245.54277670802549,245.55250137508847,246.54108266718686,246.54108266718686,246.54108266718686,246.54108266718686,246.5487743751146,247.54101795819588,247.54101795819588,247.9588791250717,z,1,0.4083612079266459,None,,,,,,,,,,,,,,,04,001,2025-10-02_17h08.01.984,Motor sequence learning,,2025.1.1,120.49463066226396,2025-10-02 17h08.11.709960 +0530,
-50,x,96,0,24,x,1,0.3349524999503046,None,,,,,24,0,96,0,,,,,247.96781133301556,,247.95940491720103,247.96781133301556,248.95000995812006,248.95000995812006,248.95000995812006,248.95000995812006,248.9657460420858,249.95753233297728,249.95753233297728,250.29926062515005,x,1,0.3349524999503046,None,,,,,,,,,,,,,,,04,001,2025-10-02_17h08.01.984,Motor sequence learning,,2025.1.1,120.49463066226396,2025-10-02 17h08.11.709960 +0530,
150,v,97,1,24,v,1,0.1825801671948284,None,,,,,24,1,97,1,,,,,250.30839629215188,,250.29975062515587,250.30839629215188,251.29973970819265,251.29973970819265,251.29973970819265,251.29973970819265,251.29973970819265,252.29984574997798,252.29984574997798,252.4926058750134,v,1,0.1825801671948284,None,,,,,,,,,,,,,,,04,001,2025-10-02_17h08.01.984,Motor sequence learning,,2025.1.1,120.49463066226396,2025-10-02 17h08.11.709960 +0530,
50,c,98,2,24,c,1,0.19051791704259813,None,,,,,24,2,98,2,,,,,252.50293312501162,,252.49322412512265,252.50293312501162,253.49091879208572,253.49091879208572,253.49091879208572,253.49091879208572,253.49867787514813,254.49099200009368,254.49099200009368,254.6833409999963,c,1,0.19051791704259813,None,,,,,,,,,,,,,,,04,001,2025-10-02_17h08.01.984,Motor sequence learning,,2025.1.1,120.49463066226396,2025-10-02 17h08.11.709960 +0530,
-150,z,99,3,24,z,1,0.26142083411104977,None,,,,,24,3,99,3,,,,,254.70788629213348,,254.68391904211603,254.70788629213348,255.68361025000922,255.68361025000922,255.68361025000922,255.68361025000922,255.6992418752052,256.68312808312476,256.68312808312476,256.94915304216556,z,1,0.26142083411104977,None,,,,,,,,,,,,,,,04,001,2025-10-02_17h08.01.984,Motor sequence learning,,2025.1.1,120.49463066226396,2025-10-02 17h08.11.709960 +0530,
50,c,0,0,0,,,,,c,1,1.4788497078698128,None,,,,,0,0,0,2,257.0189843750559,,,,,,,,,,,,,,,,257.01018312503584,257.0189843750559,257.95785312517546,257.95785312517546,257.95785312517546,257.95785312517546,258.0149923330173,258.94183854199946,258.94183854199946,260.4260509579908,c,1,1.4788497078698128,None,04,001,2025-10-02_17h08.01.984,Motor sequence learning,,2025.1.1,120.49463066226396,2025-10-02 17h08.11.709960 +0530,
50,c,1,1,1,,,,,z,0,0.6941422920208424,None,,,,,1,1,1,2,260.4362998751458,,,,,,,,,,,,,,,,260.4266912920866,260.4362998751458,261.4244665831793,261.4244665831793,261.4244665831793,261.4244665831793,261.4321668331977,262.4245654582046,262.4245654582046,263.12603295804,z,0,0.6941422920208424,None,04,001,2025-10-02_17h08.01.984,Motor sequence learning,,2025.1.1,120.49463066226396,2025-10-02 17h08.11.709960 +0530,
50,c,2,2,2,,,,,c,1,1.223778957966715,None,,,,,2,2,2,2,263.1349405001383,,,,,,,,,,,,,,,,263.1265636670869,263.1349405001383,264.12460037507117,264.12460037507117,264.12460037507117,264.12460037507117,264.13228437514044,265.1248562501278,265.1248562501278,266.35010866704397,c,1,1.223778957966715,None,04,001,2025-10-02_17h08.01.984,Motor sequence learning,,2025.1.1,120.49463066226396,2025-10-02 17h08.11.709960 +0530,
-50,x,3,3,0,,,,,x,1,2.0804628329351544,None,,,,,0,3,3,0,266.35928587499075,,,,,,,,,,,,,,,,266.3506158331875,266.35928587499075,267.34933037520386,267.34933037520386,267.34933037520386,267.34933037520386,267.34933037520386,268.34920445806347,268.34920445806347,270.4335032501258,x,1,2.0804628329351544,None,04,001,2025-10-02_17h08.01.984,Motor sequence learning,,2025.1.1,120.49463066226396,2025-10-02 17h08.11.709960 +0530,
50,c,4,4,3,,,,,c,1,1.028884792001918,None,,,,,3,4,4,2,270.44309683307074,,,,,,,,,,,,,,,,270.4340360830538,270.44309683307074,271.4336933752056,271.4336933752056,271.4336933752056,271.4336933752056,271.4417061251588,272.4327917501796,272.4327917501796,273.4667335830163,c,1,1.028884792001918,None,04,001,2025-10-02_17h08.01.984,Motor sequence learning,,2025.1.1,120.49463066226396,2025-10-02 17h08.11.709960 +0530,
-150,z,5,5,0,,,,,z,1,1.0885971249081194,None,,,,,0,5,5,3,273.4765034581069,,,,,,,,,,,,,,,,273.467260458041,273.4765034581069,274.4673044581432,274.4673044581432,274.4673044581432,274.4673044581432,274.4751985420007,275.4582382082008,275.4582382082008,276.5500118751079,z,1,1.0885971249081194,None,04,001,2025-10-02_17h08.01.984,Motor sequence learning,,2025.1.1,120.49463066226396,2025-10-02 17h08.11.709960 +0530,
-50,x,6,6,1,,,,,x,1,0.7254020839463919,None,,,,,1,6,6,0,276.55974691710435,,,,,,,,,,,,,,,,276.550543458201,276.55974691710435,277.5508330420125,277.5508330420125,277.5508330420125,277.5508330420125,277.55865425011143,278.54930058307946,278.54930058307946,279.27642195811495,x,1,0.7254020839463919,None,04,001,2025-10-02_17h08.01.984,Motor sequence learning,,2025.1.1,120.49463066226396,2025-10-02 17h08.11.709960 +0530,
-150,z,7,7,1,,,,,z,1,1.3877133750356734,None,,,,,1,7,7,3,279.285708792042,,,,,,,,,,,,,,,,279.2769582502078,279.285708792042,280.27513850014657,280.27513850014657,280.27513850014657,280.27513850014657,280.2825880830642,281.27505666716024,281.27505666716024,282.6670255830977,z,1,1.3877133750356734,None,04,001,2025-10-02_17h08.01.984,Motor sequence learning,,2025.1.1,120.49463066226396,2025-10-02 17h08.11.709960 +0530,
-50,x,8,8,2,,,,,x,1,0.7913807497825474,None,,,,,2,8,8,0,282.67707641702145,,,,,,,,,,,,,,,,282.6675540001597,282.67707641702145,283.6674734579865,283.6674734579865,283.6674734579865,283.6674734579865,283.67548191710375,284.65845879213884,284.65845879213884,285.4600634581875,x,1,0.7913807497825474,None,04,001,2025-10-02_17h08.01.984,Motor sequence learning,,2025.1.1,120.49463066226396,2025-10-02 17h08.11.709960 +0530,
-150,z,9,9,2,,,,,v,0,1.4869404169730842,None,,,,,2,9,9,3,285.4690736250486,,,,,,,,,,,,,,,,285.4606165830046,285.4690736250486,286.45858758315444,286.45858758315444,286.45858758315444,286.45858758315444,286.46630220813677,287.4500349580776,287.4500349580776,288.943549167132,v,0,1.4869404169730842,None,04,001,2025-10-02_17h08.01.984,Motor sequence learning,,2025.1.1,120.49463066226396,2025-10-02 17h08.11.709960 +0530,
-50,x,10,10,3,,,,,x,1,0.7549005839973688,None,,,,,3,10,10,0,288.9659119171556,,,,,,,,,,,,,,,,288.9439815420192,288.9659119171556,289.9419721250888,289.9419721250888,289.9419721250888,289.9419721250888,289.9586905420292,290.94201724999584,290.94201724999584,291.70017362502404,x,1,0.7549005839973688,None,04,001,2025-10-02_17h08.01.984,Motor sequence learning,,2025.1.1,120.49463066226396,2025-10-02 17h08.11.709960 +0530,
150,v,11,11,0,,,,,v,1,0.7257357500493526,None,,,,,0,11,11,1,291.7095159171149,,,,,,,,,,,,,,,,291.7005904170219,291.7095159171149,292.69215533300303,292.69215533300303,292.69215533300303,292.69215533300303,292.69984300015494,293.69222329207696,293.69222329207696,294.42692945804447,v,1,0.7257357500493526,None,04,001,2025-10-02_17h08.01.984,Motor sequence learning,,2025.1.1,120.49463066226396,2025-10-02 17h08.11.709960 +0530,
-150,z,12,12,3,,,,,z,1,0.9014352089725435,None,,,,,3,12,12,3,294.4360100000631,,,,,,,,,,,,,,,,294.4274412081577,294.4360100000631,295.4255200831685,295.4255200831685,295.4255200831685,295.4255200831685,295.4334935420193,296.42547391704284,296.42547391704284,297.33367933309637,z,1,0.9014352089725435,None,04,001,2025-10-02_17h08.01.984,Motor sequence learning,,2025.1.1,120.49463066226396,2025-10-02 17h08.11.709960 +0530,
-50,x,13,13,4,,,,,x,1,0.4563897082116455,None,,,,,4,13,13,0,297.34320762520656,,,,,,,,,,,,,,,,297.3342144580092,297.34320762520656,298.32566745812073,298.32566745812073,298.32566745812073,298.32566745812073,298.3333132080734,299.3255754171405,299.3255754171405,299.7845612920355,x,1,0.4563897082116455,None,04,001,2025-10-02_17h08.01.984,Motor sequence learning,,2025.1.1,120.49463066226396,2025-10-02 17h08.11.709960 +0530,
50,c,14,14,4,,,,,c,1,0.49544762494042516,None,,,,,4,14,14,2,299.7939111671876,,,,,,,,,,,,,,,,299.78506466699764,299.7939111671876,300.7847475830931,300.7847475830931,300.7847475830931,300.7847475830931,300.79302354203537,301.78453220799565,301.78453220799565,302.28420129208826,c,1,0.49544762494042516,None,04,001,2025-10-02_17h08.01.984,Motor sequence learning,,2025.1.1,120.49463066226396,2025-10-02 17h08.11.709960 +0530,
-50,x,15,15,5,,,,,x,1,0.7100420841015875,None,,,,,5,15,15,0,302.2944176250603,,,,,,,,,,,,,,,,302.28477083309554,302.2944176250603,303.28478066716343,303.28478066716343,303.28478066716343,303.28478066716343,303.2927638750989,304.28380154212937,304.28380154212937,305.0010930830613,x,1,0.7100420841015875,None,04,001,2025-10-02_17h08.01.984,Motor sequence learning,,2025.1.1,120.49463066226396,2025-10-02 17h08.11.709960 +0530,
-50,x,16,16,6,,,,,x,1,0.3308057498652488,None,,,,,6,16,16,0,305.0259059171658,,,,,,,,,,,,,,,,305.0016300000716,305.0259059171658,306.00123904203065,306.00123904203065,306.00123904203065,306.00123904203065,306.0167180830613,307.00129875005223,307.00129875005223,307.33407083316706,x,1,0.3308057498652488,None,04,001,2025-10-02_17h08.01.984,Motor sequence learning,,2025.1.1,120.49463066226396,2025-10-02 17h08.11.709960 +0530,
-150,z,17,17,4,,,,,z,1,0.8160670830402523,None,,,,,4,17,17,3,307.34372812509537,,,,,,,,,,,,,,,,307.33462554216385,307.34372812509537,308.3348145831842,308.3348145831842,308.3348145831842,308.3348145831842,308.3348145831842,309.3259603329934,309.3259603329934,310.1439683751669,z,1,0.8160670830402523,None,04,001,2025-10-02_17h08.01.984,Motor sequence learning,,2025.1.1,120.49463066226396,2025-10-02 17h08.11.709960 +0530,
150,v,18,18,1,,,,,v,1,1.307376999873668,None,,,,,1,18,18,1,310.15297141717747,,,,,,,,,,,,,,,,310.1444797080476,310.15297141717747,311.14282154198736,311.14282154198736,311.14282154198736,311.14282154198736,311.1500931670889,312.1426722081378,312.1426722081378,313.4612635830417,v,1,1.307376999873668,None,04,001,2025-10-02_17h08.01.984,Motor sequence learning,,2025.1.1,120.49463066226396,2025-10-02 17h08.11.709960 +0530,
-150,z,19,19,5,,,,,z,1,0.5637525420170277,None,,,,,5,19,19,3,313.46819045813754,,,,,,,,,,,,,,,,313.4617932080291,313.46819045813754,314.4593960000202,314.4593960000202,314.4593960000202,314.4593960000202,314.4668716250453,315.4594624170568,315.4594624170568,316.0275565830525,z,1,0.5637525420170277,None,04,001,2025-10-02_17h08.01.984,Motor sequence learning,,2025.1.1,120.49463066226396,2025-10-02 17h08.11.709960 +0530,
-150,z,20,20,6,,,,,z,1,0.5310754170641303,None,,,,,6,20,20,3,316.03675570804626,,,,,,,,,,,,,,,,316.02806045813486,316.03675570804626,317.0261443750933,317.0261443750933,317.0261443750933,317.0261443750933,317.0338299581781,318.02612879220396,318.02612879220396,318.56063550012186,z,1,0.5310754170641303,None,04,001,2025-10-02_17h08.01.984,Motor sequence learning,,2025.1.1,120.49463066226396,2025-10-02 17h08.11.709960 +0530,
-150,z,21,21,7,,,,,z,1,0.39856537501327693,None,,,,,7,21,21,3,318.56949183298275,,,,,,,,,,,,,,,,318.56113554211333,318.56949183298275,319.5522673751693,319.5522673751693,319.5522673751693,319.5522673751693,319.5604296249803,320.5506360831205,320.5506360831205,320.96157320798375,z,1,0.39856537501327693,None,04,001,2025-10-02_17h08.01.984,Motor sequence learning,,2025.1.1,120.49463066226396,2025-10-02 17h08.11.709960 +0530,
150,v,22,22,2,,,,,v,1,0.7136206661816686,None,,,,,2,22,22,1,320.97078283317387,,,,,,,,,,,,,,,,320.9620700830128,320.97078283317387,321.95968379219994,321.95968379219994,321.95968379219994,321.95968379219994,321.967368000187,322.9596636670176,322.9596636670176,323.6776796670165,v,1,0.7136206661816686,None,04,001,2025-10-02_17h08.01.984,Motor sequence learning,,2025.1.1,120.49463066226396,2025-10-02 17h08.11.709960 +0530,
50,c,23,23,5,,,,,c,1,0.5717278751544654,None,,,,,5,23,23,2,323.6863403751049,,,,,,,,,,,,,,,,323.67816637502983,323.6863403751049,324.6763517081272,324.6763517081272,324.6763517081272,324.6763517081272,324.68409595801495,325.6766235830728,325.6766235830728,326.25114304199815,c,1,0.5717278751544654,None,04,001,2025-10-02_17h08.01.984,Motor sequence learning,,2025.1.1,120.49463066226396,2025-10-02 17h08.11.709960 +0530,
-50,x,24,24,7,,,,,x,1,0.4500922078732401,None,,,,,7,24,24,0,326.26100004208274,,,,,,,,,,,,,,,,326.2517071671318,326.26100004208274,327.25195150007494,327.25195150007494,327.25195150007494,327.25195150007494,327.25195150007494,328.2430670422036,328.2430670422036,328.694548917003,x,1,0.4500922078732401,None,04,001,2025-10-02_17h08.01.984,Motor sequence learning,,2025.1.1,120.49463066226396,2025-10-02 17h08.11.709960 +0530,
50,c,25,25,6,,,,,c,1,0.5443115420639515,None,,,,,6,25,25,2,328.70426129200496,,,,,,,,,,,,,,,,328.6951296250336,328.70426129200496,329.6935479170643,329.6935479170643,329.6935479170643,329.6935479170643,329.701214708155,330.6931245420128,330.6931245420128,331.244526125025,c,1,0.5443115420639515,None,04,001,2025-10-02_17h08.01.984,Motor sequence learning,,2025.1.1,120.49463066226396,2025-10-02 17h08.11.709960 +0530,
50,c,26,26,7,,,,,c,1,0.41536812484264374,None,,,,,7,26,26,2,331.253331333166,,,,,,,,,,,,,,,,331.2450432081241,331.253331333166,332.23580800020136,332.23580800020136,332.23580800020136,332.23580800020136,332.2438708750997,333.2349091670476,333.2349091670476,333.651711625047,c,1,0.41536812484264374,None,04,001,2025-10-02_17h08.01.984,Motor sequence learning,,2025.1.1,120.49463066226396,2025-10-02 17h08.11.709960 +0530,
-150,z,27,27,8,,,,,z,1,0.7252478748559952,None,,,,,8,27,27,3,333.66171641717665,,,,,,,,,,,,,,,,333.652231791988,333.66171641717665,334.65206762519665,334.65206762519665,334.65206762519665,334.65206762519665,334.6599740420934,335.6520508751273,335.6520508751273,336.3848230422009,z,1,0.7252478748559952,None,04,001,2025-10-02_17h08.01.984,Motor sequence learning,,2025.1.1,120.49463066226396,2025-10-02 17h08.11.709960 +0530,
150,v,28,28,3,,,,,v,1,0.7085627501364797,None,,,,,3,28,28,1,336.39392400020733,,,,,,,,,,,,,,,,336.38524529198185,336.39392400020733,337.3767109171022,337.3767109171022,337.3767109171022,337.3767109171022,337.3844177501742,338.3767437080387,338.3767437080387,339.094786333153,v,1,0.7085627501364797,None,04,001,2025-10-02_17h08.01.984,Motor sequence learning,,2025.1.1,120.49463066226396,2025-10-02 17h08.11.709960 +0530,
150,v,29,29,4,,,,,v,1,0.5231792498379946,None,,,,,4,29,29,1,339.10394720803015,,,,,,,,,,,,,,,,339.0953352500219,339.10394720803015,340.09364700014703,340.09364700014703,340.09364700014703,340.09364700014703,340.10104824998416,341.0852018331643,341.0852018331643,341.61174904205836,v,1,0.5231792498379946,None,04,001,2025-10-02_17h08.01.984,Motor sequence learning,,2025.1.1,120.49463066226396,2025-10-02 17h08.11.709960 +0530,
-150,z,30,30,9,,,,,z,1,0.6387354580219835,None,,,,,9,30,30,3,341.62076758313924,,,,,,,,,,,,,,,,341.6124490830116,341.62076758313924,342.6102139581926,342.6102139581926,342.6102139581926,342.6102139581926,342.6180399172008,343.60971579211764,343.60971579211764,344.2522462501656,z,1,0.6387354580219835,None,04,001,2025-10-02_17h08.01.984,Motor sequence learning,,2025.1.1,120.49463066226396,2025-10-02 17h08.11.709960 +0530,
-50,x,31,31,8,,,,,x,1,0.5621169579681009,None,,,,,8,31,31,0,344.2619402501732,,,,,,,,,,,,,,,,344.25278150010854,344.2619402501732,345.25212970818393,345.25212970818393,345.25212970818393,345.25212970818393,345.2602170831524,346.25130091700703,346.25130091700703,346.8189157501329,x,1,0.5621169579681009,None,04,001,2025-10-02_17h08.01.984,Motor sequence learning,,2025.1.1,120.49463066226396,2025-10-02 17h08.11.709960 +0530,
50,c,32,32,8,,,,,c,1,0.24953058315441012,None,,,,,8,32,32,2,346.8280770829879,,,,,,,,,,,,,,,,346.819419125095,346.8280770829879,347.8192534171976,347.8192534171976,347.8192534171976,347.8192534171976,347.8192534171976,348.8180298751686,348.8180298751686,349.07851779204793,c,1,0.24953058315441012,None,04,001,2025-10-02_17h08.01.984,Motor sequence learning,,2025.1.1,120.49463066226396,2025-10-02 17h08.11.709960 +0530,
150,v,33,33,5,,,,,z,0,0.40936012496240437,None,,,,,5,33,33,1,349.08823250001296,,,,,,,,,,,,,,,,349.07904629199766,349.08823250001296,350.0772692922037,350.0772692922037,350.0772692922037,350.0772692922037,350.0849516252056,351.0770943330135,351.0770943330135,351.49511554208584,z,0,0.40936012496240437,None,04,001,2025-10-02_17h08.01.984,Motor sequence learning,,2025.1.1,120.49463066226396,2025-10-02 17h08.11.709960 +0530,
-50,x,34,34,9,,,,,x,1,0.33665412501432,None,,,,,9,34,34,0,351.5048940421548,,,,,,,,,,,,,,,,351.49575000000186,351.5048940421548,352.49380312510766,352.49380312510766,352.49380312510766,352.49380312510766,352.50150058302097,353.49380716704763,353.49380716704763,353.83606787514873,x,1,0.33665412501432,None,04,001,2025-10-02_17h08.01.984,Motor sequence learning,,2025.1.1,120.49463066226396,2025-10-02 17h08.11.709960 +0530,
-150,z,35,35,10,,,,,z,1,1.07319545885548,None,,,,,10,35,35,3,353.8458504581358,,,,,,,,,,,,,,,,353.8365996251814,353.8458504581358,354.83686891710386,354.83686891710386,354.83686891710386,354.83686891710386,354.8446131250821,355.8354029171169,355.8354029171169,356.9119811251294,z,1,1.07319545885548,None,04,001,2025-10-02_17h08.01.984,Motor sequence learning,,2025.1.1,120.49463066226396,2025-10-02 17h08.11.709960 +0530,
50,c,36,36,9,,,,,c,1,0.9697928749956191,None,,,,,9,36,36,2,356.92078133299947,,,,,,,,,,,,,,,,356.9124866670463,356.92078133299947,357.9106592501048,357.9106592501048,357.9106592501048,357.9106592501048,357.9183641669806,358.91076537501067,358.91076537501067,359.8852599170059,c,1,0.9697928749956191,None,04,001,2025-10-02_17h08.01.984,Motor sequence learning,,2025.1.1,120.49463066226396,2025-10-02 17h08.11.709960 +0530,
150,v,37,37,6,,,,,v,1,0.975039083044976,None,,,,,6,37,37,1,359.8948528750334,,,,,,,,,,,,,,,,359.88575050001964,359.8948528750334,360.88702962500975,360.88702962500975,360.88702962500975,360.88702962500975,360.88702962500975,361.8774106251076,361.8774106251076,362.8625920000486,v,1,0.975039083044976,None,04,001,2025-10-02_17h08.01.984,Motor sequence learning,,2025.1.1,120.49463066226396,2025-10-02 17h08.11.709960 +0530,
-150,z,38,38,11,,,,,z,1,0.7969212080352008,None,,,,,11,38,38,3,362.8722306250129,,,,,,,,,,,,,,,,362.86336895800196,362.8722306250129,363.8610151251778,363.8610151251778,363.8610151251778,363.8610151251778,363.86867545801215,364.8608083750587,364.8608083750587,365.6622307919897,z,1,0.7969212080352008,None,04,001,2025-10-02_17h08.01.984,Motor sequence learning,,2025.1.1,120.49463066226396,2025-10-02 17h08.11.709960 +0530,
-150,z,39,39,12,,,,,z,1,0.6938778751064092,None,,,,,12,39,39,3,365.6714590829797,,,,,,,,,,,,,,,,365.6627747921739,365.6714590829797,366.661398250144,366.661398250144,366.661398250144,366.661398250144,366.66906300000846,367.66087700007483,367.66087700007483,368.36232066713274,z,1,0.6938778751064092,None,04,001,2025-10-02_17h08.01.984,Motor sequence learning,,2025.1.1,120.49463066226396,2025-10-02 17h08.11.709960 +0530,
-50,x,40,40,10,,,,,x,1,0.5207258330192417,None,,,,,10,40,40,0,368.3720455830917,,,,,,,,,,,,,,,,368.36290016700514,368.3720455830917,369.36097679217346,369.36097679217346,369.36097679217346,369.36097679217346,369.3687518751249,370.3609617501497,370.3609617501497,370.88578391703777,x,1,0.5207258330192417,None,04,001,2025-10-02_17h08.01.984,Motor sequence learning,,2025.1.1,120.49463066226396,2025-10-02 17h08.11.709960 +0530,
150,v,41,41,7,,,,,v,1,0.6929435001220554,None,,,,,7,41,41,1,370.8948470421601,,,,,,,,,,,,,,,,370.8862013751641,370.8948470421601,371.8777732499875,371.8777732499875,371.8777732499875,371.8777732499875,371.88552345801145,372.87770733307116,372.87770733307116,373.5789012920577,v,1,0.6929435001220554,None,04,001,2025-10-02_17h08.01.984,Motor sequence learning,,2025.1.1,120.49463066226396,2025-10-02 17h08.11.709960 +0530,
150,v,42,42,8,,,,,v,1,0.49094820814207196,None,,,,,8,42,42,1,373.58802250004373,,,,,,,,,,,,,,,,373.5794461250771,373.58802250004373,374.57020712504163,374.57020712504163,374.57020712504163,374.57020712504163,374.58516933303326,375.57775850011967,375.57775850011967,376.0800450001843,v,1,0.49094820814207196,None,04,001,2025-10-02_17h08.01.984,Motor sequence learning,,2025.1.1,120.49463066226396,2025-10-02 17h08.11.709960 +0530,
50,c,43,43,10,,,,,c,1,0.6139235000591725,None,,,,,10,43,43,2,376.08670079219155,,,,,,,,,,,,,,,,376.08057029219344,376.08670079219155,377.0779308329802,377.0779308329802,377.0779308329802,377.0779308329802,377.0855398750864,378.077867917018,378.077867917018,378.6956507500727,c,1,0.6139235000591725,None,04,001,2025-10-02_17h08.01.984,Motor sequence learning,,2025.1.1,120.49463066226396,2025-10-02 17h08.11.709960 +0530,
-150,z,44,44,13,,,,,z,1,0.7902173330076039,None,,,,,13,44,44,3,378.7051675831899,,,,,,,,,,,,,,,,378.69616379216313,378.7051675831899,379.68697845819406,379.68697845819406,379.68697845819406,379.68697845819406,379.70234829210676,380.69463954214007,380.69463954214007,381.48631150019355,z,1,0.7902173330076039,None,04,001,2025-10-02_17h08.01.984,Motor sequence learning,,2025.1.1,120.49463066226396,2025-10-02 17h08.11.709960 +0530,
-50,x,45,45,11,,,,,x,1,0.7337973748799413,None,,,,,11,45,45,0,381.4959714580327,,,,,,,,,,,,,,,,381.48683445807546,381.4959714580327,382.48682983312756,382.48682983312756,382.48682983312756,382.48682983312756,382.4947122919839,383.4859665001277,383.4859665001277,384.22945237508975,x,1,0.7337973748799413,None,04,001,2025-10-02_17h08.01.984,Motor sequence learning,,2025.1.1,120.49463066226396,2025-10-02 17h08.11.709960 +0530,
-150,z,46,46,14,,,,,z,1,0.8156162078958005,None,,,,,14,46,46,3,384.2389269580599,,,,,,,,,,,,,,,,384.22997766709886,384.2389269580599,385.2282572921831,385.2282572921831,385.2282572921831,385.2282572921831,385.2359577920288,386.2281898751389,386.2281898751389,387.0465325831901,z,1,0.8156162078958005,None,04,001,2025-10-02_17h08.01.984,Motor sequence learning,,2025.1.1,120.49463066226396,2025-10-02 17h08.11.709960 +0530,
50,c,47,47,11,,,,,c,1,1.1878335000947118,None,,,,,11,47,47,2,387.0561508331448,,,,,,,,,,,,,,,,387.04722566716373,387.0561508331448,388.0449902920518,388.0449902920518,388.0449902920518,388.0449902920518,388.0525735830888,389.0451871249825,389.0451871249825,390.2362835831009,c,1,1.1878335000947118,None,04,001,2025-10-02_17h08.01.984,Motor sequence learning,,2025.1.1,120.49463066226396,2025-10-02 17h08.11.709960 +0530,
50,c,48,48,12,,,,,c,1,0.7535449170973152,None,,,,,12,48,48,2,390.2463461251464,,,,,,,,,,,,,,,,390.2367992079817,390.2463461251464,391.22888037515804,391.22888037515804,391.22888037515804,391.22888037515804,391.2366012081038,392.228351833066,392.228351833066,392.98685400001705,c,1,0.7535449170973152,None,04,001,2025-10-02_17h08.01.984,Motor sequence learning,,2025.1.1,120.49463066226396,2025-10-02 17h08.11.709960 +0530,
150,v,49,49,9,,,,,v,1,0.8158772918395698,None,,,,,9,49,49,1,392.9964980829973,,,,,,,,,,,,,,,,392.98737225006334,392.9964980829973,393.98751058313064,393.98751058313064,393.98751058313064,393.98751058313064,393.9953616671264,394.98700579209253,394.98700579209253,395.81319670798257,v,1,0.8158772918395698,None,04,001,2025-10-02_17h08.01.984,Motor sequence learning,,2025.1.1,120.49463066226396,2025-10-02 17h08.11.709960 +0530,
-150,z,50,50,15,,,,,z,1,0.9970707909669727,None,,,,,15,50,50,3,395.81978604220785,,,,,,,,,,,,,,,,395.81374633312225,395.81978604220785,396.8117688749917,396.8117688749917,396.8117688749917,396.8117688749917,396.8117688749917,397.81204883311875,397.81204883311875,398.8132574581541,z,1,0.9970707909669727,None,04,001,2025-10-02_17h08.01.984,Motor sequence learning,,2025.1.1,120.49463066226396,2025-10-02 17h08.11.709960 +0530,
-150,z,51,51,16,,,,,z,1,0.9210236249491572,None,,,,,16,51,51,3,398.82323770807125,,,,,,,,,,,,,,,,398.8137895001564,398.82323770807125,399.8117977080401,399.8117977080401,399.8117977080401,399.8117977080401,399.81917887507007,400.81204358302057,400.81204358302057,401.73756675003096,z,1,0.9210236249491572,None,04,001,2025-10-02_17h08.01.984,Motor sequence learning,,2025.1.1,120.49463066226396,2025-10-02 17h08.11.709960 +0530,
50,c,52,52,13,,,,,c,1,0.905355541035533,None,,,,,13,52,52,2,401.74752220814116,,,,,,,,,,,,,,,,401.73806800018065,401.74752220814116,402.73799929209054,402.73799929209054,402.73799929209054,402.73799929209054,402.74595750006847,403.7368484172039,403.7368484172039,404.64647262520157,c,1,0.905355541035533,None,04,001,2025-10-02_17h08.01.984,Motor sequence learning,,2025.1.1,120.49463066226396,2025-10-02 17h08.11.709960 +0530,
-150,z,53,53,17,,,,,z,1,0.7397810420952737,None,,,,,17,53,53,3,404.655518792104,,,,,,,,,,,,,,,,404.6470028331969,404.655518792104,405.63827975001186,405.63827975001186,405.63827975001186,405.63827975001186,405.6458312079776,406.63643254199997,406.63643254199997,407.3801916250959,z,1,0.7397810420952737,None,04,001,2025-10-02_17h08.01.984,Motor sequence learning,,2025.1.1,120.49463066226396,2025-10-02 17h08.11.709960 +0530,
50,c,54,54,14,,,,,c,1,6.745709750102833,None,,,,,14,54,54,2,407.38891550013795,,,,,,,,,,,,,,,,407.3806574579794,407.38891550013795,408.3788864170201,408.3788864170201,408.3788864170201,408.3788864170201,408.3866894580424,409.3788699170109,409.3788699170109,416.13074966706336,c,1,6.745709750102833,None,04,001,2025-10-02_17h08.01.984,Motor sequence learning,,2025.1.1,120.49463066226396,2025-10-02 17h08.11.709960 +0530,
150,v,55,55,10,,,,,v,1,1.014558875001967,None,,,,,10,55,55,1,416.1405185831245,,,,,,,,,,,,,,,,416.13139829202555,416.1405185831245,417.12903454201296,417.12903454201296,417.12903454201296,417.12903454201296,417.1367469171528,418.1290567081887,418.1290567081887,419.1472030831501,v,1,1.014558875001967,None,04,001,2025-10-02_17h08.01.984,Motor sequence learning,,2025.1.1,120.49463066226396,2025-10-02 17h08.11.709960 +0530,
50,c,56,56,15,,,,,c,1,3.528738708002493,None,,,,,15,56,56,2,419.1566897081211,,,,,,,,,,,,,,,,419.1477461250033,419.1566897081211,420.1458455831744,420.1458455831744,420.1458455831744,420.1458455831744,420.15351041709073,421.1459515001625,421.1459515001625,424.68049370800145,c,1,3.528738708002493,None,04,001,2025-10-02_17h08.01.984,Motor sequence learning,,2025.1.1,120.49463066226396,2025-10-02 17h08.11.709960 +0530,
150,v,57,57,11,,,,,v,1,0.8594426671043038,None,,,,,11,57,57,1,424.6890957921278,,,,,,,,,,,,,,,,424.68094637501054,424.6890957921278,425.6791743331123,425.6791743331123,425.6791743331123,425.6791743331123,425.6870835002046,426.67927383305505,426.67927383305505,427.5475379170384,v,1,0.8594426671043038,None,04,001,2025-10-02_17h08.01.984,Motor sequence learning,,2025.1.1,120.49463066226396,2025-10-02 17h08.11.709960 +0530,
50,c,58,58,16,,,,,c,1,1.4434313750825822,None,,,,,16,58,58,2,427.5571850000415,,,,,,,,,,,,,,,,427.5480914581567,427.5571850000415,428.54602595814504,428.54602595814504,428.54602595814504,428.54602595814504,428.55365158314817,429.5463562919758,429.5463562919758,430.99758270801976,c,1,1.4434313750825822,None,04,001,2025-10-02_17h08.01.984,Motor sequence learning,,2025.1.1,120.49463066226396,2025-10-02 17h08.11.709960 +0530,
150,v,59,59,12,,,,,v,1,0.8546522080432624,None,,,,,12,59,59,1,431.0072873751633,,,,,,,,,,,,,,,,430.9981128331274,431.0072873751633,431.99612062517554,431.99612062517554,431.99612062517554,431.99612062517554,432.0037709171884,432.996115667047,432.996115667047,433.8552027081605,v,1,0.8546522080432624,None,04,001,2025-10-02_17h08.01.984,Motor sequence learning,,2025.1.1,120.49463066226396,2025-10-02 17h08.11.709960 +0530,
50,c,60,60,17,,,,,c,1,0.5910613329615444,None,,,,,17,60,60,2,433.8796077501029,,,,,,,,,,,,,,,,433.8558295420371,433.8796077501029,434.8546302500181,434.8546302500181,434.8546302500181,434.8546302500181,434.8684777081944,435.85471812519245,435.85471812519245,436.447367958026,c,1,0.5910613329615444,None,04,001,2025-10-02_17h08.01.984,Motor sequence learning,,2025.1.1,120.49463066226396,2025-10-02 17h08.11.709960 +0530,
150,v,61,61,13,,,,,v,1,0.8081176669802517,None,,,,,13,61,61,1,436.45692541706376,,,,,,,,,,,,,,,,436.44788525020704,436.45692541706376,437.43870325013995,437.43870325013995,437.43870325013995,437.43870325013995,437.45419983309694,438.43868604209274,438.43868604209274,439.2544663331937,v,1,0.8081176669802517,None,04,001,2025-10-02_17h08.01.984,Motor sequence learning,,2025.1.1,120.49463066226396,2025-10-02 17h08.11.709960 +0530,
150,v,62,62,14,,,,,v,1,0.8422497089486569,None,,,,,14,62,62,1,439.2642464169767,,,,,,,,,,,,,,,,439.2549745000433,439.2642464169767,440.25489700003527,440.25489700003527,440.25489700003527,440.25489700003527,440.25489700003527,441.2464654170908,441.2464654170908,442.09763166704215,v,1,0.8422497089486569,None,04,001,2025-10-02_17h08.01.984,Motor sequence learning,,2025.1.1,120.49463066226396,2025-10-02 17h08.11.709960 +0530,
-150,z,63,63,18,,,,,z,1,1.4883481671568006,None,,,,,18,63,63,3,442.10675983317196,,,,,,,,,,,,,,,,442.09813679219224,442.10675983317196,443.0886707501486,443.0886707501486,443.0886707501486,443.0886707501486,443.1041863330174,444.08860991708934,444.08860991708934,445.5813835421577,z,1,1.4883481671568006,None,04,001,2025-10-02_17h08.01.984,Motor sequence learning,,2025.1.1,120.49463066226396,2025-10-02 17h08.11.709960 +0530,
50,c,64,64,18,,,,,c,1,2.399651583051309,None,,,,,18,64,64,2,445.5905034581665,,,,,,,,,,,,,,,,445.5819732081145,445.5905034581665,446.5799466671888,446.5799466671888,446.5799466671888,446.5799466671888,446.5875414169859,447.57992883305997,447.57992883305997,449.9814494170714,c,1,2.399651583051309,None,04,001,2025-10-02_17h08.01.984,Motor sequence learning,,2025.1.1,120.49463066226396,2025-10-02 17h08.11.709960 +0530,
-50,x,65,65,12,,,,,x,1,0.7013982909265906,None,,,,,12,65,65,0,449.99054770800285,,,,,,,,,,,,,,,,449.9819771251641,449.99054770800285,450.97998779220507,450.97998779220507,450.97998779220507,450.97998779220507,450.987346583046,451.98001866717823,451.98001866717823,452.6889457080979,x,1,0.7013982909265906,None,04,001,2025-10-02_17h08.01.984,Motor sequence learning,,2025.1.1,120.49463066226396,2025-10-02 17h08.11.709960 +0530,
-150,z,66,66,19,,,,,z,1,0.8208491669502109,None,,,,,19,66,66,3,452.69876875006594,,,,,,,,,,,,,,,,452.68945808312856,452.69876875006594,453.68992604198866,453.68992604198866,453.68992604198866,453.68992604198866,453.69694329216145,454.6887998331804,454.6887998331804,455.51506524998695,z,1,0.8208491669502109,None,04,001,2025-10-02_17h08.01.984,Motor sequence learning,,2025.1.1,120.49463066226396,2025-10-02 17h08.11.709960 +0530,
50,c,67,67,19,,,,,c,1,1.3238861658610404,None,,,,,19,67,67,2,455.5246662499849,,,,,,,,,,,,,,,,455.51559120812453,455.5246662499849,456.5135490000248,456.5135490000248,456.5135490000248,456.5135490000248,456.5212428329978,457.51370312506333,457.51370312506333,458.84809941705316,c,1,1.3238861658610404,None,04,001,2025-10-02_17h08.01.984,Motor sequence learning,,2025.1.1,120.49463066226396,2025-10-02 17h08.11.709960 +0530,
-50,x,68,68,13,,,,,x,1,0.5942330830730498,None,,,,,13,68,68,0,458.85453987517394,,,,,,,,,,,,,,,,458.84853258309886,458.85453987517394,459.8394298751373,459.8394298751373,459.8394298751373,459.8394298751373,459.8474584170617,460.84041145816445,460.84041145816445,461.4392742922064,x,1,0.5942330830730498,None,04,001,2025-10-02_17h08.01.984,Motor sequence learning,,2025.1.1,120.49463066226396,2025-10-02 17h08.11.709960 +0530,
150,v,69,69,15,,,,,v,1,0.9455398749560118,None,,,,,15,69,69,1,461.46383908297867,,,,,,,,,,,,,,,,461.43976883310825,461.46383908297867,462.4388163331896,462.4388163331896,462.4388163331896,462.4388163331896,462.4548545831349,463.4381023750175,463.4381023750175,464.3893255831208,v,1,0.9455398749560118,None,04,001,2025-10-02_17h08.01.984,Motor sequence learning,,2025.1.1,120.49463066226396,2025-10-02 17h08.11.709960 +0530,
50,c,70,70,20,,,,,c,1,0.46038591605611145,None,,,,,20,70,70,2,464.3984587499872,,,,,,,,,,,,,,,,464.3898247501347,464.3984587499872,465.38883162499405,465.38883162499405,465.38883162499405,465.38883162499405,465.38883162499405,466.3881380830426,466.3881380830426,466.8595021672081,c,1,0.46038591605611145,None,04,001,2025-10-02_17h08.01.984,Motor sequence learning,,2025.1.1,120.49463066226396,2025-10-02 17h08.11.709960 +0530,
50,c,71,71,21,,,,,c,1,0.6746326659340411,None,,,,,21,71,71,2,466.86661462509073,,,,,,,,,,,,,,,,466.86008441704325,466.86661462509073,467.8562887501903,467.8562887501903,467.8562887501903,467.8562887501903,467.86440441710874,468.85609104204923,468.85609104204923,469.541874792194,c,1,0.6746326659340411,None,04,001,2025-10-02_17h08.01.984,Motor sequence learning,,2025.1.1,120.49463066226396,2025-10-02 17h08.11.709960 +0530,
-50,x,72,72,14,,,,,x,1,1.0247623750474304,None,,,,,14,72,72,0,469.54888195800595,,,,,,,,,,,,,,,,469.5423105000518,469.54888195800595,470.5395420421846,470.5395420421846,470.5395420421846,470.5395420421846,470.54756916710176,471.5389544169884,471.5389544169884,472.56546583306044,x,1,1.0247623750474304,None,04,001,2025-10-02_17h08.01.984,Motor sequence learning,,2025.1.1,120.49463066226396,2025-10-02 17h08.11.709960 +0530,
150,v,73,73,16,,,,,v,1,1.0027778330259025,None,,,,,16,73,73,1,472.5754119171761,,,,,,,,,,,,,,,,472.56607716716826,472.5754119171761,473.5640719581861,473.5640719581861,473.5640719581861,473.5640719581861,473.57153275003657,474.5641348750796,474.5641348750796,475.572234417079,v,1,1.0027778330259025,None,04,001,2025-10-02_17h08.01.984,Motor sequence learning,,2025.1.1,120.49463066226396,2025-10-02 17h08.11.709960 +0530,
-50,x,74,74,15,,,,,x,1,1.0377040829043835,None,,,,,15,74,74,0,475.5821985830553,,,,,,,,,,,,,,,,475.572767958045,475.5821985830553,476.5724495421164,476.5724495421164,476.5724495421164,476.5724495421164,476.5724495421164,477.56419979198836,477.56419979198836,478.60666666715406,x,1,1.0377040829043835,None,04,001,2025-10-02_17h08.01.984,Motor sequence learning,,2025.1.1,120.49463066226396,2025-10-02 17h08.11.709960 +0530,
-50,x,75,75,16,,,,,x,1,0.37302962504327297,None,,,,,16,75,75,0,478.6165340831503,,,,,,,,,,,,,,,,478.6073867920786,478.6165340831503,479.60684616700746,479.60684616700746,479.60684616700746,479.60684616700746,479.6146365420427,480.60678350017406,480.60678350017406,480.98252425016835,x,1,0.37302962504327297,None,04,001,2025-10-02_17h08.01.984,Motor sequence learning,,2025.1.1,120.49463066226396,2025-10-02 17h08.11.709960 +0530,
150,v,76,76,17,,,,,v,1,0.9639682921115309,None,,,,,17,76,76,1,480.99187391716987,,,,,,,,,,,,,,,,480.98314479202963,480.99187391716987,481.9810097501613,481.9810097501613,481.9810097501613,481.9810097501613,481.9890145000536,482.9810158330947,482.9810158330947,483.94937050016597,v,1,0.9639682921115309,None,04,001,2025-10-02_17h08.01.984,Motor sequence learning,,2025.1.1,120.49463066226396,2025-10-02 17h08.11.709960 +0530,
150,v,77,77,18,,,,,v,1,0.4540042500011623,None,,,,,18,77,77,1,483.9590207079891,,,,,,,,,,,,,,,,483.94998600007966,483.9590207079891,484.9477260829881,484.9477260829881,484.9477260829881,484.9477260829881,484.9556807081681,485.9478982500732,485.9478982500732,486.4062457079999,v,1,0.4540042500011623,None,04,001,2025-10-02_17h08.01.984,Motor sequence learning,,2025.1.1,120.49463066226396,2025-10-02 17h08.11.709960 +0530,
-50,x,78,78,17,,,,,x,1,0.6904464578256011,None,,,,,17,78,78,0,486.41621154220775,,,,,,,,,,,,,,,,486.4068025830202,486.41621154220775,487.4061697500292,487.4061697500292,487.4061697500292,487.4061697500292,487.4145655001048,488.4065612081904,488.4065612081904,489.0991090000607,x,1,0.6904464578256011,None,04,001,2025-10-02_17h08.01.984,Motor sequence learning,,2025.1.1,120.49463066226396,2025-10-02 17h08.11.709960 +0530,
-50,x,79,79,18,,,,,x,1,0.25617733295075595,None,,,,,18,79,79,0,489.10920458310284,,,,,,,,,,,,,,,,489.0996502081398,489.10920458310284,490.0903677921742,490.0903677921742,490.0903677921742,490.0903677921742,490.1062165000476,491.0979247081559,491.0979247081559,491.3560803751461,x,1,0.25617733295075595,None,04,001,2025-10-02_17h08.01.984,Motor sequence learning,,2025.1.1,120.49463066226396,2025-10-02 17h08.11.709960 +0530,
50,c,80,80,22,,,,,c,1,0.8538222911302,None,,,,,22,80,80,2,491.3659074581228,,,,,,,,,,,,,,,,491.35663595818914,491.3659074581228,492.35634012520313,492.35634012520313,492.35634012520313,492.35634012520313,492.36479979217984,493.3563712500036,493.3563712500036,494.21623612497933,c,1,0.8538222911302,None,04,001,2025-10-02_17h08.01.984,Motor sequence learning,,2025.1.1,120.49463066226396,2025-10-02 17h08.11.709960 +0530,
-150,z,81,81,20,,,,,z,1,0.6842400841414928,None,,,,,20,81,81,3,494.22631466714665,,,,,,,,,,,,,,,,494.2168229171075,494.22631466714665,495.2146751671098,495.2146751671098,495.2146751671098,495.2146751671098,495.2225309170317,496.21477991715074,496.21477991715074,496.9096964581404,z,1,0.6842400841414928,None,04,001,2025-10-02_17h08.01.984,Motor sequence learning,,2025.1.1,120.49463066226396,2025-10-02 17h08.11.709960 +0530,
150,v,82,82,19,,,,,v,1,1.0554212080314755,None,,,,,19,82,82,1,496.91670300019905,,,,,,,,,,,,,,,,496.9101356251631,496.91670300019905,497.9080078750849,497.9080078750849,497.9080078750849,497.9080078750849,497.9161547080148,498.9068352500908,498.9068352500908,499.96631837519817,v,1,1.0554212080314755,None,04,001,2025-10-02_17h08.01.984,Motor sequence learning,,2025.1.1,120.49463066226396,2025-10-02 17h08.11.709960 +0530,
-50,x,83,83,19,,,,,x,1,0.7433012090623379,None,,,,,19,83,83,0,499.9753711251542,,,,,,,,,,,,,,,,499.9668504172005,499.9753711251542,500.9648552921135,500.9648552921135,500.9648552921135,500.9648552921135,500.97251554206014,501.964990750188,501.964990750188,502.7163997502066,x,1,0.7433012090623379,None,04,001,2025-10-02_17h08.01.984,Motor sequence learning,,2025.1.1,120.49463066226396,2025-10-02 17h08.11.709960 +0530,
50,c,84,84,23,,,,,c,1,0.947963209124282,None,,,,,23,84,84,2,502.72578920819797,,,,,,,,,,,,,,,,502.71691037504934,502.72578920819797,503.71506637497805,503.71506637497805,503.71506637497805,503.71506637497805,503.7229031671304,504.71514208312146,504.71514208312146,505.6663897500839,c,1,0.947963209124282,None,04,001,2025-10-02_17h08.01.984,Motor sequence learning,,2025.1.1,120.49463066226396,2025-10-02 17h08.11.709960 +0530,
150,v,85,85,20,,,,,v,1,0.8741693750489503,None,,,,,20,85,85,1,505.6752424170263,,,,,,,,,,,,,,,,505.66689533297904,505.6752424170263,506.66502495808527,506.66502495808527,506.66502495808527,506.66502495808527,506.6726873330772,507.66500895819627,507.66500895819627,508.5497772921808,v,1,0.8741693750489503,None,04,001,2025-10-02_17h08.01.984,Motor sequence learning,,2025.1.1,120.49463066226396,2025-10-02 17h08.11.709960 +0530,
50,c,86,86,24,,,,,c,1,0.7290908331051469,None,,,,,24,86,86,2,508.5587881670799,,,,,,,,,,,,,,,,508.550290083047,508.5587881670799,509.541094875196,509.541094875196,509.541094875196,509.541094875196,509.55626808316447,510.54813100001775,510.54813100001775,511.2830335421022,c,1,0.7290908331051469,None,04,001,2025-10-02_17h08.01.984,Motor sequence learning,,2025.1.1,120.49463066226396,2025-10-02 17h08.11.709960 +0530,
-50,x,87,87,20,,,,,x,1,0.8894160829950124,None,,,,,20,87,87,0,511.2927643749863,,,,,,,,,,,,,,,,511.2835799581371,511.2927643749863,512.2821350831073,512.2821350831073,512.2821350831073,512.2821350831073,512.2898705000989,513.2818434170913,513.2818434170913,514.1747670420446,x,1,0.8894160829950124,None,04,001,2025-10-02_17h08.01.984,Motor sequence learning,,2025.1.1,120.49463066226396,2025-10-02 17h08.11.709960 +0530,
-50,x,88,88,21,,,,,x,1,1.1501209170091897,None,,,,,21,88,88,0,514.1848915831652,,,,,,,,,,,,,,,,514.1753794581164,514.1848915831652,515.1742116250098,515.1742116250098,515.1742116250098,515.1742116250098,515.1824595830403,516.1740550831892,516.1740550831892,517.3503952920437,x,1,1.1501209170091897,None,04,001,2025-10-02_17h08.01.984,Motor sequence learning,,2025.1.1,120.49463066226396,2025-10-02 17h08.11.709960 +0530,
-150,z,89,89,21,,,,,z,1,0.6981717499438673,None,,,,,21,89,89,3,517.3660363331437,,,,,,,,,,,,,,,,517.3510637921281,517.3660363331437,518.3488725421485,518.3488725421485,518.3488725421485,518.3488725421485,518.3566072920803,519.3491526669823,519.3491526669823,520.0498992921785,z,1,0.6981717499438673,None,04,001,2025-10-02_17h08.01.984,Motor sequence learning,,2025.1.1,120.49463066226396,2025-10-02 17h08.11.709960 +0530,
-50,x,90,90,22,,,,,x,1,1.3356622501742095,None,,,,,22,90,90,0,520.0591679580975,,,,,,,,,,,,,,,,520.0504154581577,520.0591679580975,521.0432368330657,521.0432368330657,521.0432368330657,521.0432368330657,521.0657860420179,522.0408412080724,522.0408412080724,523.3836351670325,x,1,1.3356622501742095,None,04,001,2025-10-02_17h08.01.984,Motor sequence learning,,2025.1.1,120.49463066226396,2025-10-02 17h08.11.709960 +0530,
150,v,91,91,21,,,,,v,1,1.4191936671268195,None,,,,,21,91,91,1,523.3921618331224,,,,,,,,,,,,,,,,523.3841635831632,523.3921618331224,524.3822077082004,524.3822077082004,524.3822077082004,524.3822077082004,524.389610750135,525.3822020001244,525.3822020001244,526.8078065421432,v,1,1.4191936671268195,None,04,001,2025-10-02_17h08.01.984,Motor sequence learning,,2025.1.1,120.49463066226396,2025-10-02 17h08.11.709960 +0530,
-150,z,92,92,22,,,,,z,1,1.133136291988194,None,,,,,22,92,92,3,526.8173484171275,,,,,,,,,,,,,,,,526.808320667129,526.8173484171275,527.8071142500266,527.8071142500266,527.8071142500266,527.8071142500266,527.8155982920434,528.8073243331164,528.8073243331164,529.9505177501123,z,1,1.133136291988194,None,04,001,2025-10-02_17h08.01.984,Motor sequence learning,,2025.1.1,120.49463066226396,2025-10-02 17h08.11.709960 +0530,
-50,x,93,93,23,,,,,x,1,0.9394234588835388,None,,,,,23,93,93,0,529.9602333751973,,,,,,,,,,,,,,,,529.9510650001466,529.9602333751973,530.9490435421467,530.9490435421467,530.9490435421467,530.9490435421467,530.956714667147,531.9490567501634,531.9490567501634,532.8905500420369,x,1,0.9394234588835388,None,04,001,2025-10-02_17h08.01.984,Motor sequence learning,,2025.1.1,120.49463066226396,2025-10-02 17h08.11.709960 +0530,
150,v,94,94,22,,,,,v,1,0.9040083750151098,None,,,,,22,94,94,1,532.8997874581255,,,,,,,,,,,,,,,,532.8909810830373,532.8997874581255,533.8905301250052,533.8905301250052,533.8905301250052,533.8905301250052,533.8905301250052,534.8824671250768,534.8824671250768,535.7908016671427,v,1,0.9040083750151098,None,04,001,2025-10-02_17h08.01.984,Motor sequence learning,,2025.1.1,120.49463066226396,2025-10-02 17h08.11.709960 +0530,
150,v,95,95,23,,,,,v,1,0.9581327911000699,None,,,,,23,95,95,1,535.8006829170045,,,,,,,,,,,,,,,,535.7913034171797,535.8006829170045,536.7915964170825,536.7915964170825,536.7915964170825,536.7915964170825,536.7915964170825,537.7904817920644,537.7904817920644,538.7506721671671,v,1,0.9581327911000699,None,04,001,2025-10-02_17h08.01.984,Motor sequence learning,,2025.1.1,120.49463066226396,2025-10-02 17h08.11.709960 +0530,
-50,x,96,96,24,,,,,x,1,0.9702490421477705,None,,,,,24,96,96,0,538.7602751671802,,,,,,,,,,,,,,,,538.7511775000021,538.7602751671802,539.7495045419782,539.7495045419782,539.7495045419782,539.7495045419782,539.7572388330009,540.7493450420443,540.7493450420443,541.7247087501455,x,1,0.9702490421477705,None,04,001,2025-10-02_17h08.01.984,Motor sequence learning,,2025.1.1,120.49463066226396,2025-10-02 17h08.11.709960 +0530,
-150,z,97,97,23,,,,,z,1,0.6635916249360889,None,,,,,23,97,97,3,541.7347117920872,,,,,,,,,,,,,,,,541.725320875179,541.7347117920872,542.7255753329955,542.7255753329955,542.7255753329955,542.7255753329955,542.7335289171897,543.7249787081964,543.7249787081964,544.3913548330311,z,1,0.6635916249360889,None,04,001,2025-10-02_17h08.01.984,Motor sequence learning,,2025.1.1,120.49463066226396,2025-10-02 17h08.11.709960 +0530,
150,v,98,98,24,,,,,v,1,0.8881427920423448,None,,,,,24,98,98,1,544.4014775000978,,,,,,,,,,,,,,,,544.3919572921004,544.4014775000978,545.3919619580265,545.3919619580265,545.3919619580265,545.3919619580265,545.4003959579859,546.390532333171,546.390532333171,547.2843774580397,v,1,0.8881427920423448,None,04,001,2025-10-02_17h08.01.984,Motor sequence learning,,2025.1.1,120.49463066226396,2025-10-02 17h08.11.709960 +0530,
-150,z,99,99,24,,,,,z,1,0.8077251249924302,None,,,,,24,99,99,3,547.294080833206,,,,,,,,,,,,,,,,547.2849393750075,547.294080833206,548.2831379580311,548.2831379580311,548.2831379580311,548.2831379580311,548.2908807080239,549.2829488751013,549.2829488751013,550.1021055001765,z,1,0.8077251249924302,None,04,001,2025-10-02_17h08.01.984,Motor sequence learning,,2025.1.1,120.49463066226396,2025-10-02 17h08.11.709960 +0530,
