word,category,inkColour,correct_res,thisN,thisTrialN,thisRepN,key_resp.keys,key_resp.corr,key_resp.rt,key_resp.duration,trials.thisRepN,trials.thisTrialN,trials.thisN,trials.thisIndex,thisRow.t,notes,Instructions.started,instrText.started,instr_key.started,Instructions.stopped,instr_key.keys,instr_key.rt,instr_key.duration,Welcome.started,text_2.started,Welcome.stopped,ColourNaming.started,fixation.started,fixation.stopped,text.started,key_resp.started,ColourNaming.stopped,trials.key_resp.keys,trials.key_resp.corr,trials.key_resp.rt,trials.key_resp.duration,Thank_You.started,text_3.started,text_3.stopped,Thank_You.stopped,participant,session,date,expName,expVersion,psychopyVersion,frameRate,expStart,
,,,,,,,,,,,,,,,,,0.013373333000345156,0.03886912499729078,0.03886912499729078,12.886738749992219,space,12.507251749993884,None,,,,,,,,,,,,,,,,,,04,001,2025-11-14_10h36.46.396,The Self-Relevance Effect on Selective Attention task,,2025.1.1,None,2025-11-14 10h37.35.454583 +0530,
,,,,,,,,,,,,,,,,,,,,,,,,12.886783333000494,12.903781957997126,13.889076874998864,,,,,,,,,,,,,,,04,001,2025-11-14_10h36.46.396,The Self-Relevance Effect on Selective Attention task,,2025.1.1,None,2025-11-14 10h37.35.454583 +0530,
Wall,neutral,yellow,y,0,0,0,y,1,0.5502745830017375,None,0,0,0,45,13.944594207991031,,,,,,,,,,,,13.935897082992597,13.944594207991031,14.380953207990387,14.380953207990387,14.380953207990387,14.940400457999203,y,1,0.5502745830017375,None,,,,,04,001,2025-11-14_10h36.46.396,The Self-Relevance Effect on Selective Attention task,,2025.1.1,None,2025-11-14 10h37.35.454583 +0530,
My,self ,blue,b,1,1,0,b,1,0.5259036660136189,None,0,1,1,10,14.958403582990286,,,,,,,,,,,,14.948086666991003,14.958403582990286,15.443575457989937,15.443575457989937,15.443575457989937,15.973764499998651,b,1,0.5259036660136189,None,,,,,04,001,2025-11-14_10h36.46.396,The Self-Relevance Effect on Selective Attention task,,2025.1.1,None,2025-11-14 10h37.35.454583 +0530,
Book,neutral,blue,b,2,2,0,b,1,0.6121719160000794,None,0,2,2,42,15.9875751669897,,,,,,,,,,,,15.978341791997082,15.9875751669897,16.472196999995504,16.472196999995504,16.472196999995504,17.09043766699324,b,1,0.6121719160000794,None,,,,,04,001,2025-11-14_10h36.46.396,The Self-Relevance Effect on Selective Attention task,,2025.1.1,None,2025-11-14 10h37.35.454583 +0530,
Window,neutral,blue,b,3,3,0,b,1,0.4587899159960216,None,0,3,3,40,17.11877629198716,,,,,,,,,,,,17.096283999999287,17.11877629198716,17.588566874997923,17.588566874997923,17.588566874997923,18.057210832994315,b,1,0.4587899159960216,None,,,,,04,001,2025-11-14_10h36.46.396,The Self-Relevance Effect on Selective Attention task,,2025.1.1,None,2025-11-14 10h37.35.454583 +0530,
Book,neutral,blue,b,4,4,1,b,1,0.31887358300446067,None,1,4,4,42,18.071364167000866,,,,,,,,,,,,18.061976082986803,18.071364167000866,18.555432249995647,18.555432249995647,18.555432249995647,18.87987379200058,b,1,0.31887358300446067,None,,,,,04,001,2025-11-14_10h36.46.396,The Self-Relevance Effect on Selective Attention task,,2025.1.1,None,2025-11-14 10h37.35.454583 +0530,
Door,neutral,yellow,y,5,5,0,y,1,0.4582318329921691,None,0,5,5,47,18.89545124999131,,,,,,,,,,,,18.88662687499891,18.89545124999131,19.381105707987444,19.381105707987444,19.381105707987444,19.846663791991887,y,1,0.4582318329921691,None,,,,,04,001,2025-11-14_10h36.46.396,The Self-Relevance Effect on Selective Attention task,,2025.1.1,None,2025-11-14 10h37.35.454583 +0530,
Chair,neutral,blue,b,6,6,0,b,1,0.44941883299907204,None,0,6,6,32,19.861036457994487,,,,,,,,,,,,19.851637082989328,19.861036457994487,20.347829791993718,20.347829791993718,20.347829791993718,20.807194916997105,b,1,0.44941883299907204,None,,,,,04,001,2025-11-14_10h36.46.396,The Self-Relevance Effect on Selective Attention task,,2025.1.1,None,2025-11-14 10h37.35.454583 +0530,
She,other,blue,b,7,7,0,y,0,0.39915970800211653,None,0,7,7,26,20.821678207998048,,,,,,,,,,,,20.812278291996336,20.821678207998048,21.305199082999025,21.305199082999025,21.305199082999025,21.70754695798678,y,0,0.39915970800211653,None,,,,,04,001,2025-11-14_10h36.46.396,The Self-Relevance Effect on Selective Attention task,,2025.1.1,None,2025-11-14 10h37.35.454583 +0530,
Myself,self ,yellow,y,8,8,0,y,1,1.3329142080037855,None,0,8,8,5,21.722465832994203,,,,,,,,,,,,21.71290324999427,21.722465832994203,22.205733999988297,22.205733999988297,22.205733999988297,23.540776207999443,y,1,1.3329142080037855,None,,,,,04,001,2025-11-14_10h36.46.396,The Self-Relevance Effect on Selective Attention task,,2025.1.1,None,2025-11-14 10h37.35.454583 +0530,
Bottle,neutral,blue,b,9,9,0,b,1,0.516830917011248,None,0,9,9,38,23.55468766699778,,,,,,,,,,,,23.545472832993255,23.55468766699778,24.03869499999564,24.03869499999564,24.03869499999564,24.55767233298684,b,1,0.516830917011248,None,,,,,04,001,2025-11-14_10h36.46.396,The Self-Relevance Effect on Selective Attention task,,2025.1.1,None,2025-11-14 10h37.35.454583 +0530,
I,self ,yellow,y,10,10,0,y,1,0.7092048740014434,None,0,10,10,9,24.57121716698748,,,,,,,,,,,,24.562645749989315,24.57121716698748,25.055303000001004,25.055303000001004,25.055303000001004,25.774529332993552,y,1,0.7092048740014434,None,,,,,04,001,2025-11-14_10h36.46.396,The Self-Relevance Effect on Selective Attention task,,2025.1.1,None,2025-11-14 10h37.35.454583 +0530,
They,other,yellow,y,11,11,0,y,1,0.5324911659990903,None,0,11,11,17,25.79010820799158,,,,,,,,,,,,25.78048437499092,25.79010820799158,26.271971416994347,26.271971416994347,26.271971416994347,26.807230666992837,y,1,0.5324911659990903,None,,,,,04,001,2025-11-14_10h36.46.396,The Self-Relevance Effect on Selective Attention task,,2025.1.1,None,2025-11-14 10h37.35.454583 +0530,
Stranger,other,blue,b,12,12,0,b,1,0.6190254999964964,None,0,12,12,22,26.821489832989755,,,,,,,,,,,,26.812231832998805,26.821489832989755,27.305410166998627,27.305410166998627,27.305410166998627,27.930066457993235,b,1,0.6190254999964964,None,,,,,04,001,2025-11-14_10h36.46.396,The Self-Relevance Effect on Selective Attention task,,2025.1.1,None,2025-11-14 10h37.35.454583 +0530,
My,self ,yellow,y,13,13,0,y,1,0.5441046660125721,None,0,13,13,11,27.945458749993122,,,,,,,,,,,,27.93453120799677,27.945458749993122,28.43133087499882,28.43133087499882,28.43133087499882,28.980238916992676,y,1,0.5441046660125721,None,,,,,04,001,2025-11-14_10h36.46.396,The Self-Relevance Effect on Selective Attention task,,2025.1.1,None,2025-11-14 10h37.35.454583 +0530,
Bottle,neutral,blue,b,14,14,1,b,1,0.3985962079896126,None,1,14,14,38,28.994569624992437,,,,,,,,,,,,28.984422999987146,28.994569624992437,29.481770874990616,29.481770874990616,29.481770874990616,29.89078933298879,b,1,0.3985962079896126,None,,,,,04,001,2025-11-14_10h36.46.396,The Self-Relevance Effect on Selective Attention task,,2025.1.1,None,2025-11-14 10h37.35.454583 +0530,
They,other,blue,b,15,15,0,b,1,0.33556416699138936,None,0,15,15,16,29.90473529198789,,,,,,,,,,,,29.895361624992802,29.90473529198789,30.389019582988112,30.389019582988112,30.389019582988112,30.73049924999941,b,1,0.33556416699138936,None,,,,,04,001,2025-11-14_10h36.46.396,The Self-Relevance Effect on Selective Attention task,,2025.1.1,None,2025-11-14 10h37.35.454583 +0530,
Me,self ,blue,b,16,16,0,b,1,0.3075712499994552,None,0,16,16,2,30.74380966699391,,,,,,,,,,,,30.734560457989573,30.74380966699391,31.23198566699284,31.23198566699284,31.23198566699284,31.546922707988415,b,1,0.3075712499994552,None,,,,,04,001,2025-11-14_10h36.46.396,The Self-Relevance Effect on Selective Attention task,,2025.1.1,None,2025-11-14 10h37.35.454583 +0530,
He,other,blue,b,17,17,0,b,1,0.29424929100787267,None,0,17,17,18,31.5623443749937,,,,,,,,,,,,31.552772166993236,31.5623443749937,32.04832020799222,32.04832020799222,32.04832020799222,32.34777354198741,b,1,0.29424929100787267,None,,,,,04,001,2025-11-14_10h36.46.396,The Self-Relevance Effect on Selective Attention task,,2025.1.1,None,2025-11-14 10h37.35.454583 +0530,
Stranger,other,blue,b,18,18,1,b,1,0.3115906669991091,None,1,18,18,22,32.360721041986835,,,,,,,,,,,,32.352303082996514,32.360721041986835,32.84796474999166,32.84796474999166,32.84796474999166,33.16358266699535,b,1,0.3115906669991091,None,,,,,04,001,2025-11-14_10h36.46.396,The Self-Relevance Effect on Selective Attention task,,2025.1.1,None,2025-11-14 10h37.35.454583 +0530,
Selfhood,self ,yellow,y,19,19,0,y,1,0.44923237500188407,None,0,19,19,15,33.17845754198788,,,,,,,,,,,,33.169268332989304,33.17845754198788,33.65561116699246,33.65561116699246,33.65561116699246,34.10769745799189,y,1,0.44923237500188407,None,,,,,04,001,2025-11-14_10h36.46.396,The Self-Relevance Effect on Selective Attention task,,2025.1.1,None,2025-11-14 10h37.35.454583 +0530,
My,self ,yellow,y,20,20,1,y,1,0.3204541250015609,None,1,20,20,11,34.12110091699287,,,,,,,,,,,,34.11207762498816,34.12110091699287,34.60615749999124,34.60615749999124,34.60615749999124,34.93048183299834,y,1,0.3204541250015609,None,,,,,04,001,2025-11-14_10h36.46.396,The Self-Relevance Effect on Selective Attention task,,2025.1.1,None,2025-11-14 10h37.35.454583 +0530,
They,other,blue,b,21,21,1,b,1,0.4361330829997314,None,1,21,21,16,34.9441765419906,,,,,,,,,,,,34.9344928329956,34.9441765419906,35.431613791995915,35.431613791995915,35.431613791995915,35.8741902079928,b,1,0.4361330829997314,None,,,,,04,001,2025-11-14_10h36.46.396,The Self-Relevance Effect on Selective Attention task,,2025.1.1,None,2025-11-14 10h37.35.454583 +0530,
Name,self ,blue,b,22,22,0,b,1,0.2943201659945771,None,0,22,22,0,35.88925799999561,,,,,,,,,,,,35.88033283299592,35.88925799999561,36.372378166997805,36.372378166997805,36.372378166997805,36.67459683299239,b,1,0.2943201659945771,None,,,,,04,001,2025-11-14_10h36.46.396,The Self-Relevance Effect on Selective Attention task,,2025.1.1,None,2025-11-14 10h37.35.454583 +0530,
Their,other,yellow,y,23,23,0,y,1,0.3403378750081174,None,0,23,23,25,36.68834829199477,,,,,,,,,,,,36.67945291700016,36.68834829199477,37.17237958298938,37.17237958298938,37.17237958298938,37.52456125000026,y,1,0.3403378750081174,None,,,,,04,001,2025-11-14_10h36.46.396,The Self-Relevance Effect on Selective Attention task,,2025.1.1,None,2025-11-14 10h37.35.454583 +0530,
Table,neutral,yellow,y,24,24,0,y,1,0.24881837499560788,None,0,24,24,35,37.539231416987604,,,,,,,,,,,,37.53005424998992,37.539231416987604,38.02300070799538,38.02300070799538,38.02300070799538,38.27482216698991,y,1,0.24881837499560788,None,,,,,04,001,2025-11-14_10h36.46.396,The Self-Relevance Effect on Selective Attention task,,2025.1.1,None,2025-11-14 10h37.35.454583 +0530,
Mine,self ,blue,b,25,25,0,b,1,0.30403587500040885,None,0,25,25,6,38.28836441699241,,,,,,,,,,,,38.27945949998684,38.28836441699241,38.77269558300031,38.77269558300031,38.77269558300031,39.08078804198885,b,1,0.30403587500040885,None,,,,,04,001,2025-11-14_10h36.46.396,The Self-Relevance Effect on Selective Attention task,,2025.1.1,None,2025-11-14 10h37.35.454583 +0530,
Mine,self ,blue,b,26,26,1,b,1,0.31501162399945315,None,1,26,26,6,39.09424258299987,,,,,,,,,,,,39.08188708299713,39.09424258299987,39.581676457994035,39.581676457994035,39.581676457994035,39.90809416699631,b,1,0.31501162399945315,None,,,,,04,001,2025-11-14_10h36.46.396,The Self-Relevance Effect on Selective Attention task,,2025.1.1,None,2025-11-14 10h37.35.454583 +0530,
Me,self ,yellow,y,27,27,0,y,1,0.3165924160130089,None,0,27,27,3,39.92218608300027,,,,,,,,,,,,39.91262370799086,39.92218608300027,40.40622108298703,40.40622108298703,40.40622108298703,40.72489379199396,y,1,0.3165924160130089,None,,,,,04,001,2025-11-14_10h36.46.396,The Self-Relevance Effect on Selective Attention task,,2025.1.1,None,2025-11-14 10h37.35.454583 +0530,
I,self ,blue,b,28,28,0,y,0,0.40763995800807606,None,0,28,28,8,40.73953412499395,,,,,,,,,,,,40.73054420799599,40.73953412499395,41.223110082995845,41.223110082995845,41.223110082995845,41.64139904199692,y,0,0.40763995800807606,None,,,,,04,001,2025-11-14_10h36.46.396,The Self-Relevance Effect on Selective Attention task,,2025.1.1,None,2025-11-14 10h37.35.454583 +0530,
Their,other,yellow,y,29,29,1,y,1,0.7616687080007978,None,1,29,29,25,41.65592658300011,,,,,,,,,,,,41.6465939579939,41.65592658300011,42.13925945799565,42.13925945799565,42.13925945799565,42.90811879199464,y,1,0.7616687080007978,None,,,,,04,001,2025-11-14_10h36.46.396,The Self-Relevance Effect on Selective Attention task,,2025.1.1,None,2025-11-14 10h37.35.454583 +0530,
Bottle,neutral,yellow,y,30,30,0,y,1,0.4779676659964025,None,0,30,30,39,42.92191095800081,,,,,,,,,,,,42.913007374998415,42.92191095800081,43.40595766699698,43.40595766699698,43.40595766699698,43.89298091699311,y,1,0.4779676659964025,None,,,,,04,001,2025-11-14_10h36.46.396,The Self-Relevance Effect on Selective Attention task,,2025.1.1,None,2025-11-14 10h37.35.454583 +0530,
Name,self ,blue,b,31,31,1,b,1,0.3405015829921467,None,1,31,31,0,43.90508574999694,,,,,,,,,,,,43.8963012079912,43.90508574999694,44.389353999999,44.389353999999,44.389353999999,44.74174058299104,b,1,0.3405015829921467,None,,,,,04,001,2025-11-14_10h36.46.396,The Self-Relevance Effect on Selective Attention task,,2025.1.1,None,2025-11-14 10h37.35.454583 +0530,
Bottle,neutral,yellow,y,32,32,1,y,1,0.3964666660031071,None,1,32,32,39,44.756874499988044,,,,,,,,,,,,44.74775416699413,44.756874499988044,45.239370041992515,45.239370041992515,45.239370041992515,45.641336374988896,y,1,0.3964666660031071,None,,,,,04,001,2025-11-14_10h36.46.396,The Self-Relevance Effect on Selective Attention task,,2025.1.1,None,2025-11-14 10h37.35.454583 +0530,
I,self ,blue,b,33,33,1,y,0,0.3783436240046285,None,1,33,33,8,45.65430316700076,,,,,,,,,,,,45.645207582987496,45.65430316700076,46.13947416699375,46.13947416699375,46.13947416699375,46.524810582996,y,0,0.3783436240046285,None,,,,,04,001,2025-11-14_10h36.46.396,The Self-Relevance Effect on Selective Attention task,,2025.1.1,None,2025-11-14 10h37.35.454583 +0530,
Them,other,blue,b,34,34,0,b,1,0.4747534159978386,None,0,34,34,20,46.53816874999029,,,,,,,,,,,,46.52909491698665,46.53816874999029,47.023014291989966,47.023014291989966,47.023014291989966,47.50826429198787,b,1,0.4747534159978386,None,,,,,04,001,2025-11-14_10h36.46.396,The Self-Relevance Effect on Selective Attention task,,2025.1.1,None,2025-11-14 10h37.35.454583 +0530,
Window,neutral,yellow,y,35,35,0,y,1,0.5867155410087435,None,0,35,35,41,47.52189108300081,,,,,,,,,,,,47.513035457988735,47.52189108300081,48.00610845799383,48.00610845799383,48.00610845799383,48.59733991698886,y,1,0.5867155410087435,None,,,,,04,001,2025-11-14_10h36.46.396,The Self-Relevance Effect on Selective Attention task,,2025.1.1,None,2025-11-14 10h37.35.454583 +0530,
Window,neutral,blue,b,36,36,1,b,1,0.9234490410017315,None,1,36,36,40,48.60905129199091,,,,,,,,,,,,48.59830924999551,48.60905129199091,49.098554541997146,49.098554541997146,49.098554541997146,50.02524320798693,b,1,0.9234490410017315,None,,,,,04,001,2025-11-14_10h36.46.396,The Self-Relevance Effect on Selective Attention task,,2025.1.1,None,2025-11-14 10h37.35.454583 +0530,
Door,neutral,blue,b,37,37,0,b,1,0.4520707079936983,None,0,37,37,46,50.038595249992795,,,,,,,,,,,,50.02968329199939,50.038595249992795,50.522890874999575,50.522890874999575,50.522890874999575,50.98126387500088,b,1,0.4520707079936983,None,,,,,04,001,2025-11-14_10h36.46.396,The Self-Relevance Effect on Selective Attention task,,2025.1.1,None,2025-11-14 10h37.35.454583 +0530,
Them,other,blue,b,38,38,1,b,1,0.3575017909897724,None,1,38,38,20,50.99481150000065,,,,,,,,,,,,50.98568274998979,50.99481150000065,51.48257016699063,51.48257016699063,51.48257016699063,51.84177366699441,b,1,0.3575017909897724,None,,,,,04,001,2025-11-14_10h36.46.396,The Self-Relevance Effect on Selective Attention task,,2025.1.1,None,2025-11-14 10h37.35.454583 +0530,
Chair,neutral,blue,b,39,39,1,b,1,0.33783783300896175,None,1,39,39,32,51.85575949998747,,,,,,,,,,,,51.84673458299949,51.85575949998747,52.34020924998913,52.34020924998913,52.34020924998913,52.681393791994196,b,1,0.33783783300896175,None,,,,,04,001,2025-11-14_10h36.46.396,The Self-Relevance Effect on Selective Attention task,,2025.1.1,None,2025-11-14 10h37.35.454583 +0530,
Stranger,other,yellow,y,40,40,0,y,1,0.5855712490010774,None,0,40,40,23,52.695445457997266,,,,,,,,,,,,52.68628212499607,52.695445457997266,53.18245529200067,53.18245529200067,53.18245529200067,53.77513895799348,y,1,0.5855712490010774,None,,,,,04,001,2025-11-14_10h36.46.396,The Self-Relevance Effect on Selective Attention task,,2025.1.1,None,2025-11-14 10h37.35.454583 +0530,
Me,self ,yellow,y,41,41,1,y,1,0.3057896659884136,None,1,41,41,3,53.788307625000016,,,,,,,,,,,,53.77923654198821,53.788307625000016,54.273290666998946,54.273290666998946,54.273290666998946,54.58108387498942,y,1,0.3057896659884136,None,,,,,04,001,2025-11-14_10h36.46.396,The Self-Relevance Effect on Selective Attention task,,2025.1.1,None,2025-11-14 10h37.35.454583 +0530,
Selfhood,self ,blue,b,42,42,0,b,1,0.47166320799442474,None,0,42,42,14,54.594811707996996,,,,,,,,,,,,54.585047000000486,54.594811707996996,55.0826744579972,55.0826744579972,55.0826744579972,55.55854324999382,b,1,0.47166320799442474,None,,,,,04,001,2025-11-14_10h36.46.396,The Self-Relevance Effect on Selective Attention task,,2025.1.1,None,2025-11-14 10h37.35.454583 +0530,
Chair,neutral,yellow,y,43,43,0,y,1,0.38133449900487904,None,0,43,43,33,55.5719692499988,,,,,,,,,,,,55.56300412499695,55.5719692499988,56.056985124989296,56.056985124989296,56.056985124989296,56.44177474999742,y,1,0.38133449900487904,None,,,,,04,001,2025-11-14_10h36.46.396,The Self-Relevance Effect on Selective Attention task,,2025.1.1,None,2025-11-14 10h37.35.454583 +0530,
Her,other,blue,b,44,44,0,b,1,0.3740705829986837,None,0,44,44,30,56.45511749999423,,,,,,,,,,,,56.44626045798941,56.45511749999423,56.9399557079887,56.9399557079887,56.9399557079887,57.32530758299981,b,1,0.3740705829986837,None,,,,,04,001,2025-11-14_10h36.46.396,The Self-Relevance Effect on Selective Attention task,,2025.1.1,None,2025-11-14 10h37.35.454583 +0530,
My,self ,yellow,y,45,45,2,y,1,0.3669673749973299,None,2,45,45,11,57.33945962500002,,,,,,,,,,,,57.33011779199296,57.33945962500002,57.823207541994634,57.823207541994634,57.823207541994634,58.19190199999139,y,1,0.3669673749973299,None,,,,,04,001,2025-11-14_10h36.46.396,The Self-Relevance Effect on Selective Attention task,,2025.1.1,None,2025-11-14 10h37.35.454583 +0530,
Name,self ,blue,b,46,46,2,b,1,0.3032060419936897,None,2,46,46,0,58.20549945799576,,,,,,,,,,,,58.19659199999296,58.20549945799576,58.689897791991825,58.689897791991825,58.689897791991825,58.9978082079906,b,1,0.3032060419936897,None,,,,,04,001,2025-11-14_10h36.46.396,The Self-Relevance Effect on Selective Attention task,,2025.1.1,None,2025-11-14 10h37.35.454583 +0530,
Book,neutral,blue,b,47,47,2,b,1,0.37625420800759457,None,2,47,47,42,59.01221641698794,,,,,,,,,,,,59.002935624987,59.01221641698794,59.498872832991765,59.498872832991765,59.498872832991765,59.88145316699229,b,1,0.37625420800759457,None,,,,,04,001,2025-11-14_10h36.46.396,The Self-Relevance Effect on Selective Attention task,,2025.1.1,None,2025-11-14 10h37.35.454583 +0530,
Window,neutral,blue,b,48,48,2,b,1,0.33466008299728855,None,2,48,48,40,59.89638374999049,,,,,,,,,,,,59.88638662498852,59.89638374999049,60.38259808300063,60.38259808300063,60.38259808300063,60.72543220799707,b,1,0.33466008299728855,None,,,,,04,001,2025-11-14_10h36.46.396,The Self-Relevance Effect on Selective Attention task,,2025.1.1,None,2025-11-14 10h37.35.454583 +0530,
Door,neutral,yellow,y,49,49,1,y,1,0.33186612399003934,None,1,49,49,47,60.73968554199382,,,,,,,,,,,,60.73088054198888,60.73968554199382,61.22353687499708,61.22353687499708,61.22353687499708,61.55886087499675,y,1,0.33186612399003934,None,,,,,04,001,2025-11-14_10h36.46.396,The Self-Relevance Effect on Selective Attention task,,2025.1.1,None,2025-11-14 10h37.35.454583 +0530,
Pencil,neutral,blue,b,50,50,0,b,1,0.4215435410005739,None,0,50,50,36,61.5730384169874,,,,,,,,,,,,61.564000582991866,61.5730384169874,62.05664904198784,62.05664904198784,62.05664904198784,62.48163266699703,b,1,0.4215435410005739,None,,,,,04,001,2025-11-14_10h36.46.396,The Self-Relevance Effect on Selective Attention task,,2025.1.1,None,2025-11-14 10h37.35.454583 +0530,
He,other,blue,b,51,51,1,b,1,0.3335337909957161,None,1,51,51,18,62.49514816699957,,,,,,,,,,,,62.48536429199157,62.49514816699957,62.98275991699484,62.98275991699484,62.98275991699484,63.32552083299379,b,1,0.3335337909957161,None,,,,,04,001,2025-11-14_10h36.46.396,The Self-Relevance Effect on Selective Attention task,,2025.1.1,None,2025-11-14 10h37.35.454583 +0530,
Wall,neutral,yellow,y,52,52,1,y,1,0.5436802490003174,None,1,52,52,45,63.339313499993295,,,,,,,,,,,,63.330092916992726,63.339313499993295,63.82360583299305,63.82360583299305,63.82360583299305,64.37579645799997,y,1,0.5436802490003174,None,,,,,04,001,2025-11-14_10h36.46.396,The Self-Relevance Effect on Selective Attention task,,2025.1.1,None,2025-11-14 10h37.35.454583 +0530,
Wall,neutral,yellow,y,53,53,2,y,1,0.30387199998949654,None,2,53,53,45,64.3858575829945,,,,,,,,,,,,64.37699258299835,64.3858575829945,64.87383824998687,64.87383824998687,64.87383824998687,65.18169195798691,y,1,0.30387199998949654,None,,,,,04,001,2025-11-14_10h36.46.396,The Self-Relevance Effect on Selective Attention task,,2025.1.1,None,2025-11-14 10h37.35.454583 +0530,
Her,other,yellow,y,54,54,0,y,1,0.4620666669943603,None,0,54,54,31,65.1961189579888,,,,,,,,,,,,65.1862543749885,65.1961189579888,65.6832884579926,65.6832884579926,65.6832884579926,66.14841004199116,y,1,0.4620666669943603,None,,,,,04,001,2025-11-14_10h36.46.396,The Self-Relevance Effect on Selective Attention task,,2025.1.1,None,2025-11-14 10h37.35.454583 +0530,
Personal,self ,yellow,y,55,55,0,y,1,0.438806123987888,None,0,55,55,13,66.16274408299068,,,,,,,,,,,,66.15354637498967,66.16274408299068,66.64839845799725,66.64839845799725,66.64839845799725,67.09251937500085,y,1,0.438806123987888,None,,,,,04,001,2025-11-14_10h36.46.396,The Self-Relevance Effect on Selective Attention task,,2025.1.1,None,2025-11-14 10h37.35.454583 +0530,
Book,neutral,yellow,y,56,56,0,y,1,0.31989816600980703,None,0,56,56,43,67.10684129199944,,,,,,,,,,,,67.09752995798772,67.10684129199944,67.59035454200057,67.59035454200057,67.59035454200057,67.91479737499321,y,1,0.31989816600980703,None,,,,,04,001,2025-11-14_10h36.46.396,The Self-Relevance Effect on Selective Attention task,,2025.1.1,None,2025-11-14 10h37.35.454583 +0530,
Name,self ,yellow,y,57,57,0,y,1,0.38688712399743963,None,0,57,57,1,67.92926929199893,,,,,,,,,,,,67.91956204199232,67.92926929199893,68.41662937498768,68.41662937498768,68.41662937498768,68.80891283298843,y,1,0.38688712399743963,None,,,,,04,001,2025-11-14_10h36.46.396,The Self-Relevance Effect on Selective Attention task,,2025.1.1,None,2025-11-14 10h37.35.454583 +0530,
Friend,other,blue,b,58,58,0,b,1,0.35136933300236706,None,0,58,58,28,68.8246990829939,,,,,,,,,,,,68.81578900000022,68.8246990829939,69.30695712499437,69.30695712499437,69.30695712499437,69.66525845800061,b,1,0.35136933300236706,None,,,,,04,001,2025-11-14_10h36.46.396,The Self-Relevance Effect on Selective Attention task,,2025.1.1,None,2025-11-14 10h37.35.454583 +0530,
Mine,self ,yellow,y,59,59,0,y,1,0.40960945800179616,None,0,59,59,7,69.67862349998904,,,,,,,,,,,,69.66944308299571,69.67862349998904,70.1663264999952,70.1663264999952,70.1663264999952,70.5819034169981,y,1,0.40960945800179616,None,,,,,04,001,2025-11-14_10h36.46.396,The Self-Relevance Effect on Selective Attention task,,2025.1.1,None,2025-11-14 10h37.35.454583 +0530,
Me,self ,blue,b,60,60,1,b,1,0.36217779100115877,None,1,60,60,2,70.5965353329957,,,,,,,,,,,,70.58714029198745,70.5965353329957,71.08321512499242,71.08321512499242,71.08321512499242,71.44877208299295,b,1,0.36217779100115877,None,,,,,04,001,2025-11-14_10h36.46.396,The Self-Relevance Effect on Selective Attention task,,2025.1.1,None,2025-11-14 10h37.35.454583 +0530,
Window,neutral,blue,b,61,61,3,y,0,0.29090962499321904,None,3,61,61,40,71.46331708299113,,,,,,,,,,,,71.4530305419903,71.46331708299113,71.94954316699295,71.94954316699295,71.94954316699295,72.24240241698863,y,0,0.29090962499321904,None,,,,,04,001,2025-11-14_10h36.46.396,The Self-Relevance Effect on Selective Attention task,,2025.1.1,None,2025-11-14 10h37.35.454583 +0530,
Mine,self ,yellow,y,62,62,1,y,1,0.92883812499349,None,1,62,62,7,72.25561412499519,,,,,,,,,,,,72.24677854198671,72.25561412499519,72.74065237499599,72.74065237499599,72.74065237499599,73.67592216699268,y,1,0.92883812499349,None,,,,,04,001,2025-11-14_10h36.46.396,The Self-Relevance Effect on Selective Attention task,,2025.1.1,None,2025-11-14 10h37.35.454583 +0530,
Personal,self ,yellow,y,63,63,1,y,1,0.3815440420003142,None,1,63,63,13,73.68934462498873,,,,,,,,,,,,73.68053958298697,73.68934462498873,74.17397620799602,74.17397620799602,74.17397620799602,74.55945020799118,y,1,0.3815440420003142,None,,,,,04,001,2025-11-14_10h36.46.396,The Self-Relevance Effect on Selective Attention task,,2025.1.1,None,2025-11-14 10h37.35.454583 +0530,
Name,self ,yellow,y,64,64,1,y,1,0.3412306240061298,None,1,64,64,1,74.57427745799941,,,,,,,,,,,,74.56520924999495,74.57427745799941,75.05716187499638,75.05716187499638,75.05716187499638,75.40913120799814,y,1,0.3412306240061298,None,,,,,04,001,2025-11-14_10h36.46.396,The Self-Relevance Effect on Selective Attention task,,2025.1.1,None,2025-11-14 10h37.35.454583 +0530,
He,other,blue,b,65,65,2,b,1,0.4870827080012532,None,2,65,65,18,75.42217612499371,,,,,,,,,,,,75.41334975000063,75.42217612499371,75.90734874999907,75.90734874999907,75.90734874999907,76.39854991699394,b,1,0.4870827080012532,None,,,,,04,001,2025-11-14_10h36.46.396,The Self-Relevance Effect on Selective Attention task,,2025.1.1,None,2025-11-14 10h37.35.454583 +0530,
Selfhood,self ,yellow,y,66,66,1,y,1,0.42977633299597073,None,1,66,66,15,76.41326208299142,,,,,,,,,,,,76.40424858299957,76.41326208299142,76.89979020800092,76.89979020800092,76.89979020800092,77.33176904199354,y,1,0.42977633299597073,None,,,,,04,001,2025-11-14_10h36.46.396,The Self-Relevance Effect on Selective Attention task,,2025.1.1,None,2025-11-14 10h37.35.454583 +0530,
I,self ,blue,b,67,67,2,b,1,0.41958920800243504,None,2,67,67,8,77.34571683299146,,,,,,,,,,,,77.33545170800062,77.34571683299146,77.82395795799675,77.82395795799675,77.82395795799675,78.24886854199576,b,1,0.41958920800243504,None,,,,,04,001,2025-11-14_10h36.46.396,The Self-Relevance Effect on Selective Attention task,,2025.1.1,None,2025-11-14 10h37.35.454583 +0530,
Book,neutral,blue,b,68,68,3,b,1,0.5813909170101397,None,3,68,68,42,78.26303216700035,,,,,,,,,,,,78.25314866699046,78.26303216700035,78.75007937499322,78.75007937499322,78.75007937499322,79.34265804199094,b,1,0.5813909170101397,None,,,,,04,001,2025-11-14_10h36.46.396,The Self-Relevance Effect on Selective Attention task,,2025.1.1,None,2025-11-14 10h37.35.454583 +0530,
He,other,blue,b,69,69,3,b,1,0.2861439170083031,None,3,69,69,18,79.35665195799083,,,,,,,,,,,,79.34730949999357,79.35665195799083,79.8413671249873,79.8413671249873,79.8413671249873,80.13234358299815,b,1,0.2861439170083031,None,,,,,04,001,2025-11-14_10h36.46.396,The Self-Relevance Effect on Selective Attention task,,2025.1.1,None,2025-11-14 10h37.35.454583 +0530,
Pencil,neutral,yellow,y,70,70,0,y,1,0.4019362909893971,None,0,70,70,37,80.14556658299989,,,,,,,,,,,,80.13690262498858,80.14556658299989,80.63366583299648,80.63366583299648,80.63366583299648,81.04287829199166,y,1,0.4019362909893971,None,,,,,04,001,2025-11-14_10h36.46.396,The Self-Relevance Effect on Selective Attention task,,2025.1.1,None,2025-11-14 10h37.35.454583 +0530,
Her,other,blue,b,71,71,1,b,1,0.3679686660034349,None,1,71,71,30,81.05725941699347,,,,,,,,,,,,81.04784824998933,81.05725941699347,81.5407001249987,81.5407001249987,81.5407001249987,81.91605387500022,b,1,0.3679686660034349,None,,,,,04,001,2025-11-14_10h36.46.396,The Self-Relevance Effect on Selective Attention task,,2025.1.1,None,2025-11-14 10h37.35.454583 +0530,
Them,other,yellow,y,72,72,0,y,1,0.32316775000072084,None,0,72,72,21,81.93005583299964,,,,,,,,,,,,81.92007758299587,81.93005583299964,82.41653508300078,82.41653508300078,82.41653508300078,82.74457891698694,y,1,0.32316775000072084,None,,,,,04,001,2025-11-14_10h36.46.396,The Self-Relevance Effect on Selective Attention task,,2025.1.1,None,2025-11-14 10h37.35.454583 +0530,
Their,other,blue,b,73,73,0,y,0,0.38735908300441224,None,0,73,73,24,82.75551774998894,,,,,,,,,,,,82.74728729198978,82.75551774998894,83.24124333298823,83.24124333298823,83.24124333298823,83.6350581250008,y,0,0.38735908300441224,None,,,,,04,001,2025-11-14_10h36.46.396,The Self-Relevance Effect on Selective Attention task,,2025.1.1,None,2025-11-14 10h37.35.454583 +0530,
Their,other,yellow,y,74,74,2,y,1,0.4752764580043731,None,2,74,74,25,83.64640541699191,,,,,,,,,,,,83.63600466698699,83.64640541699191,84.13333866698667,84.13333866698667,84.13333866698667,84.61614658299368,y,1,0.4752764580043731,None,,,,,04,001,2025-11-14_10h36.46.396,The Self-Relevance Effect on Selective Attention task,,2025.1.1,None,2025-11-14 10h37.35.454583 +0530,
Them,other,yellow,y,75,75,1,y,1,0.7892887920024805,None,1,75,75,21,84.63015862499014,,,,,,,,,,,,84.62056345799647,84.63015862499014,85.11636937499861,85.11636937499861,85.11636937499861,85.90971083298791,y,1,0.7892887920024805,None,,,,,04,001,2025-11-14_10h36.46.396,The Self-Relevance Effect on Selective Attention task,,2025.1.1,None,2025-11-14 10h37.35.454583 +0530,
Pencil,neutral,yellow,y,76,76,1,y,1,0.3768314159970032,None,1,76,76,37,85.92436633299803,,,,,,,,,,,,85.91523312499339,85.92436633299803,86.4077970419894,86.4077970419894,86.4077970419894,86.79311170800065,y,1,0.3768314159970032,None,,,,,04,001,2025-11-14_10h36.46.396,The Self-Relevance Effect on Selective Attention task,,2025.1.1,None,2025-11-14 10h37.35.454583 +0530,
Friend,other,blue,b,77,77,1,b,1,0.346699208006612,None,1,77,77,28,86.80759104200115,,,,,,,,,,,,86.79821158299455,86.80759104200115,87.29098491699551,87.29098491699551,87.29098491699551,87.64310470799683,b,1,0.346699208006612,None,,,,,04,001,2025-11-14_10h36.46.396,The Self-Relevance Effect on Selective Attention task,,2025.1.1,None,2025-11-14 10h37.35.454583 +0530,
He,other,blue,b,78,78,4,b,1,0.3757310420041904,None,4,78,78,18,87.65692162499181,,,,,,,,,,,,87.6478701249871,87.65692162499181,88.14099541699397,88.14099541699397,88.14099541699397,88.52647341699048,b,1,0.3757310420041904,None,,,,,04,001,2025-11-14_10h36.46.396,The Self-Relevance Effect on Selective Attention task,,2025.1.1,None,2025-11-14 10h37.35.454583 +0530,
Stranger,other,yellow,y,79,79,1,y,1,0.5274462499946821,None,1,79,79,23,88.54192845799844,,,,,,,,,,,,88.53280670799722,88.54192845799844,89.02432787499856,89.02432787499856,89.02432787499856,89.55998087499756,y,1,0.5274462499946821,None,,,,,04,001,2025-11-14_10h36.46.396,The Self-Relevance Effect on Selective Attention task,,2025.1.1,None,2025-11-14 10h37.35.454583 +0530,
Window,neutral,yellow,y,80,80,1,y,1,0.45468108300701715,None,1,80,80,41,89.57425479199446,,,,,,,,,,,,89.56485829199664,89.57425479199446,90.05805641699408,90.05805641699408,90.05805641699408,90.51579154199862,y,1,0.45468108300701715,None,,,,,04,001,2025-11-14_10h36.46.396,The Self-Relevance Effect on Selective Attention task,,2025.1.1,None,2025-11-14 10h37.35.454583 +0530,
Stranger,other,blue,b,81,81,2,b,1,0.36069841599965,None,2,81,81,22,90.53060920799908,,,,,,,,,,,,90.52031791699119,90.53060920799908,91.01705483299156,91.01705483299156,91.01705483299156,91.38246508299198,b,1,0.36069841599965,None,,,,,04,001,2025-11-14_10h36.46.396,The Self-Relevance Effect on Selective Attention task,,2025.1.1,None,2025-11-14 10h37.35.454583 +0530,
Pencil,neutral,blue,b,82,82,1,b,1,0.2898865419992944,None,1,82,82,36,91.3959600829985,,,,,,,,,,,,91.38750241699745,91.3959600829985,91.88394174999848,91.88394174999848,91.88394174999848,92.17661829199642,b,1,0.2898865419992944,None,,,,,04,001,2025-11-14_10h36.46.396,The Self-Relevance Effect on Selective Attention task,,2025.1.1,None,2025-11-14 10h37.35.454583 +0530,
Them,other,yellow,y,83,83,2,y,1,0.40329774998826906,None,2,83,83,21,92.19082083299872,,,,,,,,,,,,92.1819373749895,92.19082083299872,92.6744619999954,92.6744619999954,92.6744619999954,93.0825038329931,y,1,0.40329774998826906,None,,,,,04,001,2025-11-14_10h36.46.396,The Self-Relevance Effect on Selective Attention task,,2025.1.1,None,2025-11-14 10h37.35.454583 +0530,
Their,other,yellow,y,84,84,3,y,1,0.3051459990092553,None,3,84,84,25,93.09683054199559,,,,,,,,,,,,93.08755937499518,93.09683054199559,93.58368649998738,93.58368649998738,93.58368649998738,93.89331883299747,y,1,0.3051459990092553,None,,,,,04,001,2025-11-14_10h36.46.396,The Self-Relevance Effect on Selective Attention task,,2025.1.1,None,2025-11-14 10h37.35.454583 +0530,
He,other,yellow,y,85,85,0,y,1,0.31266866700025275,None,0,85,85,19,93.90682770799322,,,,,,,,,,,,93.89795199999935,93.90682770799322,94.39119337499142,94.39119337499142,94.39119337499142,94.70976229199732,y,1,0.31266866700025275,None,,,,,04,001,2025-11-14_10h36.46.396,The Self-Relevance Effect on Selective Attention task,,2025.1.1,None,2025-11-14 10h37.35.454583 +0530,
Me,self ,yellow,y,86,86,2,y,1,0.27182758299750276,None,2,86,86,3,94.72219770798984,,,,,,,,,,,,94.7134075829963,94.72219770798984,95.20802137498686,95.20802137498686,95.20802137498686,95.48337270799675,y,1,0.27182758299750276,None,,,,,04,001,2025-11-14_10h36.46.396,The Self-Relevance Effect on Selective Attention task,,2025.1.1,None,2025-11-14 10h37.35.454583 +0530,
Myself,self ,blue,b,87,87,0,b,1,0.5886418740119552,None,0,87,87,4,95.49752770799387,,,,,,,,,,,,95.48815645799914,95.49752770799387,95.984135916995,95.984135916995,95.984135916995,96.57673049998994,b,1,0.5886418740119552,None,,,,,04,001,2025-11-14_10h36.46.396,The Self-Relevance Effect on Selective Attention task,,2025.1.1,None,2025-11-14 10h37.35.454583 +0530,
Bottle,neutral,blue,b,88,88,2,b,1,0.29590737499529496,None,2,88,88,38,96.59090250000008,,,,,,,,,,,,96.58165962499334,96.59090250000008,97.07488362499862,97.07488362499862,97.07488362499862,97.37693841700093,b,1,0.29590737499529496,None,,,,,04,001,2025-11-14_10h36.46.396,The Self-Relevance Effect on Selective Attention task,,2025.1.1,None,2025-11-14 10h37.35.454583 +0530,
Their,other,blue,b,89,89,1,b,1,0.26117566699394956,None,1,89,89,24,97.39047958298761,,,,,,,,,,,,97.38114324999333,97.39047958298761,97.8747799579869,97.8747799579869,97.8747799579869,98.14344158300082,b,1,0.26117566699394956,None,,,,,04,001,2025-11-14_10h36.46.396,The Self-Relevance Effect on Selective Attention task,,2025.1.1,None,2025-11-14 10h37.35.454583 +0530,
Chair,neutral,yellow,y,90,90,1,y,1,0.39849441600381397,None,1,90,90,33,98.15803270800097,,,,,,,,,,,,98.14887987499242,98.15803270800097,98.6415624999936,98.6415624999936,98.6415624999936,99.04376883299847,y,1,0.39849441600381397,None,,,,,04,001,2025-11-14_10h36.46.396,The Self-Relevance Effect on Selective Attention task,,2025.1.1,None,2025-11-14 10h37.35.454583 +0530,
Name,self ,yellow,y,91,91,2,y,1,0.2592914999986533,None,2,91,91,1,99.05732620799972,,,,,,,,,,,,99.04853587500111,99.05732620799972,99.54158883298805,99.54158883298805,99.54158883298805,99.81047374999616,y,1,0.2592914999986533,None,,,,,04,001,2025-11-14_10h36.46.396,The Self-Relevance Effect on Selective Attention task,,2025.1.1,None,2025-11-14 10h37.35.454583 +0530,
Her,other,yellow,y,92,92,1,y,1,0.368692917007138,None,1,92,92,31,99.82323712499056,,,,,,,,,,,,99.81429279199801,99.82323712499056,100.30824829199992,100.30824829199992,100.30824829199992,100.68325658299727,y,1,0.368692917007138,None,,,,,04,001,2025-11-14_10h36.46.396,The Self-Relevance Effect on Selective Attention task,,2025.1.1,None,2025-11-14 10h37.35.454583 +0530,
Myself,self ,yellow,y,93,93,1,y,1,0.3775638329971116,None,1,93,93,5,100.69848970799649,,,,,,,,,,,,100.68811641698994,100.69848970799649,101.18427779199556,101.18427779199556,101.18427779199556,101.56820445798803,y,1,0.3775638329971116,None,,,,,04,001,2025-11-14_10h36.46.396,The Self-Relevance Effect on Selective Attention task,,2025.1.1,None,2025-11-14 10h37.35.454583 +0530,
Their,other,blue,b,94,94,2,b,1,0.44124370798817836,None,2,94,94,24,101.58112591700046,,,,,,,,,,,,101.57219945799443,101.58112591700046,102.06757033299073,102.06757033299073,102.06757033299073,102.51535599998897,b,1,0.44124370798817836,None,,,,,04,001,2025-11-14_10h36.46.396,The Self-Relevance Effect on Selective Attention task,,2025.1.1,None,2025-11-14 10h37.35.454583 +0530,
My,self ,blue,b,95,95,1,b,1,0.284804623996024,None,1,95,95,10,102.53002637499594,,,,,,,,,,,,102.51977654198708,102.53002637499594,103.00818629199057,103.00818629199057,103.00818629199057,103.30045208299998,b,1,0.284804623996024,None,,,,,04,001,2025-11-14_10h36.46.396,The Self-Relevance Effect on Selective Attention task,,2025.1.1,None,2025-11-14 10h37.35.454583 +0530,
Stranger,other,blue,b,96,96,3,b,1,0.28440404099819716,None,3,96,96,22,103.31475795799633,,,,,,,,,,,,103.30554816698714,103.31475795799633,103.79866079198837,103.79866079198837,103.79866079198837,104.09427954199782,b,1,0.28440404099819716,None,,,,,04,001,2025-11-14_10h36.46.396,The Self-Relevance Effect on Selective Attention task,,2025.1.1,None,2025-11-14 10h37.35.454583 +0530,
Mine,self ,yellow,y,97,97,2,y,1,0.7175043329916662,None,2,97,97,7,104.10775204199308,,,,,,,,,,,,104.09894983298727,104.10775204199308,104.59156999998959,104.59156999998959,104.59156999998959,105.31650899999659,y,1,0.7175043329916662,None,,,,,04,001,2025-11-14_10h36.46.396,The Self-Relevance Effect on Selective Attention task,,2025.1.1,None,2025-11-14 10h37.35.454583 +0530,
She,other,yellow,y,98,98,0,y,1,0.42812612499983516,None,0,98,98,27,105.33111591699708,,,,,,,,,,,,105.32143337499292,105.33111591699708,105.81790112498857,105.81790112498857,105.81790112498857,106.24949329199444,y,1,0.42812612499983516,None,,,,,04,001,2025-11-14_10h36.46.396,The Self-Relevance Effect on Selective Attention task,,2025.1.1,None,2025-11-14 10h37.35.454583 +0530,
Personal,self ,blue,b,99,99,0,b,1,0.3416856249968987,None,0,99,99,12,106.26487937499769,,,,,,,,,,,,106.25539037499402,106.26487937499769,106.75129783299053,106.75129783299053,106.75129783299053,107.09989845799282,b,1,0.3416856249968987,None,,,,,04,001,2025-11-14_10h36.46.396,The Self-Relevance Effect on Selective Attention task,,2025.1.1,None,2025-11-14 10h37.35.454583 +0530,
He,other,yellow,y,100,100,1,y,1,0.37017183301213663,None,1,100,100,19,107.11408291698899,,,,,,,,,,,,107.104635124997,107.11408291698899,107.60098920798919,107.60098920798919,107.60098920798919,107.97749991698947,y,1,0.37017183301213663,None,,,,,04,001,2025-11-14_10h36.46.396,The Self-Relevance Effect on Selective Attention task,,2025.1.1,None,2025-11-14 10h37.35.454583 +0530,
Me,self ,yellow,y,101,101,3,y,1,0.3287543329934124,None,3,101,101,3,107.99162099999376,,,,,,,,,,,,107.98259749999852,107.99162099999376,108.47546695799974,108.47546695799974,108.47546695799974,108.81062404198747,y,1,0.3287543329934124,None,,,,,04,001,2025-11-14_10h36.46.396,The Self-Relevance Effect on Selective Attention task,,2025.1.1,None,2025-11-14 10h37.35.454583 +0530,
They,other,yellow,y,102,102,1,y,1,0.292591875011567,None,1,102,102,17,108.82353020799928,,,,,,,,,,,,108.81439099999261,108.82353020799928,109.3085584579967,109.3085584579967,109.3085584579967,109.61064337499556,y,1,0.292591875011567,None,,,,,04,001,2025-11-14_10h36.46.396,The Self-Relevance Effect on Selective Attention task,,2025.1.1,None,2025-11-14 10h37.35.454583 +0530,
He,other,yellow,y,103,103,2,y,1,0.3186325830029091,None,2,103,103,19,109.62396533299761,,,,,,,,,,,,109.61490824999055,109.62396533299761,110.10845770798915,110.10845770798915,110.10845770798915,110.43340799999714,y,1,0.3186325830029091,None,,,,,04,001,2025-11-14_10h36.46.396,The Self-Relevance Effect on Selective Attention task,,2025.1.1,None,2025-11-14 10h37.35.454583 +0530,
Them,other,blue,b,104,104,2,b,1,0.47173595799540635,None,2,104,104,20,110.4475162079907,,,,,,,,,,,,110.43738958299218,110.4475162079907,110.93457045799005,110.93457045799005,110.93457045799005,111.41042174999893,b,1,0.47173595799540635,None,,,,,04,001,2025-11-14_10h36.46.396,The Self-Relevance Effect on Selective Attention task,,2025.1.1,None,2025-11-14 10h37.35.454583 +0530,
Pencil,neutral,blue,b,105,105,2,b,1,0.29055058299854863,None,2,105,105,36,111.42485337499238,,,,,,,,,,,,111.41587858299317,111.42485337499238,111.90849579199858,111.90849579199858,111.90849579199858,112.2106872919976,b,1,0.29055058299854863,None,,,,,04,001,2025-11-14_10h36.46.396,The Self-Relevance Effect on Selective Attention task,,2025.1.1,None,2025-11-14 10h37.35.454583 +0530,
Chair,neutral,blue,b,106,106,2,b,1,0.3015123329969356,None,2,106,106,32,112.2249668329896,,,,,,,,,,,,112.21594570799789,112.2249668329896,112.70855287498853,112.70855287498853,112.70855287498853,113.0168647919927,b,1,0.3015123329969356,None,,,,,04,001,2025-11-14_10h36.46.396,The Self-Relevance Effect on Selective Attention task,,2025.1.1,None,2025-11-14 10h37.35.454583 +0530,
My,self ,yellow,y,107,107,3,y,1,0.4460522909939755,None,3,107,107,11,113.0306294579932,,,,,,,,,,,,113.02083762499387,113.0306294579932,113.51821079199726,113.51821079199726,113.51821079199726,113.9665170419903,y,1,0.4460522909939755,None,,,,,04,001,2025-11-14_10h36.46.396,The Self-Relevance Effect on Selective Attention task,,2025.1.1,None,2025-11-14 10h37.35.454583 +0530,
Selfhood,self ,blue,b,108,108,1,y,0,0.3207422499981476,None,1,108,108,14,113.98160587500024,,,,,,,,,,,,113.97164412499114,113.98160587500024,114.46764087499469,114.46764087499469,114.46764087499469,114.79404374999285,y,0,0.3207422499981476,None,,,,,04,001,2025-11-14_10h36.46.396,The Self-Relevance Effect on Selective Attention task,,2025.1.1,None,2025-11-14 10h37.35.454583 +0530,
Them,other,blue,b,109,109,3,b,1,0.40941274899523705,None,3,109,109,20,114.8077398329915,,,,,,,,,,,,114.79856845799077,114.8077398329915,115.29191941699537,115.29191941699537,115.29191941699537,115.71083133299544,b,1,0.40941274899523705,None,,,,,04,001,2025-11-14_10h36.46.396,The Self-Relevance Effect on Selective Attention task,,2025.1.1,None,2025-11-14 10h37.35.454583 +0530,
I,self ,yellow,y,110,110,1,y,1,0.5477906249871012,None,1,110,110,9,115.72442058299202,,,,,,,,,,,,115.7153425419965,115.72442058299202,116.20868916698964,116.20868916698964,116.20868916698964,116.76074358299957,y,1,0.5477906249871012,None,,,,,04,001,2025-11-14_10h36.46.396,The Self-Relevance Effect on Selective Attention task,,2025.1.1,None,2025-11-14 10h37.35.454583 +0530,
Door,neutral,blue,b,111,111,1,b,1,0.49258933299279306,None,1,111,111,46,116.7745027919882,,,,,,,,,,,,116.7656181249913,116.7745027919882,117.25875837499916,117.25875837499916,117.25875837499916,117.76077654199617,b,1,0.49258933299279306,None,,,,,04,001,2025-11-14_10h36.46.396,The Self-Relevance Effect on Selective Attention task,,2025.1.1,None,2025-11-14 10h37.35.454583 +0530,
Friend,other,yellow,y,112,112,0,y,1,0.45635979100188706,None,0,112,112,29,117.77462070799083,,,,,,,,,,,,117.76559891698707,117.77462070799083,118.25896191698848,118.25896191698848,118.25896191698848,118.72678312499193,y,1,0.45635979100188706,None,,,,,04,001,2025-11-14_10h36.46.396,The Self-Relevance Effect on Selective Attention task,,2025.1.1,None,2025-11-14 10h37.35.454583 +0530,
Personal,self ,blue,b,113,113,1,b,1,0.49816362500132527,None,1,113,113,12,118.73700987499615,,,,,,,,,,,,118.73078154199175,118.73700987499615,119.2254361249943,119.2254361249943,119.2254361249943,119.7276137079898,b,1,0.49816362500132527,None,,,,,04,001,2025-11-14_10h36.46.396,The Self-Relevance Effect on Selective Attention task,,2025.1.1,None,2025-11-14 10h37.35.454583 +0530,
Friend,other,yellow,y,114,114,1,y,1,0.37840845799655654,None,1,114,114,29,119.74083545799658,,,,,,,,,,,,119.73186145799991,119.74083545799658,120.22600924999279,120.22600924999279,120.22600924999279,120.61101641699497,y,1,0.37840845799655654,None,,,,,04,001,2025-11-14_10h36.46.396,The Self-Relevance Effect on Selective Attention task,,2025.1.1,None,2025-11-14 10h37.35.454583 +0530,
I,self ,blue,b,115,115,3,b,1,0.41648804100987036,None,3,115,115,8,120.62434549999307,,,,,,,,,,,,120.61513458300033,120.62434549999307,121.10887770800036,121.10887770800036,121.10887770800036,121.52735429198947,b,1,0.41648804100987036,None,,,,,04,001,2025-11-14_10h36.46.396,The Self-Relevance Effect on Selective Attention task,,2025.1.1,None,2025-11-14 10h37.35.454583 +0530,
Door,neutral,blue,b,116,116,2,b,1,0.3317228329979116,None,2,116,116,46,121.5409084999992,,,,,,,,,,,,121.53185433299222,121.5409084999992,122.02574533299776,122.02574533299776,122.02574533299776,122.36105433299963,b,1,0.3317228329979116,None,,,,,04,001,2025-11-14_10h36.46.396,The Self-Relevance Effect on Selective Attention task,,2025.1.1,None,2025-11-14 10h37.35.454583 +0530,
Bottle,neutral,blue,b,117,117,3,b,1,0.3955660829960834,None,3,117,117,38,122.37504487499245,,,,,,,,,,,,122.36635924999428,122.37504487499245,122.8589169170009,122.8589169170009,122.8589169170009,123.26107249999768,b,1,0.3955660829960834,None,,,,,04,001,2025-11-14_10h36.46.396,The Self-Relevance Effect on Selective Attention task,,2025.1.1,None,2025-11-14 10h37.35.454583 +0530,
Personal,self ,yellow,y,118,118,2,y,1,0.4897827079985291,None,2,118,118,13,123.27515479199064,,,,,,,,,,,,123.26628745799826,123.27515479199064,123.75907474999258,123.75907474999258,123.75907474999258,124.25032504199771,y,1,0.4897827079985291,None,,,,,04,001,2025-11-14_10h36.46.396,The Self-Relevance Effect on Selective Attention task,,2025.1.1,None,2025-11-14 10h37.35.454583 +0530,
Chair,neutral,blue,b,119,119,3,b,1,0.4721893740061205,None,3,119,119,32,124.265210499987,,,,,,,,,,,,124.25561149998975,124.265210499987,124.75236799998675,124.75236799998675,124.75236799998675,125.22781749999558,b,1,0.4721893740061205,None,,,,,04,001,2025-11-14_10h36.46.396,The Self-Relevance Effect on Selective Attention task,,2025.1.1,None,2025-11-14 10h37.35.454583 +0530,
Table,neutral,blue,b,120,120,0,b,1,0.38654954099911265,None,0,120,120,34,125.24191649998829,,,,,,,,,,,,125.23298758298915,125.24191649998829,125.72586320799019,125.72586320799019,125.72586320799019,126.11696287499217,b,1,0.38654954099911265,None,,,,,04,001,2025-11-14_10h36.46.396,The Self-Relevance Effect on Selective Attention task,,2025.1.1,None,2025-11-14 10h37.35.454583 +0530,
She,other,yellow,y,121,121,1,y,1,0.38852070800203364,None,1,121,121,27,126.1306107499986,,,,,,,,,,,,126.12129941699095,126.1306107499986,126.61913641699357,126.61913641699357,126.61913641699357,127.01103762499406,y,1,0.38852070800203364,None,,,,,04,001,2025-11-14_10h36.46.396,The Self-Relevance Effect on Selective Attention task,,2025.1.1,None,2025-11-14 10h37.35.454583 +0530,
My,self ,blue,b,122,122,2,b,1,0.4240795829973649,None,2,122,122,10,127.02346191699326,,,,,,,,,,,,127.01465133299644,127.02346191699326,127.50929579199874,127.50929579199874,127.50929579199874,127.94457812499604,b,1,0.4240795829973649,None,,,,,04,001,2025-11-14_10h36.46.396,The Self-Relevance Effect on Selective Attention task,,2025.1.1,None,2025-11-14 10h37.35.454583 +0530,
Pencil,neutral,yellow,y,123,123,2,y,1,0.5652451249916339,None,2,123,123,37,127.95858674999909,,,,,,,,,,,,127.94952087498677,127.95858674999909,128.4424555000005,128.4424555000005,128.4424555000005,129.01116408300004,y,1,0.5652451249916339,None,,,,,04,001,2025-11-14_10h36.46.396,The Self-Relevance Effect on Selective Attention task,,2025.1.1,None,2025-11-14 10h37.35.454583 +0530,
Personal,self ,blue,b,124,124,2,b,1,0.35781287400459405,None,2,124,124,12,129.02550937498745,,,,,,,,,,,,129.01638887499576,129.02550937498745,129.50969466699462,129.50969466699462,129.50969466699462,129.878017791998,b,1,0.35781287400459405,None,,,,,04,001,2025-11-14_10h36.46.396,The Self-Relevance Effect on Selective Attention task,,2025.1.1,None,2025-11-14 10h37.35.454583 +0530,
Friend,other,yellow,y,125,125,2,y,1,0.44269016600446776,None,2,125,125,29,129.89218324999092,,,,,,,,,,,,129.8831681249867,129.89218324999092,130.37588887498714,130.37588887498714,130.37588887498714,130.8284208749974,y,1,0.44269016600446776,None,,,,,04,001,2025-11-14_10h36.46.396,The Self-Relevance Effect on Selective Attention task,,2025.1.1,None,2025-11-14 10h37.35.454583 +0530,
Door,neutral,blue,b,126,126,3,b,1,0.33172600000398234,None,3,126,126,46,130.8426899999904,,,,,,,,,,,,130.8332810419961,130.8426899999904,131.32603062498674,131.32603062498674,131.32603062498674,131.66110774999834,b,1,0.33172600000398234,None,,,,,04,001,2025-11-14_10h36.46.396,The Self-Relevance Effect on Selective Attention task,,2025.1.1,None,2025-11-14 10h37.35.454583 +0530,
Wall,neutral,blue,b,127,127,0,y,0,0.32320445800723974,None,0,127,127,44,131.67484587499348,,,,,,,,,,,,131.66573316699942,131.67484587499348,132.15941320799175,132.15941320799175,132.15941320799175,132.4841147499974,y,0,0.32320445800723974,None,,,,,04,001,2025-11-14_10h36.46.396,The Self-Relevance Effect on Selective Attention task,,2025.1.1,None,2025-11-14 10h37.35.454583 +0530,
Friend,other,blue,b,128,128,2,b,1,0.4384604579972802,None,2,128,128,28,132.49935862499115,,,,,,,,,,,,132.48999679199187,132.49935862499115,132.98413495799468,132.98413495799468,132.98413495799468,133.42826345798676,b,1,0.4384604579972802,None,,,,,04,001,2025-11-14_10h36.46.396,The Self-Relevance Effect on Selective Attention task,,2025.1.1,None,2025-11-14 10h37.35.454583 +0530,
I,self ,yellow,y,129,129,2,y,1,0.5215065410011448,None,2,129,129,9,133.44140583300032,,,,,,,,,,,,133.43250354198972,133.44140583300032,133.92610124999192,133.92610124999192,133.92610124999192,134.45143641698814,y,1,0.5215065410011448,None,,,,,04,001,2025-11-14_10h36.46.396,The Self-Relevance Effect on Selective Attention task,,2025.1.1,None,2025-11-14 10h37.35.454583 +0530,
Myself,self ,blue,b,130,130,1,b,1,0.5432013749959879,None,1,130,130,4,134.46574212498672,,,,,,,,,,,,134.45626095798798,134.46574212498672,134.95139304199256,134.95139304199256,134.95139304199256,135.5006347919989,b,1,0.5432013749959879,None,,,,,04,001,2025-11-14_10h36.46.396,The Self-Relevance Effect on Selective Attention task,,2025.1.1,None,2025-11-14 10h37.35.454583 +0530,
Her,other,blue,b,131,131,2,b,1,0.3163992909976514,None,2,131,131,30,135.51447399999597,,,,,,,,,,,,135.5047432079882,135.51447399999597,136.0023006249976,136.0023006249976,136.0023006249976,136.3281708329887,b,1,0.3163992909976514,None,,,,,04,001,2025-11-14_10h36.46.396,The Self-Relevance Effect on Selective Attention task,,2025.1.1,None,2025-11-14 10h37.35.454583 +0530,
She,other,yellow,y,132,132,2,b,0,0.316679916009889,None,2,132,132,27,136.34223020799982,,,,,,,,,,,,136.3333887919871,136.34223020799982,136.8260667919967,136.8260667919967,136.8260667919967,137.14491504199395,b,0,0.316679916009889,None,,,,,04,001,2025-11-14_10h36.46.396,The Self-Relevance Effect on Selective Attention task,,2025.1.1,None,2025-11-14 10h37.35.454583 +0530,
Table,neutral,yellow,y,133,133,1,y,1,0.6660300830117194,None,1,133,133,35,137.15950524999062,,,,,,,,,,,,137.14991054199345,137.15950524999062,137.64274416699482,137.64274416699482,137.64274416699482,138.31176429199695,y,1,0.6660300830117194,None,,,,,04,001,2025-11-14_10h36.46.396,The Self-Relevance Effect on Selective Attention task,,2025.1.1,None,2025-11-14 10h37.35.454583 +0530,
I,self ,blue,b,134,134,4,b,1,0.4841540420020465,None,4,134,134,8,138.32589408299827,,,,,,,,,,,,138.31691070798843,138.32589408299827,138.8094973749976,138.8094973749976,138.8094973749976,139.30080395798723,b,1,0.4841540420020465,None,,,,,04,001,2025-11-14_10h36.46.396,The Self-Relevance Effect on Selective Attention task,,2025.1.1,None,2025-11-14 10h37.35.454583 +0530,
Door,neutral,yellow,y,135,135,2,y,1,0.4827446239942219,None,2,135,135,47,139.31444491699222,,,,,,,,,,,,139.30461320799077,139.31444491699222,139.8019207079924,139.8019207079924,139.8019207079924,140.2949904579873,y,1,0.4827446239942219,None,,,,,04,001,2025-11-14_10h36.46.396,The Self-Relevance Effect on Selective Attention task,,2025.1.1,None,2025-11-14 10h37.35.454583 +0530,
Their,other,blue,b,136,136,3,b,1,0.6636732909973944,None,3,136,136,24,140.30947558299522,,,,,,,,,,,,140.30064175000007,140.30947558299522,140.79318304199842,140.79318304199842,140.79318304199842,141.46179691699217,b,1,0.6636732909973944,None,,,,,04,001,2025-11-14_10h36.46.396,The Self-Relevance Effect on Selective Attention task,,2025.1.1,None,2025-11-14 10h37.35.454583 +0530,
Window,neutral,yellow,y,137,137,2,y,1,0.3848857489938382,None,2,137,137,41,141.47625545799383,,,,,,,,,,,,141.46686729199428,141.47625545799383,141.95978649999597,141.95978649999597,141.95978649999597,142.35134491699864,y,1,0.3848857489938382,None,,,,,04,001,2025-11-14_10h36.46.396,The Self-Relevance Effect on Selective Attention task,,2025.1.1,None,2025-11-14 10h37.35.454583 +0530,
Selfhood,self ,yellow,y,138,138,2,y,1,0.3244092079985421,None,2,138,138,15,142.36637649999466,,,,,,,,,,,,142.35694512499322,142.36637649999466,142.8523052919918,142.8523052919918,142.8523052919918,143.1784534999897,y,1,0.3244092079985421,None,,,,,04,001,2025-11-14_10h36.46.396,The Self-Relevance Effect on Selective Attention task,,2025.1.1,None,2025-11-14 10h37.35.454583 +0530,
Chair,neutral,blue,b,139,139,4,b,1,0.5955027079908177,None,4,139,139,32,143.19207137500052,,,,,,,,,,,,143.18336566699145,143.19207137500052,143.67634999999427,143.67634999999427,143.67634999999427,144.27865229199233,b,1,0.5955027079908177,None,,,,,04,001,2025-11-14_10h36.46.396,The Self-Relevance Effect on Selective Attention task,,2025.1.1,None,2025-11-14 10h37.35.454583 +0530,
He,other,yellow,y,140,140,3,y,1,0.32824016599624883,None,3,140,140,19,144.29253716699895,,,,,,,,,,,,144.28379387498717,144.29253716699895,144.77643891698972,144.77643891698972,144.77643891698972,145.1118792079942,y,1,0.32824016599624883,None,,,,,04,001,2025-11-14_10h36.46.396,The Self-Relevance Effect on Selective Attention task,,2025.1.1,None,2025-11-14 10h37.35.454583 +0530,
Mine,self ,yellow,y,141,141,3,y,1,0.34598883299622685,None,3,141,141,7,145.12576958299906,,,,,,,,,,,,145.11677583299752,145.12576958299906,145.60983520800073,145.60983520800073,145.60983520800073,145.96140466698853,y,1,0.34598883299622685,None,,,,,04,001,2025-11-14_10h36.46.396,The Self-Relevance Effect on Selective Attention task,,2025.1.1,None,2025-11-14 10h37.35.454583 +0530,
They,other,blue,b,142,142,2,b,1,0.3390402910008561,None,2,142,142,16,145.97083874999953,,,,,,,,,,,,145.96329579199664,145.97083874999953,146.45984716698877,146.45984716698877,146.45984716698877,146.80120058299508,b,1,0.3390402910008561,None,,,,,04,001,2025-11-14_10h36.46.396,The Self-Relevance Effect on Selective Attention task,,2025.1.1,None,2025-11-14 10h37.35.454583 +0530,
Pencil,neutral,yellow,y,143,143,3,y,1,0.4509037910029292,None,3,143,143,37,146.8154604579904,,,,,,,,,,,,146.80572504199517,146.8154604579904,147.3029542079894,147.3029542079894,147.3029542079894,147.761945249993,y,1,0.4509037910029292,None,,,,,04,001,2025-11-14_10h36.46.396,The Self-Relevance Effect on Selective Attention task,,2025.1.1,None,2025-11-14 10h37.35.454583 +0530,
She,other,blue,b,144,144,1,b,1,0.3388651659915922,None,1,144,144,26,147.77542429199093,,,,,,,,,,,,147.76662041699456,147.77542429199093,148.26002162499935,148.26002162499935,148.26002162499935,148.60064766700089,b,1,0.3388651659915922,None,,,,,04,001,2025-11-14_10h36.46.396,The Self-Relevance Effect on Selective Attention task,,2025.1.1,None,2025-11-14 10h37.35.454583 +0530,
Table,neutral,blue,b,145,145,1,b,1,0.35282245799317025,None,1,145,145,34,148.6102960829885,,,,,,,,,,,,148.60330858299858,148.6102960829885,149.0931004169979,149.0931004169979,149.0931004169979,149.4520260829886,b,1,0.35282245799317025,None,,,,,04,001,2025-11-14_10h36.46.396,The Self-Relevance Effect on Selective Attention task,,2025.1.1,None,2025-11-14 10h37.35.454583 +0530,
Bottle,neutral,blue,b,146,146,4,b,1,0.31904187399777584,None,4,146,146,38,149.46688087499933,,,,,,,,,,,,149.45722829199804,149.46688087499933,149.95282470798702,149.95282470798702,149.95282470798702,150.27860070799943,b,1,0.31904187399777584,None,,,,,04,001,2025-11-14_10h36.46.396,The Self-Relevance Effect on Selective Attention task,,2025.1.1,None,2025-11-14 10h37.35.454583 +0530,
Book,neutral,yellow,y,147,147,1,y,1,0.4620776239898987,None,1,147,147,43,150.2911381249869,,,,,,,,,,,,150.28233141699457,150.2911381249869,150.77678816700063,150.77678816700063,150.77678816700063,151.24542812499567,y,1,0.4620776239898987,None,,,,,04,001,2025-11-14_10h36.46.396,The Self-Relevance Effect on Selective Attention task,,2025.1.1,None,2025-11-14 10h37.35.454583 +0530,
They,other,yellow,y,148,148,2,y,1,0.31463108300522435,None,2,148,148,17,151.25877904199297,,,,,,,,,,,,151.24959974999365,151.25877904199297,151.74350758299988,151.74350758299988,151.74350758299988,152.0621271669952,y,1,0.31463108300522435,None,,,,,04,001,2025-11-14_10h36.46.396,The Self-Relevance Effect on Selective Attention task,,2025.1.1,None,2025-11-14 10h37.35.454583 +0530,
Stranger,other,yellow,y,149,149,2,y,1,0.2847795830020914,None,2,149,149,23,152.07665174998692,,,,,,,,,,,,152.06745220799348,152.07665174998692,152.5601034579886,152.5601034579886,152.5601034579886,152.8512674169906,y,1,0.2847795830020914,None,,,,,04,001,2025-11-14_10h36.46.396,The Self-Relevance Effect on Selective Attention task,,2025.1.1,None,2025-11-14 10h37.35.454583 +0530,
Stranger,other,blue,b,150,150,4,b,1,0.5556373330036877,None,4,150,150,22,152.86226362499292,,,,,,,,,,,,152.85223137499997,152.86226362499292,153.35145629198814,153.35145629198814,153.35145629198814,153.91198395799438,b,1,0.5556373330036877,None,,,,,04,001,2025-11-14_10h36.46.396,The Self-Relevance Effect on Selective Attention task,,2025.1.1,None,2025-11-14 10h37.35.454583 +0530,
Mine,self ,yellow,y,151,151,4,y,1,0.4116535000066506,None,4,151,151,7,153.926206499993,,,,,,,,,,,,153.91720908299612,153.926206499993,154.4104295829893,154.4104295829893,154.4104295829893,154.8292674999975,y,1,0.4116535000066506,None,,,,,04,001,2025-11-14_10h36.46.396,The Self-Relevance Effect on Selective Attention task,,2025.1.1,None,2025-11-14 10h37.35.454583 +0530,
Me,self ,blue,b,152,152,2,b,1,0.46976420799910557,None,2,152,152,2,154.84387737499492,,,,,,,,,,,,154.83440083298774,154.84387737499492,155.3271621249878,155.3271621249878,155.3271621249878,155.80146049999166,b,1,0.46976420799910557,None,,,,,04,001,2025-11-14_10h36.46.396,The Self-Relevance Effect on Selective Attention task,,2025.1.1,None,2025-11-14 10h37.35.454583 +0530,
Me,self ,blue,b,153,153,3,b,1,0.3774753750039963,None,3,153,153,2,155.81231629199465,,,,,,,,,,,,155.80238245798682,155.81231629199465,156.30152291699778,156.30152291699778,156.30152291699778,156.68484591699962,b,1,0.3774753750039963,None,,,,,04,001,2025-11-14_10h36.46.396,The Self-Relevance Effect on Selective Attention task,,2025.1.1,None,2025-11-14 10h37.35.454583 +0530,
They,other,yellow,y,154,154,3,y,1,0.4211699159932323,None,3,154,154,17,156.69867054199858,,,,,,,,,,,,156.68912087498757,156.69867054199858,157.18601908299024,157.18601908299024,157.18601908299024,157.61254299999564,y,1,0.4211699159932323,None,,,,,04,001,2025-11-14_10h36.46.396,The Self-Relevance Effect on Selective Attention task,,2025.1.1,None,2025-11-14 10h37.35.454583 +0530,
Selfhood,self ,yellow,y,155,155,3,y,1,0.6365741670015268,None,3,155,155,15,157.62760091699602,,,,,,,,,,,,157.6183556249889,157.62760091699602,158.11037858299096,158.11037858299096,158.11037858299096,158.75129433299298,y,1,0.6365741670015268,None,,,,,04,001,2025-11-14_10h36.46.396,The Self-Relevance Effect on Selective Attention task,,2025.1.1,None,2025-11-14 10h37.35.454583 +0530,
Chair,neutral,yellow,y,156,156,2,y,1,0.28942504100268707,None,2,156,156,33,158.7658017079957,,,,,,,,,,,,158.75631233298918,158.7658017079957,159.25276583299274,159.25276583299274,159.25276583299274,159.54553608299466,y,1,0.28942504100268707,None,,,,,04,001,2025-11-14_10h36.46.396,The Self-Relevance Effect on Selective Attention task,,2025.1.1,None,2025-11-14 10h37.35.454583 +0530,
Chair,neutral,yellow,y,157,157,3,y,1,0.2962057080003433,None,3,157,157,33,159.55589529199642,,,,,,,,,,,,159.54678712500026,159.55589529199642,160.04396474998794,160.04396474998794,160.04396474998794,160.34577629200066,y,1,0.2962057080003433,None,,,,,04,001,2025-11-14_10h36.46.396,The Self-Relevance Effect on Selective Attention task,,2025.1.1,None,2025-11-14 10h37.35.454583 +0530,
Wall,neutral,blue,b,158,158,1,y,0,0.27151249899179675,None,1,158,158,44,160.36032599999453,,,,,,,,,,,,160.35146091699426,160.36032599999453,160.84355224999308,160.84355224999308,160.84355224999308,161.11822495798697,y,0,0.27151249899179675,None,,,,,04,001,2025-11-14_10h36.46.396,The Self-Relevance Effect on Selective Attention task,,2025.1.1,None,2025-11-14 10h37.35.454583 +0530,
Name,self ,yellow,y,159,159,3,y,1,0.605609332997119,None,3,159,159,1,161.1321609999868,,,,,,,,,,,,161.12235691699607,161.1321609999868,161.6196224999876,161.6196224999876,161.6196224999876,162.2285606249934,y,1,0.605609332997119,None,,,,,04,001,2025-11-14_10h36.46.396,The Self-Relevance Effect on Selective Attention task,,2025.1.1,None,2025-11-14 10h37.35.454583 +0530,
Her,other,blue,b,160,160,3,b,1,0.4811906670074677,None,3,160,160,30,162.24191804199654,,,,,,,,,,,,162.2328881249996,162.24191804199654,162.7269854999904,162.7269854999904,162.7269854999904,163.2128819579957,b,1,0.4811906670074677,None,,,,,04,001,2025-11-14_10h36.46.396,The Self-Relevance Effect on Selective Attention task,,2025.1.1,None,2025-11-14 10h37.35.454583 +0530,
Book,neutral,blue,b,161,161,4,b,1,0.2935859999997774,None,4,161,161,42,163.22709145800036,,,,,,,,,,,,163.21806199999992,163.22709145800036,163.71061179199023,163.71061179199023,163.71061179199023,164.012686749993,b,1,0.2935859999997774,None,,,,,04,001,2025-11-14_10h36.46.396,The Self-Relevance Effect on Selective Attention task,,2025.1.1,None,2025-11-14 10h37.35.454583 +0530,
Window,neutral,blue,b,162,162,4,b,1,0.2757197909959359,None,4,162,162,40,164.0260114579869,,,,,,,,,,,,164.01750204199925,164.0260114579869,164.51044920799905,164.51044920799905,164.51044920799905,164.79594295799325,b,1,0.2757197909959359,None,,,,,04,001,2025-11-14_10h36.46.396,The Self-Relevance Effect on Selective Attention task,,2025.1.1,None,2025-11-14 10h37.35.454583 +0530,
Personal,self ,blue,b,163,163,3,b,1,0.3199059159960598,None,3,163,163,12,164.80965720799577,,,,,,,,,,,,164.80061445799947,164.80965720799577,165.29423454198695,165.29423454198695,165.29423454198695,165.6184407499968,b,1,0.3199059159960598,None,,,,,04,001,2025-11-14_10h36.46.396,The Self-Relevance Effect on Selective Attention task,,2025.1.1,None,2025-11-14 10h37.35.454583 +0530,
Them,other,yellow,y,164,164,3,y,1,0.39465941600792576,None,3,164,164,21,165.63254687500012,,,,,,,,,,,,165.6229122079967,165.63254687500012,166.11947912498727,166.11947912498727,166.11947912498727,166.51817320799455,y,1,0.39465941600792576,None,,,,,04,001,2025-11-14_10h36.46.396,The Self-Relevance Effect on Selective Attention task,,2025.1.1,None,2025-11-14 10h37.35.454583 +0530,
Wall,neutral,blue,b,165,165,2,b,1,0.49441808300616685,None,2,165,165,44,166.53247399999236,,,,,,,,,,,,166.5228274580004,166.53247399999236,167.01975795799808,167.01975795799808,167.01975795799808,167.51882274998934,b,1,0.49441808300616685,None,,,,,04,001,2025-11-14_10h36.46.396,The Self-Relevance Effect on Selective Attention task,,2025.1.1,None,2025-11-14 10h37.35.454583 +0530,
Pencil,neutral,yellow,y,166,166,4,y,1,0.71188891599013,None,4,166,166,37,167.53347320799367,,,,,,,,,,,,167.52391224999155,167.53347320799367,168.01974241698917,168.01974241698917,168.01974241698917,168.7354797500011,y,1,0.71188891599013,None,,,,,04,001,2025-11-14_10h36.46.396,The Self-Relevance Effect on Selective Attention task,,2025.1.1,None,2025-11-14 10h37.35.454583 +0530,
Wall,neutral,blue,b,167,167,3,b,1,0.3971092080028029,None,3,167,167,44,168.7489427919936,,,,,,,,,,,,168.73976758299978,168.7489427919936,169.23662004199286,169.23662004199286,169.23662004199286,169.63517524999043,b,1,0.3971092080028029,None,,,,,04,001,2025-11-14_10h36.46.396,The Self-Relevance Effect on Selective Attention task,,2025.1.1,None,2025-11-14 10h37.35.454583 +0530,
Door,neutral,yellow,y,168,168,3,y,1,0.45454341599543113,None,3,168,168,47,169.6494952919893,,,,,,,,,,,,169.63994812499732,169.6494952919893,170.13721995799278,170.13721995799278,170.13721995799278,170.59588783299841,y,1,0.45454341599543113,None,,,,,04,001,2025-11-14_10h36.46.396,The Self-Relevance Effect on Selective Attention task,,2025.1.1,None,2025-11-14 10h37.35.454583 +0530,
Myself,self ,yellow,y,169,169,2,y,1,0.3342877910035895,None,2,169,169,5,170.61043449999124,,,,,,,,,,,,170.6015173749911,170.61043449999124,171.09398387499095,171.09398387499095,171.09398387499095,171.43548124999506,y,1,0.3342877910035895,None,,,,,04,001,2025-11-14_10h36.46.396,The Self-Relevance Effect on Selective Attention task,,2025.1.1,None,2025-11-14 10h37.35.454583 +0530,
She,other,blue,b,170,170,2,b,1,0.4141827500134241,None,2,170,170,26,171.45013474998996,,,,,,,,,,,,171.44056445799652,171.45013474998996,171.9370270419895,171.9370270419895,171.9370270419895,172.362746874991,b,1,0.4141827500134241,None,,,,,04,001,2025-11-14_10h36.46.396,The Self-Relevance Effect on Selective Attention task,,2025.1.1,None,2025-11-14 10h37.35.454583 +0530,
They,other,yellow,y,171,171,4,y,1,0.40746274999401066,None,4,171,171,17,172.37626845799969,,,,,,,,,,,,172.36733641699539,172.37626845799969,172.8607112919999,172.8607112919999,172.8607112919999,173.2798743329913,y,1,0.40746274999401066,None,,,,,04,001,2025-11-14_10h36.46.396,The Self-Relevance Effect on Selective Attention task,,2025.1.1,None,2025-11-14 10h37.35.454583 +0530,
Stranger,other,yellow,y,172,172,3,y,1,0.456341123994207,None,3,172,172,23,173.29451379198872,,,,,,,,,,,,173.28568741699564,173.29451379198872,173.77793316698808,173.77793316698808,173.77793316698808,174.2356593329896,y,1,0.456341123994207,None,,,,,04,001,2025-11-14_10h36.46.396,The Self-Relevance Effect on Selective Attention task,,2025.1.1,None,2025-11-14 10h37.35.454583 +0530,
Wall,neutral,yellow,y,173,173,3,y,1,0.4247447910020128,None,3,173,173,45,174.2493476249947,,,,,,,,,,,,174.23980508299428,174.2493476249947,174.73665520799113,174.73665520799113,174.73665520799113,175.1629832079925,y,1,0.4247447910020128,None,,,,,04,001,2025-11-14_10h36.46.396,The Self-Relevance Effect on Selective Attention task,,2025.1.1,None,2025-11-14 10h37.35.454583 +0530,
Them,other,blue,b,174,174,4,b,1,0.35538083300343715,None,4,174,174,20,175.177039666989,,,,,,,,,,,,175.16810870799236,175.177039666989,175.6609299579868,175.6609299579868,175.6609299579868,176.01891916699242,b,1,0.35538083300343715,None,,,,,04,001,2025-11-14_10h36.46.396,The Self-Relevance Effect on Selective Attention task,,2025.1.1,None,2025-11-14 10h37.35.454583 +0530,
Stranger,other,yellow,y,175,175,4,y,1,0.4619237489969237,None,4,175,175,23,176.03281008299382,,,,,,,,,,,,176.02388399999472,176.03281008299382,176.519976999989,176.519976999989,176.519976999989,176.98577062498953,y,1,0.4619237489969237,None,,,,,04,001,2025-11-14_10h36.46.396,The Self-Relevance Effect on Selective Attention task,,2025.1.1,None,2025-11-14 10h37.35.454583 +0530,
Bottle,neutral,yellow,y,176,176,2,y,1,0.3317368329880992,None,2,176,176,39,177.00091483299911,,,,,,,,,,,,176.99199779199262,177.00091483299911,177.48563562499476,177.48563562499476,177.48563562499476,177.81904895800108,y,1,0.3317368329880992,None,,,,,04,001,2025-11-14_10h36.46.396,The Self-Relevance Effect on Selective Attention task,,2025.1.1,None,2025-11-14 10h37.35.454583 +0530,
Their,other,yellow,y,177,177,4,y,1,0.3762312079925323,None,4,177,177,25,177.83351358299842,,,,,,,,,,,,177.82371545799833,177.83351358299842,178.32007808299386,178.32007808299386,178.32007808299386,178.7022890829976,y,1,0.3762312079925323,None,,,,,04,001,2025-11-14_10h36.46.396,The Self-Relevance Effect on Selective Attention task,,2025.1.1,None,2025-11-14 10h37.35.454583 +0530,
Wall,neutral,yellow,y,178,178,4,y,1,0.4399550829984946,None,4,178,178,45,178.71690987498732,,,,,,,,,,,,178.7075010829867,178.71690987498732,179.2034749579907,179.2034749579907,179.2034749579907,179.64637683299952,y,1,0.4399550829984946,None,,,,,04,001,2025-11-14_10h36.46.396,The Self-Relevance Effect on Selective Attention task,,2025.1.1,None,2025-11-14 10h37.35.454583 +0530,
Selfhood,self ,blue,b,179,179,2,b,1,0.3759163330105366,None,2,179,179,14,179.66053570799704,,,,,,,,,,,,179.65146283298964,179.66053570799704,180.14440274999652,180.14440274999652,180.14440274999652,180.53021208298742,b,1,0.3759163330105366,None,,,,,04,001,2025-11-14_10h36.46.396,The Self-Relevance Effect on Selective Attention task,,2025.1.1,None,2025-11-14 10h37.35.454583 +0530,
Table,neutral,yellow,y,180,180,2,y,1,0.374549708008999,None,2,180,180,35,180.54510483299964,,,,,,,,,,,,180.53612504199555,180.54510483299964,181.02779170799477,181.02779170799477,181.02779170799477,181.41312229199684,y,1,0.374549708008999,None,,,,,04,001,2025-11-14_10h36.46.396,The Self-Relevance Effect on Selective Attention task,,2025.1.1,None,2025-11-14 10h37.35.454583 +0530,
Myself,self ,yellow,y,181,181,3,y,1,0.3334397500002524,None,3,181,181,5,181.42690612499428,,,,,,,,,,,,181.418143124989,181.42690612499428,181.9109957079927,181.9109957079927,181.9109957079927,182.24659620798775,y,1,0.3334397500002524,None,,,,,04,001,2025-11-14_10h36.46.396,The Self-Relevance Effect on Selective Attention task,,2025.1.1,None,2025-11-14 10h37.35.454583 +0530,
Table,neutral,blue,b,182,182,2,b,1,0.37212745800206903,None,2,182,182,34,182.26170470799843,,,,,,,,,,,,182.2525405829947,182.26170470799843,182.7443312079995,182.7443312079995,182.7443312079995,183.11897983298695,b,1,0.37212745800206903,None,,,,,04,001,2025-11-14_10h36.46.396,The Self-Relevance Effect on Selective Attention task,,2025.1.1,None,2025-11-14 10h37.35.454583 +0530,
Their,other,blue,b,183,183,4,b,1,0.39697633299510926,None,4,183,183,24,183.1335778329958,,,,,,,,,,,,183.12415516699548,183.1335778329958,183.62055662499915,183.62055662499915,183.62055662499915,184.01909616698686,b,1,0.39697633299510926,None,,,,,04,001,2025-11-14_10h36.46.396,The Self-Relevance Effect on Selective Attention task,,2025.1.1,None,2025-11-14 10h37.35.454583 +0530,
She,other,yellow,y,184,184,3,y,1,0.398393166004098,None,3,184,184,27,184.0340562499914,,,,,,,,,,,,184.02438487499603,184.0340562499914,184.52007924999634,184.52007924999634,184.52007924999634,184.92994429198734,y,1,0.398393166004098,None,,,,,04,001,2025-11-14_10h36.46.396,The Self-Relevance Effect on Selective Attention task,,2025.1.1,None,2025-11-14 10h37.35.454583 +0530,
Her,other,blue,b,185,185,4,b,1,0.37981774999934714,None,4,185,185,30,184.94331945799058,,,,,,,,,,,,184.93457979199593,184.94331945799058,185.42777020799986,185.42777020799986,185.42777020799986,185.81346737498825,b,1,0.37981774999934714,None,,,,,04,001,2025-11-14_10h36.46.396,The Self-Relevance Effect on Selective Attention task,,2025.1.1,None,2025-11-14 10h37.35.454583 +0530,
Table,neutral,yellow,y,186,186,3,y,1,0.3051600830076495,None,3,186,186,35,185.82792158299708,,,,,,,,,,,,185.8190680419939,185.82792158299708,186.31143491699186,186.31143491699186,186.31143491699186,186.61868041699927,y,1,0.3051600830076495,None,,,,,04,001,2025-11-14_10h36.46.396,The Self-Relevance Effect on Selective Attention task,,2025.1.1,None,2025-11-14 10h37.35.454583 +0530,
Mine,self ,blue,b,187,187,2,b,1,0.3132450420089299,None,2,187,187,6,186.63282504199015,,,,,,,,,,,,186.62259908299893,186.63282504199015,187.11143116699532,187.11143116699532,187.11143116699532,187.42981162499927,b,1,0.3132450420089299,None,,,,,04,001,2025-11-14_10h36.46.396,The Self-Relevance Effect on Selective Attention task,,2025.1.1,None,2025-11-14 10h37.35.454583 +0530,
They,other,blue,b,188,188,3,b,1,0.2962721660005627,None,3,188,188,16,187.4432776249887,,,,,,,,,,,,187.43448316698777,187.4432776249887,187.92842616699636,187.92842616699636,187.92842616699636,188.23002004199952,b,1,0.2962721660005627,None,,,,,04,001,2025-11-14_10h36.46.396,The Self-Relevance Effect on Selective Attention task,,2025.1.1,None,2025-11-14 10h37.35.454583 +0530,
Friend,other,blue,b,189,189,3,b,1,0.3361274159979075,None,3,189,189,28,188.24395195799298,,,,,,,,,,,,188.235018708001,188.24395195799298,188.72830899999826,188.72830899999826,188.72830899999826,189.06905949999054,b,1,0.3361274159979075,None,,,,,04,001,2025-11-14_10h36.46.396,The Self-Relevance Effect on Selective Attention task,,2025.1.1,None,2025-11-14 10h37.35.454583 +0530,
Pencil,neutral,blue,b,190,190,3,b,1,0.29819625000527594,None,3,190,190,36,189.08313504199032,,,,,,,,,,,,189.07374479199643,189.08313504199032,189.571308707993,189.571308707993,189.571308707993,189.88002462498844,b,1,0.29819625000527594,None,,,,,04,001,2025-11-14_10h36.46.396,The Self-Relevance Effect on Selective Attention task,,2025.1.1,None,2025-11-14 10h37.35.454583 +0530,
Wall,neutral,blue,b,191,191,4,b,1,0.314441499998793,None,4,191,191,44,189.893061166993,,,,,,,,,,,,189.883822082993,189.893061166993,190.37837945799401,190.37837945799401,190.37837945799401,190.69666649999272,b,1,0.314441499998793,None,,,,,04,001,2025-11-14_10h36.46.396,The Self-Relevance Effect on Selective Attention task,,2025.1.1,None,2025-11-14 10h37.35.454583 +0530,
Window,neutral,yellow,y,192,192,3,y,1,0.42880791700736154,None,3,192,192,41,190.71064999999362,,,,,,,,,,,,190.7015079579869,190.71064999999362,191.1948599999887,191.1948599999887,191.1948599999887,191.63012066698866,y,1,0.42880791700736154,None,,,,,04,001,2025-11-14_10h36.46.396,The Self-Relevance Effect on Selective Attention task,,2025.1.1,None,2025-11-14 10h37.35.454583 +0530,
Mine,self ,blue,b,193,193,3,b,1,0.4893362500006333,None,3,193,193,6,191.64351216699288,,,,,,,,,,,,191.63456666699494,191.64351216699288,192.12829608299944,192.12829608299944,192.12829608299944,192.61895762498898,b,1,0.4893362500006333,None,,,,,04,001,2025-11-14_10h36.46.396,The Self-Relevance Effect on Selective Attention task,,2025.1.1,None,2025-11-14 10h37.35.454583 +0530,
She,other,blue,b,194,194,3,b,1,0.473105166995083,None,3,194,194,26,192.63388691699947,,,,,,,,,,,,192.62257137498818,192.63388691699947,193.12063462499646,193.12063462499646,193.12063462499646,193.5968612919969,b,1,0.473105166995083,None,,,,,04,001,2025-11-14_10h36.46.396,The Self-Relevance Effect on Selective Attention task,,2025.1.1,None,2025-11-14 10h37.35.454583 +0530,
Door,neutral,blue,b,195,195,4,b,1,0.3009090410050703,None,4,195,195,46,193.60959795799863,,,,,,,,,,,,193.60058883299644,193.60959795799863,194.09484437499486,194.09484437499486,194.09484437499486,194.4033660829882,b,1,0.3009090410050703,None,,,,,04,001,2025-11-14_10h36.46.396,The Self-Relevance Effect on Selective Attention task,,2025.1.1,None,2025-11-14 10h37.35.454583 +0530,
Mine,self ,blue,b,196,196,4,b,1,0.32392458300455473,None,4,196,196,6,194.41644962498685,,,,,,,,,,,,194.4072291249904,194.41644962498685,194.90469083299104,194.90469083299104,194.90469083299104,195.23899762499786,b,1,0.32392458300455473,None,,,,,04,001,2025-11-14_10h36.46.396,The Self-Relevance Effect on Selective Attention task,,2025.1.1,None,2025-11-14 10h37.35.454583 +0530,
Selfhood,self ,blue,b,197,197,3,b,1,0.48311304100207053,None,3,197,197,14,195.25011895799253,,,,,,,,,,,,195.2426592499978,195.25011895799253,195.7375994999893,195.7375994999893,195.7375994999893,196.2304070419923,b,1,0.48311304100207053,None,,,,,04,001,2025-11-14_10h36.46.396,The Self-Relevance Effect on Selective Attention task,,2025.1.1,None,2025-11-14 10h37.35.454583 +0530,
Them,other,yellow,y,198,198,4,y,1,0.5242171250138199,None,4,198,198,21,196.24417358299252,,,,,,,,,,,,196.2352217079897,196.24417358299252,196.7284253329999,196.7284253329999,196.7284253329999,197.26368216698756,y,1,0.5242171250138199,None,,,,,04,001,2025-11-14_10h36.46.396,The Self-Relevance Effect on Selective Attention task,,2025.1.1,None,2025-11-14 10h37.35.454583 +0530,
Table,neutral,blue,b,199,199,3,y,0,0.5081151250051335,None,3,199,199,34,197.27769199998875,,,,,,,,,,,,197.26875249999284,197.27769199998875,197.76154479199613,197.76154479199613,197.76154479199613,198.2804482079955,y,0,0.5081151250051335,None,,,,,04,001,2025-11-14_10h36.46.396,The Self-Relevance Effect on Selective Attention task,,2025.1.1,None,2025-11-14 10h37.35.454583 +0530,
They,other,blue,b,200,200,4,y,0,0.5714200420043198,None,4,200,200,16,198.29411925000022,,,,,,,,,,,,198.2849583329953,198.29411925000022,198.7783057919878,198.7783057919878,198.7783057919878,199.35274879199278,y,0,0.5714200420043198,None,,,,,04,001,2025-11-14_10h36.46.396,The Self-Relevance Effect on Selective Attention task,,2025.1.1,None,2025-11-14 10h37.35.454583 +0530,
She,other,blue,b,201,201,4,y,0,0.438933832992916,None,4,201,201,26,199.36631916699116,,,,,,,,,,,,199.3569548749947,199.36631916699116,199.85481837499538,199.85481837499538,199.85481837499538,200.2968440419936,y,0,0.438933832992916,None,,,,,04,001,2025-11-14_10h36.46.396,The Self-Relevance Effect on Selective Attention task,,2025.1.1,None,2025-11-14 10h37.35.454583 +0530,
I,self ,yellow,y,202,202,3,b,0,0.8659044160012854,None,3,202,202,9,200.31034658299177,,,,,,,,,,,,200.30128695799795,200.31034658299177,200.79496699999436,200.79496699999436,200.79496699999436,201.66361395799322,b,0,0.8659044160012854,None,,,,,04,001,2025-11-14_10h36.46.396,The Self-Relevance Effect on Selective Attention task,,2025.1.1,None,2025-11-14 10h37.35.454583 +0530,
Chair,neutral,yellow,y,203,203,4,y,1,1.3490177079947898,None,4,203,203,33,201.67909920799138,,,,,,,,,,,,201.66968129199813,201.67909920799138,202.16193954199844,202.16193954199844,202.16193954199844,203.51378658298927,y,1,1.3490177079947898,None,,,,,04,001,2025-11-14_10h36.46.396,The Self-Relevance Effect on Selective Attention task,,2025.1.1,None,2025-11-14 10h37.35.454583 +0530,
She,other,yellow,y,204,204,4,y,1,0.4520885000092676,None,4,204,204,27,203.52665741699457,,,,,,,,,,,,203.51786158299365,203.52665741699457,204.011752624996,204.011752624996,204.011752624996,204.46992612499162,y,1,0.4520885000092676,None,,,,,04,001,2025-11-14_10h36.46.396,The Self-Relevance Effect on Selective Attention task,,2025.1.1,None,2025-11-14 10h37.35.454583 +0530,
Myself,self ,blue,b,205,205,2,b,1,0.48902558301051613,None,2,205,205,4,204.59637733300042,,,,,,,,,,,,204.5893240000005,204.59637733300042,204.97102749999613,204.97102749999613,204.97102749999613,205.4640402919904,b,1,0.48902558301051613,None,,,,,04,001,2025-11-14_10h36.46.396,The Self-Relevance Effect on Selective Attention task,,2025.1.1,None,2025-11-14 10h37.35.454583 +0530,
Me,self ,yellow,y,206,206,4,y,1,0.6230833330046153,None,4,206,206,3,205.47779829199135,,,,,,,,,,,,205.46846108300088,205.47779829199135,205.96182195800066,205.96182195800066,205.96182195800066,206.58637999999337,y,1,0.6230833330046153,None,,,,,04,001,2025-11-14_10h36.46.396,The Self-Relevance Effect on Selective Attention task,,2025.1.1,None,2025-11-14 10h37.35.454583 +0530,
He,other,yellow,y,207,207,4,y,1,0.3258079160004854,None,4,207,207,19,206.6008537079906,,,,,,,,,,,,206.59101224999176,206.6008537079906,207.0881005419942,207.0881005419942,207.0881005419942,207.41986187499424,y,1,0.3258079160004854,None,,,,,04,001,2025-11-14_10h36.46.396,The Self-Relevance Effect on Selective Attention task,,2025.1.1,None,2025-11-14 10h37.35.454583 +0530,
Pencil,neutral,blue,b,208,208,4,b,1,0.44252154100104235,None,4,208,208,36,207.43362208300096,,,,,,,,,,,,207.42442795798706,207.43362208300096,207.92134437499044,207.92134437499044,207.92134437499044,208.3698061670002,b,1,0.44252154100104235,None,,,,,04,001,2025-11-14_10h36.46.396,The Self-Relevance Effect on Selective Attention task,,2025.1.1,None,2025-11-14 10h37.35.454583 +0530,
Friend,other,yellow,y,209,209,3,y,1,0.4386567499896046,None,3,209,209,29,208.38415133299713,,,,,,,,,,,,208.37416387499252,208.38415133299713,208.87125033298798,208.87125033298798,208.87125033298798,209.3141318329872,y,1,0.4386567499896046,None,,,,,04,001,2025-11-14_10h36.46.396,The Self-Relevance Effect on Selective Attention task,,2025.1.1,None,2025-11-14 10h37.35.454583 +0530,
Book,neutral,yellow,y,210,210,2,y,1,0.3359141659893794,None,2,210,210,43,209.32798416700098,,,,,,,,,,,,209.31896424999286,209.32798416700098,209.81197370799782,209.81197370799782,209.81197370799782,210.15429037499416,y,1,0.3359141659893794,None,,,,,04,001,2025-11-14_10h36.46.396,The Self-Relevance Effect on Selective Attention task,,2025.1.1,None,2025-11-14 10h37.35.454583 +0530,
Personal,self ,yellow,y,211,211,3,y,1,0.39294808299746364,None,3,211,211,13,210.16915724999853,,,,,,,,,,,,210.16029316699132,210.16915724999853,210.65495766699314,210.65495766699314,210.65495766699314,211.05316862498876,y,1,0.39294808299746364,None,,,,,04,001,2025-11-14_10h36.46.396,The Self-Relevance Effect on Selective Attention task,,2025.1.1,None,2025-11-14 10h37.35.454583 +0530,
Personal,self ,yellow,y,212,212,4,y,1,0.3280071249901084,None,4,212,212,13,211.06426937499782,,,,,,,,,,,,211.05413387498993,211.06426937499782,211.5538713329879,211.5538713329879,211.5538713329879,211.88664458299172,y,1,0.3280071249901084,None,,,,,04,001,2025-11-14_10h36.46.396,The Self-Relevance Effect on Selective Attention task,,2025.1.1,None,2025-11-14 10h37.35.454583 +0530,
My,self ,blue,b,213,213,3,b,1,0.3836624999967171,None,3,213,213,10,211.90031954199367,,,,,,,,,,,,211.890948166998,211.90031954199367,212.38837583299028,212.38837583299028,212.38837583299028,212.7809263329982,b,1,0.3836624999967171,None,,,,,04,001,2025-11-14_10h36.46.396,The Self-Relevance Effect on Selective Attention task,,2025.1.1,None,2025-11-14 10h37.35.454583 +0530,
Her,other,yellow,y,214,214,2,y,1,0.39334237499861047,None,2,214,214,31,212.79464991699206,,,,,,,,,,,,212.78557624999667,212.79464991699206,213.27875658299308,213.27875658299308,213.27875658299308,213.68112483299046,y,1,0.39334237499861047,None,,,,,04,001,2025-11-14_10h36.46.396,The Self-Relevance Effect on Selective Attention task,,2025.1.1,None,2025-11-14 10h37.35.454583 +0530,
Myself,self ,blue,b,215,215,3,b,1,0.4152986660046736,None,3,215,215,4,213.69510195800103,,,,,,,,,,,,213.68641720799496,213.69510195800103,214.1788476669899,214.1788476669899,214.1788476669899,214.59783383298782,b,1,0.4152986660046736,None,,,,,04,001,2025-11-14_10h36.46.396,The Self-Relevance Effect on Selective Attention task,,2025.1.1,None,2025-11-14 10h37.35.454583 +0530,
Myself,self ,yellow,y,216,216,4,b,0,0.41144195800006855,None,4,216,216,5,214.6077818749909,,,,,,,,,,,,214.59878499999468,214.6077818749909,215.09562358299445,215.09562358299445,215.09562358299445,215.51417849998688,b,0,0.41144195800006855,None,,,,,04,001,2025-11-14_10h36.46.396,The Self-Relevance Effect on Selective Attention task,,2025.1.1,None,2025-11-14 10h37.35.454583 +0530,
Me,self ,blue,b,217,217,4,b,1,0.8498799160006456,None,4,217,217,2,215.52739579199988,,,,,,,,,,,,215.51875266699062,215.52739579199988,216.0121658329881,216.0121658329881,216.0121658329881,216.86438449998968,b,1,0.8498799160006456,None,,,,,04,001,2025-11-14_10h36.46.396,The Self-Relevance Effect on Selective Attention task,,2025.1.1,None,2025-11-14 10h37.35.454583 +0530,
Window,neutral,yellow,y,218,218,4,y,1,0.4915529159916332,None,4,218,218,41,216.8789016249939,,,,,,,,,,,,216.86981533298967,216.8789016249939,217.3624562079931,217.3624562079931,217.3624562079931,217.86441837500024,y,1,0.4915529159916332,None,,,,,04,001,2025-11-14_10h36.46.396,The Self-Relevance Effect on Selective Attention task,,2025.1.1,None,2025-11-14 10h37.35.454583 +0530,
Bottle,neutral,yellow,y,219,219,3,y,1,0.37176945799728855,None,3,219,219,39,217.87849937498686,,,,,,,,,,,,217.86972845799755,217.87849937498686,218.3623313329881,218.3623313329881,218.3623313329881,218.73697149999498,y,1,0.37176945799728855,None,,,,,04,001,2025-11-14_10h36.46.396,The Self-Relevance Effect on Selective Attention task,,2025.1.1,None,2025-11-14 10h37.35.454583 +0530,
Book,neutral,yellow,y,220,220,3,y,1,0.3289844999962952,None,3,220,220,43,218.75165749998996,,,,,,,,,,,,218.74174449998827,218.75165749998996,219.23807745799422,219.23807745799422,219.23807745799422,219.57073216699064,y,1,0.3289844999962952,None,,,,,04,001,2025-11-14_10h36.46.396,The Self-Relevance Effect on Selective Attention task,,2025.1.1,None,2025-11-14 10h37.35.454583 +0530,
Door,neutral,yellow,y,221,221,4,y,1,0.347164666003664,None,4,221,221,47,219.58461262499623,,,,,,,,,,,,219.5748998749914,219.58461262499623,220.0718820829934,220.0718820829934,220.0718820829934,220.4205787499959,y,1,0.347164666003664,None,,,,,04,001,2025-11-14_10h36.46.396,The Self-Relevance Effect on Selective Attention task,,2025.1.1,None,2025-11-14 10h37.35.454583 +0530,
Name,self ,blue,b,222,222,3,b,1,0.5183857080119196,None,3,222,222,0,220.43477612499555,,,,,,,,,,,,220.4254975419899,220.43477612499555,220.9218073749944,220.9218073749944,220.9218073749944,221.4478481249971,b,1,0.5183857080119196,None,,,,,04,001,2025-11-14_10h36.46.396,The Self-Relevance Effect on Selective Attention task,,2025.1.1,None,2025-11-14 10h37.35.454583 +0530,
Name,self ,yellow,y,223,223,4,y,1,1.0357865409896476,None,4,223,223,1,221.45800770798814,,,,,,,,,,,,221.44893991699792,221.45800770798814,221.94624900000053,221.94624900000053,221.94624900000053,222.9870076669904,y,1,1.0357865409896476,None,,,,,04,001,2025-11-14_10h36.46.396,The Self-Relevance Effect on Selective Attention task,,2025.1.1,None,2025-11-14 10h37.35.454583 +0530,
Friend,other,blue,b,224,224,4,y,0,1.0997769579989836,None,4,224,224,28,223.00095979199978,,,,,,,,,,,,222.9916536249948,223.00095979199978,223.48837316699792,223.48837316699792,223.48837316699792,224.59796783298953,y,0,1.0997769579989836,None,,,,,04,001,2025-11-14_10h36.46.396,The Self-Relevance Effect on Selective Attention task,,2025.1.1,None,2025-11-14 10h37.35.454583 +0530,
Selfhood,self ,yellow,y,225,225,4,y,1,0.5283359159948304,None,4,225,225,15,224.612371582989,,,,,,,,,,,,224.60334604200034,224.612371582989,225.09605595799803,225.09605595799803,225.09605595799803,225.63129958299396,y,1,0.5283359159948304,None,,,,,04,001,2025-11-14_10h36.46.396,The Self-Relevance Effect on Selective Attention task,,2025.1.1,None,2025-11-14 10h37.35.454583 +0530,
Friend,other,yellow,y,226,226,4,y,1,0.34189704099844676,None,4,226,226,29,225.6450443329959,,,,,,,,,,,,225.6356481249968,225.6450443329959,226.12923637499625,226.12923637499625,226.12923637499625,226.48148395799217,y,1,0.34189704099844676,None,,,,,04,001,2025-11-14_10h36.46.396,The Self-Relevance Effect on Selective Attention task,,2025.1.1,None,2025-11-14 10h37.35.454583 +0530,
Table,neutral,yellow,y,227,227,4,y,1,0.5359527919936227,None,4,227,227,35,226.49560504200053,,,,,,,,,,,,226.4867353749869,226.49560504200053,226.97923562499636,226.97923562499636,226.97923562499636,227.52052370799356,y,1,0.5359527919936227,None,,,,,04,001,2025-11-14_10h36.46.396,The Self-Relevance Effect on Selective Attention task,,2025.1.1,None,2025-11-14 10h37.35.454583 +0530,
Table,neutral,blue,b,228,228,4,b,1,0.3874244990001898,None,4,228,228,34,227.5314576249948,,,,,,,,,,,,227.5216687919892,227.5314576249948,228.02080929199292,228.02080929199292,228.02080929199292,228.41477991698775,b,1,0.3874244990001898,None,,,,,04,001,2025-11-14_10h36.46.396,The Self-Relevance Effect on Selective Attention task,,2025.1.1,None,2025-11-14 10h37.35.454583 +0530,
Name,self ,blue,b,229,229,4,b,1,0.3934920830070041,None,4,229,229,0,228.42905158299254,,,,,,,,,,,,228.4201617919898,228.42905158299254,228.9128421669884,228.9128421669884,228.9128421669884,229.31479912500072,b,1,0.3934920830070041,None,,,,,04,001,2025-11-14_10h36.46.396,The Self-Relevance Effect on Selective Attention task,,2025.1.1,None,2025-11-14 10h37.35.454583 +0530,
I,self ,yellow,y,230,230,4,y,1,0.8375549580086954,None,4,230,230,9,229.32796699999017,,,,,,,,,,,,229.3190340000001,229.32796699999017,229.81266849998792,229.81266849998792,229.81266849998792,230.6545763329923,y,1,0.8375549580086954,None,,,,,04,001,2025-11-14_10h36.46.396,The Self-Relevance Effect on Selective Attention task,,2025.1.1,None,2025-11-14 10h37.35.454583 +0530,
Personal,self ,blue,b,231,231,4,b,1,0.6347661659965524,None,4,231,231,12,230.66957049998746,,,,,,,,,,,,230.6603140419902,230.66957049998746,231.1554884579964,231.1554884579964,231.1554884579964,231.79819974998827,b,1,0.6347661659965524,None,,,,,04,001,2025-11-14_10h36.46.396,The Self-Relevance Effect on Selective Attention task,,2025.1.1,None,2025-11-14 10h37.35.454583 +0530,
Selfhood,self ,blue,b,232,232,4,b,1,0.53186733298935,None,4,232,232,14,231.81268595799338,,,,,,,,,,,,231.80343499999435,231.81268595799338,232.29658970799937,232.29658970799937,232.29658970799937,232.83128270799352,b,1,0.53186733298935,None,,,,,04,001,2025-11-14_10h36.46.396,The Self-Relevance Effect on Selective Attention task,,2025.1.1,None,2025-11-14 10h37.35.454583 +0530,
Myself,self ,blue,b,233,233,4,b,1,0.8345334579935297,None,4,233,233,4,232.84583204198861,,,,,,,,,,,,232.83669612499943,232.84583204198861,233.3297321669961,233.3297321669961,233.3297321669961,234.17092345799028,b,1,0.8345334579935297,None,,,,,04,001,2025-11-14_10h36.46.396,The Self-Relevance Effect on Selective Attention task,,2025.1.1,None,2025-11-14 10h37.35.454583 +0530,
Her,other,yellow,y,234,234,3,y,1,0.5002967920008814,None,3,234,234,31,234.18495099998836,,,,,,,,,,,,234.1749857919931,234.18495099998836,234.67217374999018,234.67217374999018,234.67217374999018,235.1817610829894,y,1,0.5002967920008814,None,,,,,04,001,2025-11-14_10h36.46.396,The Self-Relevance Effect on Selective Attention task,,2025.1.1,None,2025-11-14 10h37.35.454583 +0530,
Bottle,neutral,yellow,y,235,235,4,y,1,0.3509198749961797,None,4,235,235,39,235.19614579199697,,,,,,,,,,,,235.18737929199415,235.19614579199697,235.67947991698748,235.67947991698748,235.67947991698748,236.0377657499921,y,1,0.3509198749961797,None,,,,,04,001,2025-11-14_10h36.46.396,The Self-Relevance Effect on Selective Attention task,,2025.1.1,None,2025-11-14 10h37.35.454583 +0530,
Book,neutral,yellow,y,236,236,4,y,1,0.4395306660007918,None,4,236,236,43,236.05082383299305,,,,,,,,,,,,236.04102570799296,236.05082383299305,236.538905333,236.538905333,236.538905333,236.9815787080006,y,1,0.4395306660007918,None,,,,,04,001,2025-11-14_10h36.46.396,The Self-Relevance Effect on Selective Attention task,,2025.1.1,None,2025-11-14 10h37.35.454583 +0530,
My,self ,yellow,y,237,237,4,b,0,0.6037821670033736,None,4,237,237,11,236.99575533298776,,,,,,,,,,,,236.98669816699112,236.99575533298776,237.47955241698946,237.47955241698946,237.47955241698946,238.0876562499907,b,0,0.6037821670033736,None,,,,,04,001,2025-11-14_10h36.46.396,The Self-Relevance Effect on Selective Attention task,,2025.1.1,None,2025-11-14 10h37.35.454583 +0530,
Her,other,yellow,y,238,238,4,y,1,0.7250345409993315,None,4,238,238,31,238.1019978330005,,,,,,,,,,,,238.09248254199338,238.1019978330005,238.58926637499826,238.58926637499826,238.58926637499826,239.32067687499512,y,1,0.7250345409993315,None,,,,,04,001,2025-11-14_10h36.46.396,The Self-Relevance Effect on Selective Attention task,,2025.1.1,None,2025-11-14 10h37.35.454583 +0530,
My,self ,blue,b,239,239,4,b,1,0.4104012500029057,None,4,239,239,10,239.33453037499567,,,,,,,,,,,,239.32471491699107,239.33453037499567,239.8130744999944,239.8130744999944,239.8130744999944,240.23224491698784,b,1,0.4104012500029057,None,,,,,04,001,2025-11-14_10h36.46.396,The Self-Relevance Effect on Selective Attention task,,2025.1.1,None,2025-11-14 10h37.35.454583 +0530,
,,,,,,,,,,,,,,,,,,,,,,,,,,,,,,,,,,,,,240.2325500829902,240.2442957079911,242.23694379199878,242.23111937499198,04,001,2025-11-14_10h36.46.396,The Self-Relevance Effect on Selective Attention task,,2025.1.1,None,2025-11-14 10h37.35.454583 +0530,
