stair.thisTrialN,stair.stepSize,stair.intensity,thisRow.t,notes,trial.started,fixation.started,grating.started,key_resp.started,fixation.stopped,grating.stopped,trial.stopped,corrAns,tilt,key_resp.corr,stair.response,key_resp.rt,participant,session,date,expName,expVersion,psychopyVersion,frameRate,expStart,
0,2,10.0,0.025375708006322384,,0.01048175001051277,0.025375708006322384,0.5111710830242373,0.5111710830242373,0.5247322500217706,0.8076306250295602,1.2519296670216136,right,10.0,1,1,0.5030551249510609,538749,001,2025-09-02_09h26.02.815,adaptive staircase experiment ,,2025.1.1,None,2025-09-02 09h26.06.444635 +0530,
1,2,8.0,1.2946250420063734,,1.2521209580008872,1.2946250420063734,1.74525616702158,1.74525616702158,1.79145633301232,2.0416538330027834,2.22609625000041,right,8.0,1,1,0.4713365420466289,538749,001,2025-09-02_09h26.02.815,adaptive staircase experiment ,,2025.1.1,None,2025-09-02 09h26.06.444635 +0530,
2,2,6.0,2.2471727920346893,,2.2264723330154084,2.2471727920346893,2.7247242080047727,2.7247242080047727,2.745161042024847,3.011417542002164,3.2096684999996796,right,6.0,1,1,0.4817964590038173,538749,001,2025-09-02_09h26.02.815,adaptive staircase experiment ,,2025.1.1,None,2025-09-02 09h26.06.444635 +0530,
3,2,4.0,3.2167713749804534,,3.2099783750018105,3.2167713749804534,3.7082246250356548,3.7082246250356548,3.7120682920212857,3.9956400829833,4.0926503330119886,right,4.0,1,1,0.37944449996575713,538749,001,2025-09-02_09h26.02.815,adaptive staircase experiment ,,2025.1.1,None,2025-09-02 09h26.06.444635 +0530,
4,2,2.0,4.099007499986328,,4.092995457991492,4.099007499986328,4.591604750021361,4.591604750021361,4.5961590420338325,4.878570957982447,5.030518833023962,left,-2.0,1,1,0.43372716702288017,538749,001,2025-09-02_09h26.02.815,adaptive staircase experiment ,,2025.1.1,None,2025-09-02 09h26.06.444635 +0530,
5,1,1.0,5.041460249980446,,5.030820292013232,5.041460249980446,5.530536000034772,5.530536000034772,5.530536000034772,5.828968207992148,6.013190958008636,left,-1.0,0,0,0.4778423340176232,538749,001,2025-09-02_09h26.02.815,adaptive staircase experiment ,,2025.1.1,None,2025-09-02 09h26.06.444635 +0530,
6,1,2.0,6.024832083028741,,6.013431166997179,6.024832083028741,6.508583458024077,6.508583458024077,6.514136583020445,6.794128916983027,7.026297167001758,right,2.0,1,1,0.5140639169840142,538749,001,2025-09-02_09h26.02.815,adaptive staircase experiment ,,2025.1.1,None,2025-09-02 09h26.06.444635 +0530,
7,1,2.0,7.033618166984525,,7.026687457982916,7.033618166984525,7.525046167022083,7.525046167022083,7.529500667005777,7.8130328329862095,7.963217583019286,right,2.0,1,1,0.434214000008069,538749,001,2025-09-02_09h26.02.815,adaptive staircase experiment ,,2025.1.1,None,2025-09-02 09h26.06.444635 +0530,
8,1,2.0,7.974950667005032,,7.963458249985706,7.974950667005032,8.458312582981307,8.458312582981307,8.463122166984249,8.745548292004969,8.876618916983716,left,-2.0,1,1,0.4050881669973023,538749,001,2025-09-02_09h26.02.815,adaptive staircase experiment ,,2025.1.1,None,2025-09-02 09h26.06.444635 +0530,
9,1,1.0,8.884556874982081,,8.876946499978658,8.884556874982081,9.374892916996032,9.374892916996032,9.379624749999493,9.662850041990168,9.90969329199288,right,1.0,1,1,0.5286302919848822,538749,001,2025-09-02_09h26.02.815,adaptive staircase experiment ,,2025.1.1,None,2025-09-02 09h26.06.444635 +0530,
10,0.5,1.0,9.918130125035532,,9.909989207983017,9.918130125035532,10.425048333010636,10.425048333010636,10.425048333010636,10.712664082995616,18.793729124998208,left,-1.0,0,0,8.35475704196142,538749,001,2025-09-02_09h26.02.815,adaptive staircase experiment ,,2025.1.1,None,2025-09-02 09h26.06.444635 +0530,
11,0.5,1.5,18.801718250033446,,18.794235666980967,18.801718250033446,19.29205400001956,19.29205400001956,19.296553416992538,19.579707083001267,19.659955292008817,left,-1.5,1,1,0.36228545900667086,538749,001,2025-09-02_09h26.02.815,adaptive staircase experiment ,,2025.1.1,None,2025-09-02 09h26.06.444635 +0530,
12,0.5,1.5,19.667177750030532,,19.66020899999421,19.667177750030532,20.158258292009123,20.158258292009123,20.16232033300912,20.446028499980457,20.74276487500174,left,-1.5,0,0,0.5785901250201277,538749,001,2025-09-02_09h26.02.815,adaptive staircase experiment ,,2025.1.1,None,2025-09-02 09h26.06.444635 +0530,
13,0.5,2.0,20.748246958013624,,20.743023957998957,20.748246958013624,21.2305705419858,21.2305705419858,21.24805562500842,21.5254298329819,21.611023582983762,right,2.0,1,1,0.3742774589918554,538749,001,2025-09-02_09h26.02.815,adaptive staircase experiment ,,2025.1.1,None,2025-09-02 09h26.06.444635 +0530,
14,0.5,2.0,21.616043583024293,,21.61140749999322,21.616043583024293,22.108432332985103,22.108432332985103,22.112926250032615,22.395951832993887,22.56036820798181,left,-2.0,1,1,0.4403983340016566,538749,001,2025-09-02_09h26.02.815,adaptive staircase experiment ,,2025.1.1,None,2025-09-02 09h26.06.444635 +0530,
15,0.5,2.0,22.56668566702865,,22.560720667010173,22.56668566702865,23.05879829201149,23.05879829201149,23.0630857499782,23.345747957995627,23.610200708033517,left,-2.0,1,1,0.5492671250249259,538749,001,2025-09-02_09h26.02.815,adaptive staircase experiment ,,2025.1.1,None,2025-09-02 09h26.06.444635 +0530,
16,0.5,1.5,23.617733833030798,,23.610600957996212,23.617733833030798,24.108900082996115,24.108900082996115,24.11285700002918,24.396033333032392,24.54355637502158,right,1.5,1,1,0.42936404200736433,538749,001,2025-09-02_09h26.02.815,adaptive staircase experiment ,,2025.1.1,None,2025-09-02 09h26.06.444635 +0530,
17,0.5,1.5,24.550423292035703,,24.543882333033253,24.550423292035703,25.042009333032183,25.042009333032183,25.04656920803245,25.329971167026088,25.527222917007748,right,1.5,1,1,0.48111370898550376,538749,001,2025-09-02_09h26.02.815,adaptive staircase experiment ,,2025.1.1,None,2025-09-02 09h26.06.444635 +0530,
18,0.5,1.5,25.53191354201408,,25.527513707987964,25.53191354201408,26.025603667018004,26.025603667018004,26.02952316700248,26.314102332980838,26.51071291702101,left,-1.5,1,1,0.47663266700692475,538749,001,2025-09-02_09h26.02.815,adaptive staircase experiment ,,2025.1.1,None,2025-09-02 09h26.06.444635 +0530,
19,0.5,1.0,26.517805791983847,,26.511016207979992,26.517805791983847,27.00909262499772,27.00909262499772,27.0135620420333,27.297396417008713,27.54361091699684,left,-1.0,1,1,0.5320504999835975,538749,001,2025-09-02_09h26.02.815,adaptive staircase experiment ,,2025.1.1,None,2025-09-02 09h26.06.444635 +0530,
20,0.5,1.0,27.547722792020068,,27.54390929202782,27.547722792020068,28.030695333029144,28.030695333029144,28.042430917033926,28.32583295798395,28.82706291700015,right,1.0,0,0,0.7896793340332806,538749,001,2025-09-02_09h26.02.815,adaptive staircase experiment ,,2025.1.1,None,2025-09-02 09h26.06.444635 +0530,
21,0.5,1.5,28.83458233298734,,28.827363374992274,28.83458233298734,29.32579541701125,29.32579541701125,29.330476208007894,29.613302708021365,29.910307999991346,left,-1.5,1,1,0.5711585839744657,538749,001,2025-09-02_09h26.02.815,adaptive staircase experiment ,,2025.1.1,None,2025-09-02 09h26.06.444635 +0530,
22,0.5,1.5,29.916971208003815,,29.9106624579872,29.916971208003815,30.409159458009526,30.409159458009526,30.413099500001408,30.696228708024137,30.876960458001122,left,-1.5,1,1,0.46307316701859236,538749,001,2025-09-02_09h26.02.815,adaptive staircase experiment ,,2025.1.1,None,2025-09-02 09h26.06.444635 +0530,
23,0.5,1.5,30.88363895798102,,30.877255250001326,30.88363895798102,31.375889917020686,31.375889917020686,31.380543583014514,31.66387620801106,31.843488042009994,right,1.5,1,1,0.464462292031385,538749,001,2025-09-02_09h26.02.815,adaptive staircase experiment ,,2025.1.1,None,2025-09-02 09h26.06.444635 +0530,
24,0.5,1.0,31.849971166986506,,31.843785499979276,31.849971166986506,32.33079600002384,32.33079600002384,32.346783542016055,32.62590033299057,32.67698816698976,right,1.0,1,1,0.3417235420201905,538749,001,2025-09-02_09h26.02.815,adaptive staircase experiment ,,2025.1.1,None,2025-09-02 09h26.06.444635 +0530,
25,0.5,1.0,32.68418591702357,,32.677269708015956,32.68418591702357,33.17590874998132,33.17590874998132,33.17969187500421,33.46254500001669,33.59398624999449,left,-1.0,0,0,0.41627358400728554,538749,001,2025-09-02_09h26.02.815,adaptive staircase experiment ,,2025.1.1,None,2025-09-02 09h26.06.444635 +0530,
26,0.5,1.5,33.601299625006504,,33.59437020798214,33.601299625006504,34.092630750034004,34.092630750034004,34.09654462500475,34.379469125007745,34.56066200003261,left,-1.5,0,0,0.4586086249910295,538749,001,2025-09-02_09h26.02.815,adaptive staircase experiment ,,2025.1.1,None,2025-09-02 09h26.06.444635 +0530,
27,0.5,2.0,34.568055999989156,,34.560931125015486,34.568055999989156,35.05938970798161,35.05938970798161,35.06405937502859,35.34693191701081,35.4474656250095,left,-2.0,0,0,0.3837769170058891,538749,001,2025-09-02_09h26.02.815,adaptive staircase experiment ,,2025.1.1,None,2025-09-02 09h26.06.444635 +0530,
28,0.5,2.5,35.4593621250242,,35.44771291699726,35.4593621250242,35.94268962502247,35.94268962502247,35.946966250019614,36.23018954199506,36.31539220799459,right,2.5,0,0,0.3703897090163082,538749,001,2025-09-02_09h26.02.815,adaptive staircase experiment ,,2025.1.1,None,2025-09-02 09h26.06.444635 +0530,
29,0.5,3.0,36.32604304200504,,36.31563399999868,36.32604304200504,36.8091961669852,36.8091961669852,36.8139193750103,,36.830895583028905,right,3.0,1,1,0.02003179199527949,538749,001,2025-09-02_09h26.02.815,adaptive staircase experiment ,,2025.1.1,None,2025-09-02 09h26.06.444635 +0530,
30,0.5,3.0,36.84265570802381,,36.83112208300736,36.84265570802381,37.330809417006094,37.330809417006094,37.330809417006094,37.62607395800296,37.7817523329868,left,-3.0,1,1,0.44739699998172,538749,001,2025-09-02_09h26.02.815,adaptive staircase experiment ,,2025.1.1,None,2025-09-02 09h26.06.444635 +0530,
31,0.5,3.0,37.79273020802066,,37.78204762499081,37.79273020802066,38.28054520802107,38.28054520802107,38.28054520802107,38.576382917002775,38.76095545798307,right,3.0,1,1,0.476851292012725,538749,001,2025-09-02_09h26.02.815,adaptive staircase experiment ,,2025.1.1,None,2025-09-02 09h26.06.444635 +0530,
32,0.5,2.5,38.76559654198354,,38.761238874983974,38.76559654198354,39.259488124982454,39.259488124982454,39.26429595798254,39.547079125011805,39.73119766701711,left,-2.5,1,1,0.46874962496804073,538749,001,2025-09-02_09h26.02.815,adaptive staircase experiment ,,2025.1.1,None,2025-09-02 09h26.06.444635 +0530,
33,0.5,2.5,39.742814957979135,,39.731458458001725,39.742814957979135,40.23102016700432,40.23102016700432,40.23102016700432,40.526260083017405,40.894138999981806,right,2.5,1,1,0.6565158749581315,538749,001,2025-09-02_09h26.02.815,adaptive staircase experiment ,,2025.1.1,None,2025-09-02 09h26.06.444635 +0530,
34,0.5,2.5,40.90139479201753,,40.89444629201898,40.90139479201753,41.392884958011564,41.392884958011564,41.39775095798541,41.679955292027444,41.91075370798353,left,-2.5,1,1,0.5165375840151682,538749,001,2025-09-02_09h26.02.815,adaptive staircase experiment ,,2025.1.1,None,2025-09-02 09h26.06.444635 +0530,
35,0.5,2.0,41.91702616697876,,41.91102995799156,41.91702616697876,42.4095591250225,42.4095591250225,42.41350304201478,42.6966390000307,42.96448612498352,right,2.0,1,1,0.5516786249936558,538749,001,2025-09-02_09h26.02.815,adaptive staircase experiment ,,2025.1.1,None,2025-09-02 09h26.06.444635 +0530,
36,0.5,2.0,42.976257500005886,,42.96474629198201,42.976257500005886,43.4636911249836,43.4636911249836,43.4636911249836,43.759659708011895,43.89431395800784,left,-2.0,1,1,0.4218103750026785,538749,001,2025-09-02_09h26.02.815,adaptive staircase experiment ,,2025.1.1,None,2025-09-02 09h26.06.444635 +0530,
37,0.5,2.0,43.90157241700217,,43.89462145802099,43.90157241700217,44.39300583302975,44.39300583302975,44.39774458302418,44.680234708008356,44.91081758303335,left,-2.0,1,1,0.509574124997016,538749,001,2025-09-02_09h26.02.815,adaptive staircase experiment ,,2025.1.1,None,2025-09-02 09h26.06.444635 +0530,
38,0.5,1.5,44.918169583019335,,44.91111308301333,44.918169583019335,45.40970529202605,45.40970529202605,45.413560041983146,45.69695070799207,46.01092216698453,left,-1.5,1,1,0.595899083011318,538749,001,2025-09-02_09h26.02.815,adaptive staircase experiment ,,2025.1.1,None,2025-09-02 09h26.06.444635 +0530,
39,0.5,1.5,46.01812008302659,,46.01118662499357,46.01812008302659,46.497587624995504,46.497587624995504,46.514606249984354,46.7930906250258,47.26101058302447,right,1.5,1,1,0.7549507080111653,538749,001,2025-09-02_09h26.02.815,adaptive staircase experiment ,,2025.1.1,None,2025-09-02 09h26.06.444635 +0530,
40,0.5,1.5,47.26783125003567,,47.26131187501596,47.26783125003567,47.759802374988794,47.759802374988794,47.76352420798503,48.046926542010624,48.277693875017576,right,1.5,1,1,0.5055627090041526,538749,001,2025-09-02_09h26.02.815,adaptive staircase experiment ,,2025.1.1,None,2025-09-02 09h26.06.444635 +0530,
41,0.5,1.0,48.2848430830054,,48.27798166702269,48.2848430830054,48.776519917009864,48.776519917009864,48.78042212501168,49.06403670803411,49.344458499981556,right,1.0,0,0,0.5651688340003602,538749,001,2025-09-02_09h26.02.815,adaptive staircase experiment ,,2025.1.1,None,2025-09-02 09h26.06.444635 +0530,
42,0.5,1.5,49.351785583014134,,49.34484258299926,49.351785583014134,49.842952999984846,49.842952999984846,49.8477377499803,50.13019566703588,50.26052262500161,left,-1.5,1,1,0.4095257500302978,538749,001,2025-09-02_09h26.02.815,adaptive staircase experiment ,,2025.1.1,None,2025-09-02 09h26.06.444635 +0530,
43,0.5,1.5,50.26574033300858,,50.26080537500093,50.26574033300858,50.75937225000234,50.75937225000234,50.763422542018816,51.04712279199157,51.46558158303378,left,-1.5,1,1,0.703109249996487,538749,001,2025-09-02_09h26.02.815,adaptive staircase experiment ,,2025.1.1,None,2025-09-02 09h26.06.444635 +0530,
44,0.5,1.5,51.47658612503437,,51.46584354201332,51.47658612503437,51.96394575003069,51.96394575003069,51.96394575003069,52.26024858298479,52.34840937500121,left,-1.5,1,1,0.38049937499454245,538749,001,2025-09-02_09h26.02.815,adaptive staircase experiment ,,2025.1.1,None,2025-09-02 09h26.06.444635 +0530,
45,0.5,1.0,52.3598939999938,,52.34865529200761,52.3598939999938,52.84330399997998,52.84330399997998,52.8481252079946,53.130853625014424,53.427771707996726,left,-1.0,1,1,0.5730922080110759,538749,001,2025-09-02_09h26.02.815,adaptive staircase experiment ,,2025.1.1,None,2025-09-02 09h26.06.444635 +0530,
46,0.5,1.0,53.43468170799315,,53.42806804203428,53.43468170799315,53.92669408302754,53.92669408302754,53.93073537503369,54.214312083029654,54.22798129200237,right,1.0,0,0,0.29432420805096626,538749,001,2025-09-02_09h26.02.815,adaptive staircase experiment ,,2025.1.1,None,2025-09-02 09h26.06.444635 +0530,
47,0.5,1.5,54.23551312502241,,54.22823187499307,54.23551312502241,54.7267586250091,54.7267586250091,54.73110799997812,55.014079292013776,55.228210250032134,right,1.5,1,1,0.4969686249969527,538749,001,2025-09-02_09h26.02.815,adaptive staircase experiment ,,2025.1.1,None,2025-09-02 09h26.06.444635 +0530,
48,0.5,1.5,55.235256333020516,,55.228462083032355,55.235256333020516,55.726781375007704,55.726781375007704,55.730804249993525,56.01419066701783,56.461429374990985,left,-1.5,0,0,0.7217494169599377,538749,001,2025-09-02_09h26.02.815,adaptive staircase experiment ,,2025.1.1,None,2025-09-02 09h26.06.444635 +0530,
49,0.5,2.0,56.46821324998746,,56.461748000001535,56.46821324998746,56.960184333031066,56.960184333031066,56.96464304201072,57.246770291996654,57.32833291700808,right,2.0,1,1,0.3573008750099689,538749,001,2025-09-02_09h26.02.815,adaptive staircase experiment ,,2025.1.1,None,2025-09-02 09h26.06.444635 +0530,
50,0.5,2.0,57.335984542034566,,57.32861487503396,57.335984542034566,57.82682258298155,57.82682258298155,57.83130366698606,58.11415529198712,58.19490833301097,right,2.0,1,1,0.3556929999613203,538749,001,2025-09-02_09h26.02.815,adaptive staircase experiment ,,2025.1.1,None,2025-09-02 09h26.06.444635 +0530,
51,0.5,2.0,58.20247120800195,,58.195224083028734,58.20247120800195,58.69351891701808,58.69351891701808,58.69722754199756,58.98520366701996,58.978326499986,left,-2.0,0,0,0.2751431250362657,538749,001,2025-09-02_09h26.02.815,adaptive staircase experiment ,,2025.1.1,None,2025-09-02 09h26.06.444635 +0530,
52,0.5,2.5,58.98520366701996,,58.97865762503352,58.98520366701996,59.47701033297926,59.47701033297926,59.48139675002312,59.76437604200328,59.84457591699902,right,2.5,1,1,0.36191045900341123,538749,001,2025-09-02_09h26.02.815,adaptive staircase experiment ,,2025.1.1,None,2025-09-02 09h26.06.444635 +0530,
53,0.5,2.5,59.85121462499956,,59.84485733299516,59.85121462499956,60.33245404198533,60.33245404198533,60.347400333033875,60.63087362499209,60.69491466699401,left,-2.5,1,1,0.35346958303125575,538749,001,2025-09-02_09h26.02.815,adaptive staircase experiment ,,2025.1.1,None,2025-09-02 09h26.06.444635 +0530,
54,0.5,2.5,60.70220416702796,,60.69519145798404,60.70220416702796,61.19361995800864,61.19361995800864,61.197447833023034,61.481270125019364,61.744786916999146,left,-2.5,0,0,0.5474443340208381,538749,001,2025-09-02_09h26.02.815,adaptive staircase experiment ,,2025.1.1,None,2025-09-02 09h26.06.444635 +0530,
55,0.5,3.0,61.7514936249936,,61.74515433300985,61.7514936249936,62.243688874994405,62.243688874994405,62.24772770801792,62.53200554201612,62.77834737498779,left,-3.0,1,1,0.5304233329952694,538749,001,2025-09-02_09h26.02.815,adaptive staircase experiment ,,2025.1.1,None,2025-09-02 09h26.06.444635 +0530,
56,0.5,3.0,62.785559625015594,,62.77863770799013,62.785559625015594,63.2770158330095,63.2770158330095,63.280776208033785,63.56451145798201,63.59492012503324,left,-3.0,1,1,0.30567662499379367,538749,001,2025-09-02_09h26.02.815,adaptive staircase experiment ,,2025.1.1,None,2025-09-02 09h26.06.444635 +0530,
57,0.5,3.0,63.60167750000255,,63.595204291981645,63.60167750000255,64.09373879199848,64.09373879199848,64.09753550001187,64.38175316702109,64.56159204198048,left,-3.0,1,1,0.462280459003523,538749,001,2025-09-02_09h26.02.815,adaptive staircase experiment ,,2025.1.1,None,2025-09-02 09h26.06.444635 +0530,
58,0.5,2.5,64.56880308303516,,64.56188879202818,64.56880308303516,65.06053783302195,65.06053783302195,65.0654860829818,65.34739020798588,65.42838020803174,left,-2.5,1,1,0.3560777499806136,538749,001,2025-09-02_09h26.02.815,adaptive staircase experiment ,,2025.1.1,None,2025-09-02 09h26.06.444635 +0530,
59,0.5,2.5,65.43507495801896,,65.42869050003355,65.43507495801896,65.92712449998362,65.92712449998362,65.93085995799629,66.21471500000916,66.39491920801811,right,2.5,1,1,0.4640050000161864,538749,001,2025-09-02_09h26.02.815,adaptive staircase experiment ,,2025.1.1,None,2025-09-02 09h26.06.444635 +0530,
60,0.5,2.5,66.4018578749965,,66.39525466703344,66.4018578749965,66.89383291703416,66.89383291703416,66.89782112499233,67.18154620798305,67.21555000002263,left,-2.5,0,0,0.31700475100660697,538749,001,2025-09-02_09h26.02.815,adaptive staircase experiment ,,2025.1.1,None,2025-09-02 09h26.06.444635 +0530,
61,0.5,3.0,67.2271763330209,,67.21578283299459,67.2271763330209,67.71493762498721,67.71493762498721,67.71493762498721,68.01061554200714,68.4153188749915,right,3.0,1,1,0.6967536669690162,538749,001,2025-09-02_09h26.02.815,adaptive staircase experiment ,,2025.1.1,None,2025-09-02 09h26.06.444635 +0530,
62,0.5,3.0,68.42720304202521,,68.41557683300925,68.42720304202521,68.9108273750171,68.9108273750171,68.91621533298166,69.19782041700091,69.3784748329781,left,-3.0,1,1,0.45807779202004895,538749,001,2025-09-02_09h26.02.815,adaptive staircase experiment ,,2025.1.1,None,2025-09-02 09h26.06.444635 +0530,
63,0.5,3.0,69.38523862499278,,69.37876479199622,69.38523862499278,69.87724729202455,69.87724729202455,69.88136279198807,70.1646429169923,70.3116900830064,right,3.0,1,1,0.42980633303523064,538749,001,2025-09-02_09h26.02.815,adaptive staircase experiment ,,2025.1.1,None,2025-09-02 09h26.06.444635 +0530,
64,0.5,2.5,70.31885650003096,,70.3119907079963,70.31885650003096,70.81063195801107,70.81063195801107,70.81451137503609,71.09903387498343,71.21187091700267,left,-2.5,1,1,0.398490458028391,538749,001,2025-09-02_09h26.02.815,adaptive staircase experiment ,,2025.1.1,None,2025-09-02 09h26.06.444635 +0530,
65,0.5,2.5,71.21863308298634,,71.21215383301023,71.21863308298634,71.71069229202112,71.71069229202112,71.71487579197856,,71.97857233299874,right,2.5,1,1,0.265401832992211,538749,001,2025-09-02_09h26.02.815,adaptive staircase experiment ,,2025.1.1,None,2025-09-02 09h26.06.444635 +0530,
66,0.5,2.5,71.98542104201624,,71.97891195799457,71.98542104201624,72.47742270800518,72.47742270800518,72.48117074999027,72.7656753329793,72.92852383299032,right,2.5,1,1,0.44770566700026393,538749,001,2025-09-02_09h26.02.815,adaptive staircase experiment ,,2025.1.1,None,2025-09-02 09h26.06.444635 +0530,
67,0.5,2.0,72.93288387497887,,72.92883479199372,72.93288387497887,73.42743970802985,73.42743970802985,73.43229750002502,73.71532920800382,74.04972116701538,right,2.0,1,1,0.6185495000099763,538749,001,2025-09-02_09h26.02.815,adaptive staircase experiment ,,2025.1.1,None,2025-09-02 09h26.06.444635 +0530,
68,0.5,2.0,74.06072212499566,,74.0500433749985,74.06072212499566,74.54859808302717,74.54859808302717,74.54859808302717,74.84385920799104,75.12874304200523,left,-2.0,1,1,0.567307792021893,538749,001,2025-09-02_09h26.02.815,adaptive staircase experiment ,,2025.1.1,None,2025-09-02 09h26.06.444635 +0530,
69,0.5,2.0,75.1364336250117,,75.12901650002459,75.1364336250117,75.62756129202899,75.62756129202899,75.63148799998453,75.91535312501946,76.01200737501495,left,-2.0,1,1,0.3713607499958016,538749,001,2025-09-02_09h26.02.815,adaptive staircase experiment ,,2025.1.1,None,2025-09-02 09h26.06.444635 +0530,
70,0.5,1.5,76.0190959580359,,76.01229500002228,76.0190959580359,76.51089916698402,76.51089916698402,76.51548450003611,76.79854383302154,76.97879633301636,right,1.5,1,1,0.4559952089912258,538749,001,2025-09-02_09h26.02.815,adaptive staircase experiment ,,2025.1.1,None,2025-09-02 09h26.06.444635 +0530,
71,0.5,1.5,76.98556450003525,,76.9790895000333,76.98556450003525,77.47759012499591,77.47759012499591,77.48199916700833,77.76573204202577,77.94545558298705,right,1.5,1,1,0.4665051669580862,538749,001,2025-09-02_09h26.02.815,adaptive staircase experiment ,,2025.1.1,None,2025-09-02 09h26.06.444635 +0530,
72,0.5,1.5,77.95198441698449,,77.94572975003393,77.95198441698449,78.44425624998985,78.44425624998985,78.44804300001124,78.73215179203544,78.8621172499843,left,-1.5,1,1,0.4047046260093339,538749,001,2025-09-02_09h26.02.815,adaptive staircase experiment ,,2025.1.1,None,2025-09-02 09h26.06.444635 +0530,
73,0.5,1.0,78.86880579200806,,78.86242625000887,78.86880579200806,79.36115412501385,79.36115412501385,79.36554958298802,79.64782270800788,79.8955261670053,right,1.0,1,1,0.5238400420057587,538749,001,2025-09-02_09h26.02.815,adaptive staircase experiment ,,2025.1.1,None,2025-09-02 09h26.06.444635 +0530,
74,0.5,1.0,79.90152250003302,,79.89580774999922,79.90152250003302,80.39392041700194,80.39392041700194,80.39829979202477,80.68118912499631,80.86529575003078,left,-1.0,0,0,0.4700557920150459,538749,001,2025-09-02_09h26.02.815,adaptive staircase experiment ,,2025.1.1,None,2025-09-02 09h26.06.444635 +0530,
75,0.5,1.5,80.87712079199264,,80.86544966703514,80.87712079199264,81.36073495802702,81.36073495802702,81.36482979200082,81.64845791703556,82.19581437500892,left,-1.5,1,1,0.8277381670195609,538749,001,2025-09-02_09h26.02.815,adaptive staircase experiment ,,2025.1.1,None,2025-09-02 09h26.06.444635 +0530,
76,0.5,1.5,82.2029917500331,,82.19610066700261,82.2029917500331,82.69448795798235,82.69448795798235,82.69822954200208,82.982060291979,83.19992458302295,left,-1.5,1,1,0.5025440829922445,538749,001,2025-09-02_09h26.02.815,adaptive staircase experiment ,,2025.1.1,None,2025-09-02 09h26.06.444635 +0530,
77,0.5,1.5,83.21110004198272,,83.20021412498318,83.21110004198272,83.6984702500049,83.6984702500049,83.6984702500049,83.99472412501927,84.47922358301003,right,1.5,1,1,0.7728391669807024,538749,001,2025-09-02_09h26.02.815,adaptive staircase experiment ,,2025.1.1,None,2025-09-02 09h26.06.444635 +0530,
78,0.5,1.0,84.4866744169849,,84.47953541699098,84.4866744169849,84.97766058298294,84.97766058298294,84.98248266702285,85.2658878749935,85.4959024169948,left,-1.0,1,1,0.5156880000140518,538749,001,2025-09-02_09h26.02.815,adaptive staircase experiment ,,2025.1.1,None,2025-09-02 09h26.06.444635 +0530,
79,0.5,1.0,85.50263916701078,,85.49623912503012,85.50263916701078,85.99434091697913,85.99434091697913,85.99910449999152,86.2821117080166,86.63368908298435,right,1.0,1,1,0.635786917002406,538749,001,2025-09-02_09h26.02.815,adaptive staircase experiment ,,2025.1.1,None,2025-09-02 09h26.06.444635 +0530,
80,0.5,1.0,86.64455033303238,,86.63398062501801,86.64455033303238,87.13203899998916,87.13203899998916,87.13203899998916,87.42799062503036,87.84581587498542,right,1.0,1,1,0.7105665000271983,538749,001,2025-09-02_09h26.02.815,adaptive staircase experiment ,,2025.1.1,None,2025-09-02 09h26.06.444635 +0530,
81,0.5,1.0,87.85284816700732,,87.84613608301152,87.85284816700732,88.34472529200139,88.34472529200139,88.34886379202362,88.6320359579986,88.8957711670082,right,1.0,1,1,0.5496159999747761,538749,001,2025-09-02_09h26.02.815,adaptive staircase experiment ,,2025.1.1,None,2025-09-02 09h26.06.444635 +0530,
82,0.5,1.0,88.90289000002667,,88.89606704202015,88.90289000002667,89.38365600001998,89.38365600001998,89.39942720800173,89.68171675002668,89.91286745801335,left,-1.0,1,1,0.5208914170507342,538749,001,2025-09-02_09h26.02.815,adaptive staircase experiment ,,2025.1.1,None,2025-09-02 09h26.06.444635 +0530,
83,0.5,1.0,89.92000350001035,,89.91313904197887,89.92000350001035,90.41137749998597,90.41137749998597,90.4154612920247,90.69892212498235,90.95026574999793,right,1.0,1,1,0.5368220829986967,538749,001,2025-09-02_09h26.02.815,adaptive staircase experiment ,,2025.1.1,None,2025-09-02 09h26.06.444635 +0530,
84,0.5,1.0,90.96133879199624,,90.95052070799284,90.96133879199624,91.44478341698414,91.44478341698414,91.44849537499249,91.73230670799967,91.82920904201455,right,1.0,0,0,0.37678183399839327,538749,001,2025-09-02_09h26.02.815,adaptive staircase experiment ,,2025.1.1,None,2025-09-02 09h26.06.444635 +0530,
85,0.5,1.5,91.83643912500702,,91.82950170797994,91.83643912500702,92.32812716701301,92.32812716701301,92.3328259169939,92.61570974998176,92.63314183300827,right,1.5,1,1,0.30308612604858354,538749,001,2025-09-02_09h26.02.815,adaptive staircase experiment ,,2025.1.1,None,2025-09-02 09h26.06.444635 +0530,
86,0.5,1.5,92.64474875002634,,92.63336783298291,92.64474875002634,93.12816220801324,93.12816220801324,93.13231466698926,93.41532137501054,93.54601170797832,left,-1.5,1,1,0.4145215839962475,538749,001,2025-09-02_09h26.02.815,adaptive staircase experiment ,,2025.1.1,None,2025-09-02 09h26.06.444635 +0530,
87,0.5,1.5,93.55284883303102,,93.54634050000459,93.55284883303102,94.04483612498734,94.04483612498734,94.04883095802506,94.3329594170209,94.51292775000911,left,-1.5,1,1,0.4574259590008296,538749,001,2025-09-02_09h26.02.815,adaptive staircase experiment ,,2025.1.1,None,2025-09-02 09h26.06.444635 +0530,
88,0.5,1.0,94.52024916699156,,94.51323879201664,94.52024916699156,95.01150687498739,95.01150687498739,95.01589516701642,95.2999546250212,95.52948804199696,right,1.0,1,1,0.5121477089705877,538749,001,2025-09-02_09h26.02.815,adaptive staircase experiment ,,2025.1.1,None,2025-09-02 09h26.06.444635 +0530,
89,0.5,1.0,95.53699816699373,,95.52974179200828,95.53699816699373,96.02820508298464,96.02820508298464,96.0322021250031,96.3160705830087,96.9130325000151,left,-1.0,0,0,0.883296457992401,538749,001,2025-09-02_09h26.02.815,adaptive staircase experiment ,,2025.1.1,None,2025-09-02 09h26.06.444635 +0530,
90,0.5,1.5,96.917740667006,,96.91334949998418,96.917740667006,97.41160558297997,97.41160558297997,97.41554966702824,97.69909295800608,97.76298679201864,right,1.5,0,0,0.34610658296151087,538749,001,2025-09-02_09h26.02.815,adaptive staircase experiment ,,2025.1.1,None,2025-09-02 09h26.06.444635 +0530,
91,0.5,2.0,97.77038108301349,,97.7632701669936,97.77038108301349,98.26169745798688,98.26169745798688,98.26549958297983,98.54847916698782,98.82954058301402,right,2.0,1,1,0.5659709590254351,538749,001,2025-09-02_09h26.02.815,adaptive staircase experiment ,,2025.1.1,None,2025-09-02 09h26.06.444635 +0530,
92,0.5,2.0,98.8358148750267,,98.82990479201544,98.8358148750267,99.32862987503177,99.32862987503177,99.33380700001726,99.6160699580214,99.74626941699535,left,-2.0,1,1,0.4131797510199249,538749,001,2025-09-02_09h26.02.815,adaptive staircase experiment ,,2025.1.1,None,2025-09-02 09h26.06.444635 +0530,
93,0.5,2.0,99.7531906249933,,99.74658450001152,99.7531906249933,100.2450796670164,100.2450796670164,100.24898016703082,100.53306062502088,100.59649195801467,left,-2.0,1,1,0.3413713749614544,538749,001,2025-09-02_09h26.02.815,adaptive staircase experiment ,,2025.1.1,None,2025-09-02 09h26.06.444635 +0530,
94,0.5,1.5,100.6035564999911,,100.59679762501037,100.6035564999911,101.0951935420162,101.0951935420162,101.099933666992,101.38401450001402,101.54629916703561,left,-1.5,1,1,0.4435882499674335,538749,001,2025-09-02_09h26.02.815,adaptive staircase experiment ,,2025.1.1,None,2025-09-02 09h26.06.444635 +0530,
95,0.5,1.5,101.55283541698009,,101.54659391700989,101.55283541698009,102.04512037499808,102.04512037499808,102.04884808300994,,102.21318754198728,right,1.5,1,1,0.16372904198942706,538749,001,2025-09-02_09h26.02.815,adaptive staircase experiment ,,2025.1.1,None,2025-09-02 09h26.06.444635 +0530,
96,0.5,1.5,102.22053920803592,,102.2134635830298,102.22053920803592,102.71181066700956,102.71181066700956,102.71554883301724,103.00009450002108,103.2132482919842,right,1.5,1,1,0.48962220904650167,538749,001,2025-09-02_09h26.02.815,adaptive staircase experiment ,,2025.1.1,None,2025-09-02 09h26.06.444635 +0530,
97,0.5,1.0,103.2202603329788,,103.21354662498925,103.2202603329788,103.71186308300821,103.71186308300821,103.71563874999993,103.99947295803577,104.21316766698146,right,1.0,1,1,0.49180370901012793,538749,001,2025-09-02_09h26.02.815,adaptive staircase experiment ,,2025.1.1,None,2025-09-02 09h26.06.444635 +0530,
98,0.5,1.0,104.22038912499556,,104.21344279201003,104.22038912499556,104.7119096670067,104.7119096670067,104.7161015830352,104.9999438750092,105.04767350002658,left,-1.0,0,0,0.3216279170010239,538749,001,2025-09-02_09h26.02.815,adaptive staircase experiment ,,2025.1.1,None,2025-09-02 09h26.06.444635 +0530,
99,0.5,1.5,105.05433670798084,,105.0479954170296,105.05433670798084,105.54530100000557,105.54530100000557,105.54984462499851,105.83572179201292,105.82981974998256,right,1.5,0,0,0.2753524170257151,538749,001,2025-09-02_09h26.02.815,adaptive staircase experiment ,,2025.1.1,None,2025-09-02 09h26.06.444635 +0530,
